"student_code","id","user_id","admission_id","file_id","original_name","name_file","gg_file_id","gg_folder_id","stt_file","mime_type","size","status","notes","created_at","updated_at"
AUS10743,190,826,743,1,IMG_0923.jpeg,id_card_front_826_0.jpeg,"19-kY2rN3rKXsUAq2lraoUKlUJhrHF8j7","1CIs6wPJoCe0fkTitZReP_IoS88tQylDV",0,image/jpeg,362636,active,,"2025-06-21 15:46:46","2025-06-21 15:46:46"
AUS10743,191,826,743,2,IMG_0924.jpeg,id_card_back_826_0.jpeg,"1ZxO53FgUqN1GWXiimpPjZwep8byfZi5k","1CIs6wPJoCe0fkTitZReP_IoS88tQylDV",0,image/jpeg,403346,active,,"2025-06-21 15:47:07","2025-06-21 15:47:07"
AUS10743,192,826,743,3,"395f066ab12e81dbd393aefa29490eae.jpeg",transcript_826_0.jpeg,"1uKLMMTq6B_IwRz54gYOAl6F_71p79Mvm","1CIs6wPJoCe0fkTitZReP_IoS88tQylDV",0,image/jpeg,297844,active,,"2025-06-21 15:47:51","2025-06-21 15:47:51"
AUS10687,522,769,687,1,hình hùng 1.jpg,id_card_front_769_0.jpg,"1f3Z6RR8kzlR4ckN_KdVoP0qd_6Ue1yEf","1HqXxVWz6icObg5Sglw031oqa-FbAB65g",0,image/jpeg,166038,active,,"2025-06-28 10:48:30","2025-06-28 10:48:30"
AUS10687,524,769,687,2,hinh hung 2.jpg,id_card_back_769_0.jpg,"1bFTC-VmqpJNgMgYBr7s9Qp73fljp3alx","1HqXxVWz6icObg5Sglw031oqa-FbAB65g",0,image/jpeg,134125,active,,"2025-06-28 12:17:53","2025-06-28 12:17:53"
AUS10687,525,769,687,3,học bạ 1.jpg,transcript_769_0.jpg,"1OORnaE0-v4rUDn2UehYoMSRAOO8IfgEX","1HqXxVWz6icObg5Sglw031oqa-FbAB65g",0,image/jpeg,54009,active,,"2025-06-28 12:18:18","2025-06-28 12:18:18"
AUS10687,526,769,687,3,học bạ 2.jpg,transcript_769_1.jpg,"1NINd2yjLVJbIgLog-OI79GcVEY6Tbo7o","1HqXxVWz6icObg5Sglw031oqa-FbAB65g",1,image/jpeg,107957,active,,"2025-06-28 12:18:33","2025-06-28 12:18:33"
AUS10687,527,769,687,3,học bạ 3.jpg,transcript_769_2.jpg,"15Qd-X49g4xeDwRZ1xiHN590a1N0naSps","1HqXxVWz6icObg5Sglw031oqa-FbAB65g",2,image/jpeg,98172,active,,"2025-06-28 12:18:46","2025-06-28 12:18:46"
AUS16135,959,6316,6135,1,image.jpg,id_card_front_6316_0.jpg,"1CBrRcUGIzfHaFynqbobpHQsyPs_uMBHt","1IzNSf2kXd2bmVUxixKkdrYHi8FpJwIG9",0,image/jpeg,294591,active,,"2025-07-07 02:27:32","2025-07-07 02:27:32"
AUS16135,960,6316,6135,2,image.jpg,id_card_back_6316_0.jpg,"1GLjXnOG76HGCA9gMMZIZzgDGvOmui8wB","1IzNSf2kXd2bmVUxixKkdrYHi8FpJwIG9",0,image/jpeg,297228,active,,"2025-07-07 02:27:49","2025-07-07 02:27:49"
AUS16135,961,6316,6135,3,image.jpg,transcript_6316_0.jpg,"194IJnfdIizvAHGilmAqpoQ9CWaWK2HTR","1IzNSf2kXd2bmVUxixKkdrYHi8FpJwIG9",0,image/jpeg,294448,active,,"2025-07-07 02:28:07","2025-07-07 02:28:07"
AUS16135,962,6316,6135,4,image.jpg,english_certificate_6316_0.jpg,"1ZX9z9uMnP4iKOp51Yc8MuB3hhgPMbTFf","1IzNSf2kXd2bmVUxixKkdrYHi8FpJwIG9",0,image/jpeg,344803,active,,"2025-07-07 02:30:00","2025-07-07 02:30:00"
AUH16143,979,6326,6143,1,JPEG_20250707_102003_5386151387350924149.jpg,id_card_front_6326_0.jpg,"1PWtT0c8q-O9zV-9BgPzpgUSPBxLCm7dH","1KLWT_pAGcChFWbhODwX8W3iaq-2gA10w",0,image/jpeg,77762,active,,"2025-07-07 03:20:25","2025-07-07 03:20:25"
AUH16143,980,6326,6143,2,JPEG_20250707_102029_1349499516924016038.jpg,id_card_back_6326_0.jpg,"104ZWsvm5qFwI7XEWmS5U4E-jjIMyuXYs","1KLWT_pAGcChFWbhODwX8W3iaq-2gA10w",0,image/jpeg,56828,active,,"2025-07-07 03:20:43","2025-07-07 03:20:43"
AUH16143,982,6326,6143,3,JPEG_20250707_102053_7875516127723772887.jpg,transcript_6326_0.jpg,"1D3p0cHOdKW4xpxihvYwMlIh5xSIg6p72","1KLWT_pAGcChFWbhODwX8W3iaq-2gA10w",0,image/jpeg,130478,active,,"2025-07-07 03:21:49","2025-07-07 03:21:49"
AUH16143,991,6326,6143,2,JPEG_20250707_125753_2247358093236413592.jpg,id_card_back_6326_1.jpg,"1z92Q5oT29fe1J-Z9GRv8Ay70VyhzrDll","1KLWT_pAGcChFWbhODwX8W3iaq-2gA10w",1,image/jpeg,89527,active,,"2025-07-07 05:58:09","2025-07-07 05:58:09"
AUS16189,992,6376,6189,1,cccd01.jpg,id_card_front_6376_0.jpg,"1acCVxBx1s-RxxCX7oouowpocwEJUuUP8","1nw8Hd4rXnwUEAPviaxIrTOSdAqcsuNF5",0,image/jpeg,163783,active,,"2025-07-07 06:22:00","2025-07-07 06:22:00"
AUS16189,993,6376,6189,2,cccd02.jpg,id_card_back_6376_0.jpg,"1qdB8Y6QIz1pfwhQp7dDjJWDd4S7CF6Lh","1nw8Hd4rXnwUEAPviaxIrTOSdAqcsuNF5",0,image/jpeg,204237,active,,"2025-07-07 06:22:10","2025-07-07 06:22:10"
AUS16189,994,6376,6189,3,hb12.jpg,transcript_6376_0.jpg,"13DtJh0vGHHIPlPgJvQWVp_qhsMi_89zm","1nw8Hd4rXnwUEAPviaxIrTOSdAqcsuNF5",0,image/jpeg,58338,active,,"2025-07-07 06:23:06","2025-07-07 06:23:06"
AUS16189,995,6376,6189,5,VSTEP.jpg,other_achievements_6376_0.jpg,"1NG8_izAqMAhTB32E2hW8d6xXv0r14m67","1nw8Hd4rXnwUEAPviaxIrTOSdAqcsuNF5",0,image/jpeg,129428,active,,"2025-07-07 06:23:32","2025-07-07 06:23:32"
AUS16189,996,6376,6189,4,IL5.0.jpg,english_certificate_6376_0.jpg,"1K06Y0iIVAJoupNXKISXjLdBB5WOVLol5","1nw8Hd4rXnwUEAPviaxIrTOSdAqcsuNF5",0,image/jpeg,172646,active,,"2025-07-07 06:25:28","2025-07-07 06:25:28"
AUS16353,1029,6545,6353,1,JPEG_20250708_125014_8652437844423410644.jpg,id_card_front_6545_0.jpg,"1gs5CxwcSWedhzmWqcyWtAuiPLQR93Glo","1Y_CaWnIqtKjAilcpZ2Ef1QUpUVYAwInr",0,image/jpeg,83978,active,,"2025-07-08 05:50:41","2025-07-08 05:50:41"
AUS16353,1030,6545,6353,2,JPEG_20250708_125053_8266680423731507959.jpg,id_card_back_6545_0.jpg,"18-7go5IHZThyoOoVONmzvi7WHSEu94mN","1Y_CaWnIqtKjAilcpZ2Ef1QUpUVYAwInr",0,image/jpeg,85059,active,,"2025-07-08 05:51:46","2025-07-08 05:51:46"
AUS16353,1031,6545,6353,3,IMG_20250708_121409.jpg,transcript_6545_0.jpg,"1x_34UzawXWBtFdvat5VyQkSgqKByL4_g","1Y_CaWnIqtKjAilcpZ2Ef1QUpUVYAwInr",0,image/jpeg,5366,active,,"2025-07-08 05:52:14","2025-07-08 05:52:14"
AUS16403,1048,6595,6403,1,image.jpg,id_card_front_6595_0.jpg,"1mFaSFrRMu98M0qJTdmNXHCGVhQv6fTNz","1vMFA-EQK0OlVTrTwQoKiihLkhbF-oxLh",0,image/jpeg,288023,active,,"2025-07-08 08:23:53","2025-07-08 08:23:53"
AUS16403,1049,6595,6403,1,IMG_8028.jpeg,id_card_front_6595_1.jpeg,"1D84NSH7PRkqkD3ZdJ4gQjjREVIP_uAmx","1vMFA-EQK0OlVTrTwQoKiihLkhbF-oxLh",1,image/jpeg,233568,active,,"2025-07-08 08:24:55","2025-07-08 08:24:55"
AUS16403,1050,6595,6403,2,IMG_8029.jpeg,id_card_back_6595_0.jpeg,"1L6ldH6Wh7MvzFLEeC-HaOWyMHDUjSM2N","1vMFA-EQK0OlVTrTwQoKiihLkhbF-oxLh",0,image/jpeg,258375,active,,"2025-07-08 08:25:23","2025-07-08 08:25:23"
AUS16403,1051,6595,6403,3,IMG_8027.jpeg,transcript_6595_0.jpeg,"17h8AmY4_SRkHjLPqxq_4_AEJB-Q3coi5","1vMFA-EQK0OlVTrTwQoKiihLkhbF-oxLh",0,image/jpeg,231291,active,,"2025-07-08 08:25:36","2025-07-08 08:25:36"
AUS16403,1052,6595,6403,4,IMG_8030.jpeg,english_certificate_6595_0.jpeg,"10H9P_Gf3-1bRn9_bE5NmM9ITCw__WFHV","1vMFA-EQK0OlVTrTwQoKiihLkhbF-oxLh",0,image/jpeg,259627,active,,"2025-07-08 08:29:14","2025-07-08 08:29:14"
AUH15681,1053,5838,5681,1,IMG_0726.jpeg,id_card_front_5838_0.jpeg,"19-djgkfvdktBGUj8z0P_jPHWs1vAPAsX","1ido71eCoYcFp0zzhEw1iwNYD-ZikiAYO",0,image/jpeg,186827,active,,"2025-07-08 08:49:02","2025-07-08 08:49:02"
AUH15681,1054,5838,5681,2,IMG_0728.jpeg,id_card_back_5838_0.jpeg,"16wi9vpC0YtXfJS_bHp1Ch5tvM9Uotg34","1ido71eCoYcFp0zzhEw1iwNYD-ZikiAYO",0,image/jpeg,280585,active,,"2025-07-08 08:49:34","2025-07-08 08:49:34"
AUH15681,1055,5838,5681,3,HỌC BẠ.pdf,transcript_5838_0.pdf,"14GBAuKjE6ilAgO40pCpgkHjegcRLiahj","1ido71eCoYcFp0zzhEw1iwNYD-ZikiAYO",0,application/pdf,758485,active,,"2025-07-08 08:50:17","2025-07-08 08:50:17"
AUH15681,1056,5838,5681,4,Test Report Form.pdf,english_certificate_5838_0.pdf,"1ISTrDZUrtfo8A4P_tBqCCxdOjJ7iUzzY","1ido71eCoYcFp0zzhEw1iwNYD-ZikiAYO",0,application/pdf,608031,active,,"2025-07-08 08:51:00","2025-07-08 08:51:00"
AUH16649,1087,6842,6649,1,CCCC mt.jpg,id_card_front_6842_0.jpg,"1SdIoJml4eXRPm63rigWRcrPQqTF2rS0u","1vyloO8yzSkHxxNcSAEyKB5QXXzeBzW-P",0,image/jpeg,105825,active,,"2025-07-09 01:33:43","2025-07-09 01:33:43"
AUH16649,1088,6842,6649,2,CCCD ms.jpg,id_card_back_6842_0.jpg,"1lXbTygnY9mfF7wk7roz1cUCRoMDIcAN6","1vyloO8yzSkHxxNcSAEyKB5QXXzeBzW-P",0,image/jpeg,149451,active,,"2025-07-09 01:33:48","2025-07-09 01:33:48"
AUH16649,1090,6842,6649,3,lop 12.jpg,transcript_6842_0.jpg,"1KpfRYyZelzJx6pgEMGIRI3ITMNmr_kr_","1vyloO8yzSkHxxNcSAEyKB5QXXzeBzW-P",0,image/jpeg,134006,active,,"2025-07-09 01:35:07","2025-07-09 01:35:07"
AUH16649,1091,6842,6649,3,Lop 11.jpg,transcript_6842_1.jpg,"108-ZgY756V8KchYfjKkeJW7_IJqDvJm3","1vyloO8yzSkHxxNcSAEyKB5QXXzeBzW-P",1,image/jpeg,143797,active,,"2025-07-09 01:35:16","2025-07-09 01:35:16"
AUH16649,1092,6842,6649,3,lop 10.jpg,transcript_6842_2.jpg,"19-rUCxRjmmBiVhw7qbpWT8er2nSpj9hj","1vyloO8yzSkHxxNcSAEyKB5QXXzeBzW-P",2,image/jpeg,145496,active,,"2025-07-09 01:35:24","2025-07-09 01:35:24"
AUH16667,1100,6859,6667,1,CCCD - Trần Việt Cường - 1.jpg,id_card_front_6859_0.jpg,"1SdN09u3h0ETYuhJUcTlNn_J4UGdI4SpV","13uHxd5QA6c6V7FW81JWKB_O3IHRzHLYZ",0,image/jpeg,116152,active,,"2025-07-09 03:41:18","2025-07-09 03:41:18"
AUH16667,1101,6859,6667,2,CCCD - Trần Việt Cường - 2.jpg,id_card_back_6859_0.jpg,"1CIWhzxdshWbik5tiuTYaN_IL8ydGpWUQ","13uHxd5QA6c6V7FW81JWKB_O3IHRzHLYZ",0,image/jpeg,175233,active,,"2025-07-09 03:41:46","2025-07-09 03:41:46"
AUH16667,1102,6859,6667,3,Học bạ - Trần Việt Cường.pdf,transcript_6859_0.pdf,"1iWeWhja6UqT8JQsJTvCyKPyFTvwpjjv7","13uHxd5QA6c6V7FW81JWKB_O3IHRzHLYZ",0,application/pdf,8253872,active,,"2025-07-09 03:43:39","2025-07-09 03:43:39"
AUH16667,1103,6859,6667,5,Trần Việt Cường - Giải khuyến khích cuộc thi Khoa Học Kỹ Thuật (Lĩnh vực CNTT) - Lớp 8.jpg,other_achievements_6859_0.jpg,"1is3oFlAaTKp89Ix3g7CQxfrl71tWscXG","13uHxd5QA6c6V7FW81JWKB_O3IHRzHLYZ",0,image/jpeg,117594,active,,"2025-07-09 04:00:38","2025-07-09 04:00:38"
AUH16667,1104,6859,6667,5,Trần Việt Cường - Giải khuyến khích cuộc thi Khoa Học Kỹ Thuật (Lĩnh vực Vật lý) - Lớp 9.jpg,other_achievements_6859_1.jpg,"18ybGX79IWALJ9PUFmLFDKiffy0aCDr0q","13uHxd5QA6c6V7FW81JWKB_O3IHRzHLYZ",1,image/jpeg,135885,active,,"2025-07-09 04:00:48","2025-07-09 04:00:48"
AUH16524,1132,6717,6524,1,hm.jfif,id_card_front_6717_0.jfif,"1KWAxQ3ewzl7pxiDFFKeQcC2PJbXJmnKY","1YMvwZlkjLKX31G6LCV6THC64Ce2dJVyM",0,image/jpeg,84128,active,,"2025-07-09 09:18:39","2025-07-09 09:18:39"
AUH16524,1133,6717,6524,2,hmm.jfif,id_card_back_6717_0.jfif,"1t-o8243cf6a-cIgzamzwmqDzuIh-a2G7","1YMvwZlkjLKX31G6LCV6THC64Ce2dJVyM",0,image/jpeg,93578,active,,"2025-07-09 09:18:41","2025-07-09 09:18:41"
AUH16524,1134,6717,6524,3,hmmm.jfif,transcript_6717_0.jfif,"1xITs-Fx35sqWPwv8quwDGQZyePCykevx","1YMvwZlkjLKX31G6LCV6THC64Ce2dJVyM",0,image/jpeg,105297,active,,"2025-07-09 09:20:22","2025-07-09 09:20:22"
AUH16524,1135,6717,6524,4,hmmmm.jfif,english_certificate_6717_0.jfif,"1jtPP6q7nCPu5dd1mMZmaM0xAm1P2ZsyQ","1YMvwZlkjLKX31G6LCV6THC64Ce2dJVyM",0,image/jpeg,114465,active,,"2025-07-09 09:20:26","2025-07-09 09:20:26"
AUS16804,1163,7000,6804,4,"2025-06-20_223114.png",english_certificate_7000_0.png,"1gl3ymv1FR_3vNi9OgXEUpiwbSqT10Jiw","1_Aqz-YbGXQotAC8DwnVDjEC-lWR25zqG",0,image/png,264948,active,,"2025-07-10 03:25:17","2025-07-10 03:25:17"
AUS16804,1164,7000,6804,2,z6789685063958_379f28f6fda33e33491ad30205a9ed72.jpg,id_card_back_7000_0.jpg,"1Gv1qBMecILuRRa0JihnOEg-c1QLUDfEK","1_Aqz-YbGXQotAC8DwnVDjEC-lWR25zqG",0,image/jpeg,142218,active,,"2025-07-10 03:30:06","2025-07-10 03:30:06"
AUS16804,1166,7000,6804,1,z6789685104603_c264a7f88a06c1a5d359d18bb1a93637.jpg,id_card_front_7000_0.jpg,"1LssRLa3lfB0Mybh0JUQvba6rUQhQlw_0","1_Aqz-YbGXQotAC8DwnVDjEC-lWR25zqG",0,image/jpeg,112046,active,,"2025-07-10 03:40:24","2025-07-10 03:40:24"
AUS14892,1231,5020,4892,1,z6045463742286_81eb6c98d7f2a945d732413892178092.jpg,id_card_front_5020_0.jpg,"19P9rOeygsPdD6nu7peMBdNDzWgPXmEVE","16vugfqf9VR_gW7NkEsV84g0mU-t1d0Fu",0,image/jpeg,136220,active,,"2025-07-10 14:15:32","2025-07-10 14:15:32"
AUS14892,1232,5020,4892,2,z6045463749624_2aba9078904911903fe5c3d8705f8589.jpg,id_card_back_5020_0.jpg,"1-lwdSeJKpYo6j7Q0dftk4iE0QsmPYbjO","16vugfqf9VR_gW7NkEsV84g0mU-t1d0Fu",0,image/jpeg,153991,active,,"2025-07-10 14:16:13","2025-07-10 14:16:13"
AUS14892,1233,5020,4892,3,bandiem12a.jpg,transcript_5020_0.jpg,"16wwIpxJ_QSfYgiSyg02bqGfc39TT4EK9","16vugfqf9VR_gW7NkEsV84g0mU-t1d0Fu",0,image/jpeg,121008,active,,"2025-07-10 14:16:56","2025-07-10 14:16:56"
AUS14892,1234,5020,4892,4,ielts7.5.jpg,english_certificate_5020_0.jpg,"1pg3H_g23Vk-u0RGqV6Z49A-VHvK-7oWg","16vugfqf9VR_gW7NkEsV84g0mU-t1d0Fu",0,image/jpeg,151946,active,,"2025-07-10 14:17:40","2025-07-10 14:17:40"
AUS14892,1235,5020,4892,5,pmi-fmit.jpg,other_achievements_5020_0.jpg,"1Es1dC9eWUhFq8FTOeSO8m8oDCpct8U3o","16vugfqf9VR_gW7NkEsV84g0mU-t1d0Fu",0,image/jpeg,103567,active,,"2025-07-10 14:19:02","2025-07-10 14:19:02"
AUS17214,1287,7417,7214,1,"17522224408024184001127937670864.jpg",id_card_front_7417_0.jpg,"1IRKn3i49Wp2B4PokdULwPBqUi-02AUlT","16UsKg6dfgS_T8f5NaTD6qp62L9dlzCE8",0,image/jpeg,163839,active,,"2025-07-11 08:27:49","2025-07-11 08:27:49"
AUS17214,1288,7417,7214,2,"17522224686118584494483371618626.jpg",id_card_back_7417_0.jpg,"1jDL9jFpZMV5N4aBpsVtu_B-lnOU3lHMe","16UsKg6dfgS_T8f5NaTD6qp62L9dlzCE8",0,image/jpeg,164370,active,,"2025-07-11 08:28:11","2025-07-11 08:28:11"
AUH17034,1309,7234,7034,1,CCCD_truoc.jpg,id_card_front_7234_0.jpg,"1iMvVw_mRk007Fush3H5HZagoVgmfpuku","1czGr60_fU1YoMCljrd_d0zKiIIUnVgzE",0,image/jpeg,95890,active,,"2025-07-12 03:31:55","2025-07-12 03:31:55"
AUH17034,1310,7234,7034,2,CCCD_Sau.jpg,id_card_back_7234_0.jpg,"1v1uwT3B7MK_p5GBkEu4LWmOEzM5xopk-","1czGr60_fU1YoMCljrd_d0zKiIIUnVgzE",0,image/jpeg,117820,active,,"2025-07-12 03:32:38","2025-07-12 03:32:38"
AUH17034,1311,7234,7034,4,ielts.jpg,english_certificate_7234_0.jpg,"1ciMbs7mhbUcUGA_NNXTeHMkdACtHy31X","1czGr60_fU1YoMCljrd_d0zKiIIUnVgzE",0,image/jpeg,190843,active,,"2025-07-12 03:36:07","2025-07-12 03:36:07"
AUS17546,1362,7755,7546,1,z6796631549201_2fdefe1de0cd1a874301978557728c85.jpg,id_card_front_7755_0.jpg,"1AjdxurmVU6WjHhGhbkbW0MAw7xFM5HAf","1kmuNw05znIqvaxfg-jWabjTpEmoEA6Vq",0,image/jpeg,67614,active,,"2025-07-13 11:49:04","2025-07-13 11:49:04"
AUS17546,1363,7755,7546,2,z6796631541526_17979e2226b0e39f2c7df746eaf71d2f.jpg,id_card_back_7755_0.jpg,"1h88B1MLkPFFVFzK0jHLmQ1g_cFMqSDt4","1kmuNw05znIqvaxfg-jWabjTpEmoEA6Vq",0,image/jpeg,90968,active,,"2025-07-13 11:49:05","2025-07-13 11:49:05"
AUS17546,1364,7755,7546,4,scan ielts.pdf,english_certificate_7755_0.pdf,"1jm6X-9ZqOSfnLN39-Z73WffO5L6tM2Xy","1kmuNw05znIqvaxfg-jWabjTpEmoEA6Vq",0,application/pdf,1424825,active,,"2025-07-13 11:49:23","2025-07-13 11:49:23"
AUS17546,1365,7755,7546,3,"516501336_24520894864160886_6424775270924832354_n.jpg",transcript_7755_0.jpg,"1qVad9ssu9A6N5aTu2wY1my2VUcng2OgU","1kmuNw05znIqvaxfg-jWabjTpEmoEA6Vq",0,image/jpeg,72420,active,,"2025-07-13 11:53:35","2025-07-13 11:53:35"
AUS17546,1366,7755,7546,3,"518406104_1776571379918823_6558799478374437784_n.jpg",transcript_7755_0.jpg,"1_Sr53gxbZFYHTnEg0nWLZnNb4sAbV482","1kmuNw05znIqvaxfg-jWabjTpEmoEA6Vq",0,image/jpeg,70164,active,,"2025-07-13 11:53:38","2025-07-13 11:53:38"
AUS17546,1367,7755,7546,3,"518254451_1861868304546263_3711200440814487712_n.jpg",transcript_7755_1.jpg,"1mkfrYhnm4j0cpuIhZh6teXkAhxoomJTW","1kmuNw05znIqvaxfg-jWabjTpEmoEA6Vq",1,image/jpeg,144020,active,,"2025-07-13 11:53:46","2025-07-13 11:53:46"
AUS17546,1368,7755,7546,5,z6796603557724_f84ee99cd34d8b7a08e706d9ae257abc.jpg,other_achievements_7755_0.jpg,"1XXSuXh5hzzGVnQ4GGAL1AqwvbphcVo1b","1kmuNw05znIqvaxfg-jWabjTpEmoEA6Vq",0,image/jpeg,103534,active,,"2025-07-13 11:56:02","2025-07-13 11:56:02"
AUS12899,1399,2998,2899,1,CCCD_MT.jpg,id_card_front_2998_0.jpg,"1P45sCLcyC7v49ao2VA2xOkHVZQV2rBGY","1-ffqPhQHIOJI5FhQzuQE8yQFOkHg2mw8",0,image/jpeg,102334,active,,"2025-07-14 08:51:49","2025-07-14 08:51:49"
AUS12899,1400,2998,2899,2,CCCD_MS.jpg,id_card_back_2998_0.jpg,"11UcyBvDQbuIwfiv660nnU5m9D6XR5ehj","1-ffqPhQHIOJI5FhQzuQE8yQFOkHg2mw8",0,image/jpeg,110715,active,,"2025-07-14 08:51:51","2025-07-14 08:51:51"
AUS12899,1401,2998,2899,4,IELTS_Minh Trung 2024.jpg,english_certificate_2998_0.jpg,"1aEDa6eQLIIzgxF9YSy4nOBi4MeKKJUzI","1-ffqPhQHIOJI5FhQzuQE8yQFOkHg2mw8",0,image/jpeg,122147,active,,"2025-07-14 08:52:03","2025-07-14 08:52:03"
AUS12899,1405,2998,2899,3,Lop 12D1_P1.jpg,transcript_2998_0.jpg,"12BgEUgi_dozXwhq_qQikMFPbG428DXiT","1-ffqPhQHIOJI5FhQzuQE8yQFOkHg2mw8",0,image/jpeg,93169,active,,"2025-07-14 08:56:36","2025-07-14 08:56:36"
AUS12899,1406,2998,2899,5,IOE.jpg,other_achievements_2998_0.jpg,"1Hhu2ePg_XkF1oL2RUlVzTiQ7N98-z_0K","1-ffqPhQHIOJI5FhQzuQE8yQFOkHg2mw8",0,image/jpeg,170806,active,,"2025-07-14 08:56:50","2025-07-14 08:56:50"
AUS17741,1430,7952,7741,1,tải xuống.jpg,id_card_front_7952_0.jpg,"1pwOZV7O9xd12kZVrd6WCr3VFe4WKOBdf","16htU0zUf2TuBW30r-IZRUR_ucqV0rFwW",0,image/jpeg,134390,active,,"2025-07-14 14:58:32","2025-07-14 14:58:32"
AUS17741,1431,7952,7741,2,tải xuống (1).jpg,id_card_back_7952_0.jpg,"1VvWCz9X1kmrDcmdzW0mHJyxoupi2hFxZ","16htU0zUf2TuBW30r-IZRUR_ucqV0rFwW",0,image/jpeg,146906,active,,"2025-07-14 14:58:39","2025-07-14 14:58:39"
AUS17741,1432,7952,7741,4,z6804735366710_de3bc42ec1c150b2d16eb756057aa48b.jpg,english_certificate_7952_0.jpg,"14JlfMFpqHpIghFchGp1Ij8w3MvHvEkPM","16htU0zUf2TuBW30r-IZRUR_ucqV0rFwW",0,image/jpeg,139660,active,,"2025-07-14 15:01:45","2025-07-14 15:01:45"
AUS17741,1435,7952,7741,3,z6665549828514_6bcbebb2bcade4247cc20c45b277d3d4.jpg,transcript_7952_0.jpg,"12oDlviY-xPJfhrvdN4xCLmMhWFxr0MXl","16htU0zUf2TuBW30r-IZRUR_ucqV0rFwW",0,image/jpeg,73541,active,,"2025-07-14 15:02:44","2025-07-14 15:02:44"
AUS17741,1436,7952,7741,3,z6665520108659_17d5808bb0b4a2fa65211c52fddce0b3.jpg,transcript_7952_1.jpg,"1uyEw_uvBnBpctkZ3aPORoemfDyuBfi77","16htU0zUf2TuBW30r-IZRUR_ucqV0rFwW",1,image/jpeg,95622,active,,"2025-07-14 15:02:48","2025-07-14 15:02:48"
AUS17741,1437,7952,7741,3,z6665519651248_da0dd0ef816052ad2738abc65994a689.jpg,transcript_7952_1.jpg,"1pCr2XhbFNgXBvCIZKv5JTmLu7uamsg7d","16htU0zUf2TuBW30r-IZRUR_ucqV0rFwW",1,image/jpeg,100194,active,,"2025-07-14 15:02:51","2025-07-14 15:02:51"
AUS17741,1438,7952,7741,3,z6804753166535_42338d5f59a81cf908d9575aaa85d4ea.jpg,transcript_7952_2.jpg,"13sTMh28O8cfsQgXxGYos7nBY6T99n0Sa","16htU0zUf2TuBW30r-IZRUR_ucqV0rFwW",2,image/jpeg,104320,active,,"2025-07-14 15:07:47","2025-07-14 15:07:47"
AUS17741,1439,7952,7741,5,z6804752274652_1689d26b3a9a7e54dd32345415ccd48c.jpg,other_achievements_7952_0.jpg,"1cFDZSEyk9C4j-Hjw_1PqRSAwB82MzcSi","16htU0zUf2TuBW30r-IZRUR_ucqV0rFwW",0,image/jpeg,115384,active,,"2025-07-14 15:07:50","2025-07-14 15:07:50"
AUS17741,1440,7952,7741,5,z6804752501889_e6640d6452b1f9a4915db1b6b7c0bcb3.jpg,other_achievements_7952_0.jpg,"1LjLBRZO51sUl7guLTSb8ZXs1WCiqSxcm","16htU0zUf2TuBW30r-IZRUR_ucqV0rFwW",0,image/jpeg,107083,active,,"2025-07-14 15:07:54","2025-07-14 15:07:54"
AUS17847,1466,8057,7847,1,"20250715_133119.jpg",id_card_front_8057_0.jpg,"1e2G4FlEK8kqYhvyTSjHWlOaY0LnLY_Lm","1CbjvyPwy-a6s6-nPmfKoC2HGR7K7nyNy",0,image/jpeg,192016,active,,"2025-07-15 06:34:08","2025-07-15 06:34:08"
AUS17847,1467,8057,7847,2,"20250715_133126.jpg",id_card_back_8057_0.jpg,"1RD68IzFLY2tr-fcp_sx2OLbmpqrwZWdw","1CbjvyPwy-a6s6-nPmfKoC2HGR7K7nyNy",0,image/jpeg,225829,active,,"2025-07-15 06:34:39","2025-07-15 06:34:39"
AUS17847,1468,8057,7847,3,"20250715_133126.jpg",transcript_8057_0.jpg,"18C8Ic7muY3e-7kMfuMJC70tyRlBWMLMV","1CbjvyPwy-a6s6-nPmfKoC2HGR7K7nyNy",0,image/jpeg,225829,active,,"2025-07-15 06:39:04","2025-07-15 06:39:04"
AUS17847,1469,8057,7847,5,"20250715_134010.jpg",other_achievements_8057_0.jpg,"1BE06jpc2I0ATbcIYQxoddFXBVAf6bOGR","1CbjvyPwy-a6s6-nPmfKoC2HGR7K7nyNy",0,image/jpeg,130894,active,,"2025-07-15 06:40:32","2025-07-15 06:40:32"
AUH17984,1519,8195,7984,1,CCCD trước.jpg,id_card_front_8195_0.jpg,"17myNHwCtrRLed3i6Db6QdfBmRKHSRcCM","1Ue-ZHrse4dyjGeHTslomnorVfMApIHB6",0,image/jpeg,82981,active,,"2025-07-16 01:39:23","2025-07-16 01:39:23"
AUH17984,1520,8195,7984,2,CCCD sau.jpg,id_card_back_8195_0.jpg,"1CHrbEIvWkLdzt3tx7zcFFkFOuuj0kEZJ","1Ue-ZHrse4dyjGeHTslomnorVfMApIHB6",0,image/jpeg,84533,active,,"2025-07-16 01:39:33","2025-07-16 01:39:33"
AUH17984,1521,8195,7984,3,TSA.pdf,transcript_8195_0.pdf,"1L0bjUxT7LNozCSmZpDROnUDL3uoIQ68L","1Ue-ZHrse4dyjGeHTslomnorVfMApIHB6",0,application/pdf,42603,active,,"2025-07-16 01:39:43","2025-07-16 01:39:43"
AUH17984,1522,8195,7984,3,điểm fpt.jpg,transcript_8195_1.jpg,"1o5IDpew8PzY9fT3wTy_hC7UHnh-453j_","1Ue-ZHrse4dyjGeHTslomnorVfMApIHB6",1,image/jpeg,40540,active,,"2025-07-16 01:39:57","2025-07-16 01:39:57"
AUS18096,1645,8325,8096,1,IMG_2873.jpeg,id_card_front_8325_0.jpeg,"1MW_7u1rlUF0fQbupLUs_1K-HMyMC6oPL","1GTLcSwokhCUmySjhbpXowi0UL8Wu1cdA",0,image/jpeg,302022,active,,"2025-07-16 04:54:00","2025-07-16 04:54:00"
AUS18096,1646,8325,8096,2,IMG_2874.jpeg,id_card_back_8325_0.jpeg,"1UCbfT_Fth1nwuZVqdVPoCR-VsskGzw9v","1GTLcSwokhCUmySjhbpXowi0UL8Wu1cdA",0,image/jpeg,360814,active,,"2025-07-16 04:54:03","2025-07-16 04:54:03"
AUS18096,1647,8325,8096,3,IMG_2875.png,transcript_8325_0.png,"1tyAumbLbiyquKODxDZ1wfPKVmHq1o3a5","1GTLcSwokhCUmySjhbpXowi0UL8Wu1cdA",0,image/png,142527,active,,"2025-07-16 04:54:08","2025-07-16 04:54:08"
AUS18146,1714,8382,8146,1,IMG_0626.jpeg,id_card_front_8382_0.jpeg,"1wT6vasLtRhvddLCGdoVuxkcAAO3zR86F","1FfPXabbyDQKyqxqD34ec21senQ1uoHg8",0,image/jpeg,172253,active,,"2025-07-16 07:30:30","2025-07-16 07:30:30"
AUS18146,1715,8382,8146,2,IMG_0627.jpeg,id_card_back_8382_0.jpeg,"1eUOIDQQ452bxyKZLm7uEZ0FV_x9hh__B","1FfPXabbyDQKyqxqD34ec21senQ1uoHg8",0,image/jpeg,239896,active,,"2025-07-16 07:30:37","2025-07-16 07:30:37"
AUS18146,1716,8382,8146,3,IMG_3593.jpeg,transcript_8382_0.jpeg,"12CfSDv_OQ7OipuZyGe6Gg2p1dOgMcbUR","1FfPXabbyDQKyqxqD34ec21senQ1uoHg8",0,image/jpeg,290233,active,,"2025-07-16 07:32:14","2025-07-16 07:32:14"
AUS10781,1726,865,781,2,IMG_20250716_144605.jpg,id_card_back_865_0.jpg,"1zPVrK-IAuhdrVtEHmnWh3fIC2eQUWHvO","1aKeoSRUxwK6yJE4whlGYI-mLj02ywDjl",0,image/jpeg,114525,active,,"2025-07-16 07:48:08","2025-07-16 07:48:08"
AUS10781,1727,865,781,1,IMG_20250716_144507.jpg,id_card_front_865_0.jpg,"1uyQOuyUql2igzqCPhBnpeZBNZ4txNr1p","1aKeoSRUxwK6yJE4whlGYI-mLj02ywDjl",0,image/jpeg,97218,active,,"2025-07-16 07:48:33","2025-07-16 07:48:33"
AUS10781,1733,865,781,3,IMG_20250716_145207.jpg,transcript_865_0.jpg,"1XRUA6PFIi1o5CejLATUCkmNF215crGUw","1aKeoSRUxwK6yJE4whlGYI-mLj02ywDjl",0,image/jpeg,135750,active,,"2025-07-16 07:54:28","2025-07-16 07:54:28"
AUS15440,1807,5581,5440,8,ảnh.jpg,student_photo_5581_0.jpg,"15UbRy2EApgkYJbr3OGv6ibDji9DhOsN5","1h8cakbYHRnNcDaTWXZOa6Fi_0762Zhq6",0,image/jpeg,14124,active,,"2025-07-16 13:21:37","2025-07-16 13:21:37"
AUS15440,1808,5581,5440,3,"10.jpg",transcript_5581_0.jpg,"1ANPJknhm51HfFe2Fo3jNHFXdEYwoxanc","1h8cakbYHRnNcDaTWXZOa6Fi_0762Zhq6",0,image/jpeg,130089,active,,"2025-07-16 13:31:37","2025-07-16 13:31:37"
AUS15440,1809,5581,5440,3,"10a.jpg",transcript_5581_0.jpg,"13jicawpnoMgV75lviFjhx8oTqb5Gkv0k","1h8cakbYHRnNcDaTWXZOa6Fi_0762Zhq6",0,image/jpeg,105311,active,,"2025-07-16 13:31:39","2025-07-16 13:31:39"
AUS15440,1810,5581,5440,3,"11.jpg",transcript_5581_1.jpg,"1UBD5RUIRJF3-jDuEwIWMg4t9jdBnLK0A","1h8cakbYHRnNcDaTWXZOa6Fi_0762Zhq6",1,image/jpeg,134040,active,,"2025-07-16 13:31:42","2025-07-16 13:31:42"
AUS15440,1811,5581,5440,3,"11a.jpg",transcript_5581_1.jpg,"11TogqocKjWag-wKmo8X0USte25nfAbtJ","1h8cakbYHRnNcDaTWXZOa6Fi_0762Zhq6",1,image/jpeg,107072,active,,"2025-07-16 13:31:45","2025-07-16 13:31:45"
AUS15440,1812,5581,5440,3,"12.jpg",transcript_5581_2.jpg,"1Iaqz1ZUWWjqAA1us4vQh_BnNANWUkU_f","1h8cakbYHRnNcDaTWXZOa6Fi_0762Zhq6",2,image/jpeg,134272,active,,"2025-07-16 13:31:48","2025-07-16 13:31:48"
AUS15440,1813,5581,5440,3,"12a.jpg",transcript_5581_2.jpg,"1_H2Z6JsTIWKKvJFUl1Y35e6WuFNdTLGC","1h8cakbYHRnNcDaTWXZOa6Fi_0762Zhq6",2,image/jpeg,112780,active,,"2025-07-16 13:31:51","2025-07-16 13:31:51"
AUS15440,1816,5581,5440,3,"10.jpg",transcript_5581_3.jpg,"1tjXRCm-PRDA7-Fux4FXULr0hXV7I4Mni","1h8cakbYHRnNcDaTWXZOa6Fi_0762Zhq6",3,image/jpeg,130089,active,,"2025-07-16 13:32:28","2025-07-16 13:32:28"
AUS15440,1817,5581,5440,3,"10.jpg",transcript_5581_4.jpg,"1QFfYo9rSJ0UBcUhsvRgBXisPiBLFSrJs","1h8cakbYHRnNcDaTWXZOa6Fi_0762Zhq6",4,image/jpeg,130089,active,,"2025-07-16 13:32:52","2025-07-16 13:32:52"
AUS15440,1818,5581,5440,3,"10a.jpg",transcript_5581_4.jpg,"15K15_3L46R8jCOO5UuFKwPSY0XZdB4Os","1h8cakbYHRnNcDaTWXZOa6Fi_0762Zhq6",4,image/jpeg,105311,active,,"2025-07-16 13:32:55","2025-07-16 13:32:55"
AUS15440,1819,5581,5440,3,"11.jpg",transcript_5581_5.jpg,"1its8RhMuYZXm263ZjxnJ4lHXh04a9l2Q","1h8cakbYHRnNcDaTWXZOa6Fi_0762Zhq6",5,image/jpeg,134040,active,,"2025-07-16 13:32:57","2025-07-16 13:32:57"
AUS15440,1820,5581,5440,3,"11a.jpg",transcript_5581_5.jpg,"1rOL11o69YYtXV_droyfQ3etVCpfiZDgP","1h8cakbYHRnNcDaTWXZOa6Fi_0762Zhq6",5,image/jpeg,107072,active,,"2025-07-16 13:33:02","2025-07-16 13:33:02"
AUS15440,1821,5581,5440,3,"12.jpg",transcript_5581_6.jpg,"18yOEUZDXqm8OSE4Xs_zI7KjTChVpUEip","1h8cakbYHRnNcDaTWXZOa6Fi_0762Zhq6",6,image/jpeg,134272,active,,"2025-07-16 13:33:02","2025-07-16 13:33:02"
AUS15440,1822,5581,5440,3,"12a.jpg",transcript_5581_6.jpg,"1GUFV0RjOVqXO7rbyB9EAcMMw09-dX9TT","1h8cakbYHRnNcDaTWXZOa6Fi_0762Zhq6",6,image/jpeg,112780,active,,"2025-07-16 13:33:05","2025-07-16 13:33:05"
AUS15440,1825,5581,5440,9,ielts.jpg,english_certificare_5581_0.jpg,"19qEeaFQzW8lq8dt7Fv3RmpLzTuaeK7AW","1h8cakbYHRnNcDaTWXZOa6Fi_0762Zhq6",0,image/jpeg,180896,active,,"2025-07-16 13:33:56","2025-07-16 13:33:56"
AUS15440,1828,5581,5440,10,giấy khai sinh.jpg,birth_certificate_5581_0.jpg,"1j4PAcQn8ysoEkLmYa-EYpK2muN4PsIHy","1h8cakbYHRnNcDaTWXZOa6Fi_0762Zhq6",0,image/jpeg,99733,active,,"2025-07-16 13:41:53","2025-07-16 13:41:53"
AUH18290,1843,8541,8290,1,ảnh cccd mặt trước.jpg,id_card_front_8541_0.jpg,"10hrgwkyF9_KGTnS_stwG2fq5qNHWUheB","1EZxeBy8cPG9NroD8fKSJrO2KCpaENHSE",0,image/jpeg,77296,active,,"2025-07-16 15:50:48","2025-07-16 15:50:48"
AUH18290,1844,8541,8290,2,ảnh cccd mặt sau.jpg,id_card_back_8541_0.jpg,"1UrryMm-O22upynmHZkU8nJY1gydS6J-5","1EZxeBy8cPG9NroD8fKSJrO2KCpaENHSE",0,image/jpeg,90473,active,,"2025-07-16 15:50:50","2025-07-16 15:50:50"
AUH18290,1845,8541,8290,3,học bạ 1.jpg,transcript_8541_0.jpg,"1_YxBQ_25ymsMlNwTq5kc5W9nJ6OMVgRs","1EZxeBy8cPG9NroD8fKSJrO2KCpaENHSE",0,image/jpeg,152148,active,,"2025-07-16 15:54:18","2025-07-16 15:54:18"
AUH18290,1846,8541,8290,3,học bạ 2.jpg,transcript_8541_1.jpg,"1FqngtmclOlRYMAkk_u5t3blX3AeATbO-","1EZxeBy8cPG9NroD8fKSJrO2KCpaENHSE",1,image/jpeg,152076,active,,"2025-07-16 15:54:23","2025-07-16 15:54:23"
AUH18290,1847,8541,8290,3,học bạ 3.jpg,transcript_8541_2.jpg,"1K8ZtExcM3gZuWldUVCfMN_xbQy8k0ElD","1EZxeBy8cPG9NroD8fKSJrO2KCpaENHSE",2,image/jpeg,164516,active,,"2025-07-16 15:54:27","2025-07-16 15:54:27"
AUH18290,1848,8541,8290,3,học bạ 4.jpg,transcript_8541_3.jpg,"1dRH3lskYiW9XJ7zfd3FOnAcX9hSthUC5","1EZxeBy8cPG9NroD8fKSJrO2KCpaENHSE",3,image/jpeg,153511,active,,"2025-07-16 15:54:31","2025-07-16 15:54:31"
AUH18290,1852,8541,8290,4,chứng chỉ ielts.jpg,english_certificate_8541_0.jpg,"1pFHBJUjspfLmwCB8hgeL8_Z9aAP5XLYI","1EZxeBy8cPG9NroD8fKSJrO2KCpaENHSE",0,image/jpeg,193083,active,,"2025-07-16 15:55:06","2025-07-16 15:55:06"
AUH18290,1853,8541,8290,5,chứng chỉ khoa học kỹ thuật cấp tỉnh.jpg,other_achievements_8541_0.jpg,"1QR9U0MnaB-xQziYmYMgUbfdGHlCJrfHn","1EZxeBy8cPG9NroD8fKSJrO2KCpaENHSE",0,image/jpeg,149847,active,,"2025-07-16 15:55:08","2025-07-16 15:55:08"
AUH18290,1854,8541,8290,5,chứng nhận khoa học kỹ thuật cấp quốc gia 1.jpg,other_achievements_8541_0.jpg,"1DA9Fk4_RuZ8pSADfdALe_Nve1ko_DHOJ","1EZxeBy8cPG9NroD8fKSJrO2KCpaENHSE",0,image/jpeg,86547,active,,"2025-07-16 15:55:12","2025-07-16 15:55:12"
AUH18290,1855,8541,8290,5,chứng nhận khoa học kỹ thuật cấp quốc gia 2.jpg,other_achievements_8541_1.jpg,"1g4LeeTU2o723lLA9odaPa2aQZ5xTFoqI","1EZxeBy8cPG9NroD8fKSJrO2KCpaENHSE",1,image/jpeg,117171,active,,"2025-07-16 15:55:15","2025-07-16 15:55:15"
AUS10430,1887,507,430,1,image.jpg,id_card_front_507_0.jpg,"12lZ74aFUMEAXshqqi0iuh5gePd7CMh8s","1xa3-1UqCxzMAjaZuSe9IlVJLQOzpusZz",0,image/jpeg,335698,active,,"2025-07-17 03:56:13","2025-07-17 03:56:13"
AUS10430,1888,507,430,2,image.jpg,id_card_back_507_0.jpg,"11p8GaBA7RCiggYqRtRayiwQafBGVfYdT","1xa3-1UqCxzMAjaZuSe9IlVJLQOzpusZz",0,image/jpeg,344632,active,,"2025-07-17 03:56:47","2025-07-17 03:56:47"
AUS15046,1892,5174,5046,3,"17527261428158909491709567944791.jpg",transcript_5174_0.jpg,"1zYO2IrFuvrJ4hZd4vg9ec4XhpcC6AwHC","1I5EslZpFKSHMRvZ3L82URCdzd7Q9sgOV",0,image/jpeg,71056,active,,"2025-07-17 04:22:39","2025-07-17 04:22:39"
AUS18110,1897,8344,8110,1,"7e5893d9-2b9e-4760-b9bc-775b360c49cd.jpeg",id_card_front_8344_0.jpeg,"1SB8XcwyRqG7cy3VsfU7zzq2w1c2M3riy","1jTgkyRR-fiaLhq25tPpYVPB-0vN5tkiK",0,image/jpeg,142481,active,,"2025-07-17 04:57:15","2025-07-17 04:57:15"
AUS18110,1899,8344,8110,2,ebf845c6-2b8b-4f73-adec-e28e2bfdc7de.jpeg,id_card_back_8344_0.jpeg,"17C0JHe0RZI5S6PLdQnRe-LvqLCazeG5D","1jTgkyRR-fiaLhq25tPpYVPB-0vN5tkiK",0,image/jpeg,126147,active,,"2025-07-17 04:57:17","2025-07-17 04:57:17"
AUS18110,1901,8344,8110,3,"3dac9d84-8d23-42ea-ae11-39d9dfc8ef64.jpeg",transcript_8344_0.jpeg,"1Jfih5gwFFBwbqe-aA0bvwUcYtw911MQ1","1jTgkyRR-fiaLhq25tPpYVPB-0vN5tkiK",0,image/jpeg,118322,active,,"2025-07-17 04:57:38","2025-07-17 04:57:38"
AUH18298,1902,8549,8298,1,IMG_9071.jpeg,id_card_front_8549_1.jpeg,"10BGjLhKUaZzqiLxUx89haGRIFEVmQzHJ","1GDHMgaww4rmr4K6rEKawC9a9gODzSMF0",1,image/jpeg,352813,active,,"2025-07-17 05:20:57","2025-07-17 05:20:57"
AUH18298,1903,8549,8298,2,IMG_9072.jpeg,id_card_back_8549_1.jpeg,"1WlqE5QtIq9_4cJZ9VP5a2Qni5GLemxrw","1GDHMgaww4rmr4K6rEKawC9a9gODzSMF0",1,image/jpeg,390216,active,,"2025-07-17 05:21:04","2025-07-17 05:21:04"
AUH18298,1904,8549,8298,3,"20_HS_THPT_HocBaHocSinh_NguyenDucHoang.pdf",transcript_8549_0.pdf,"1qtMpLuu5CR7ZekVLgrXnPBzvbicE1v_D","1GDHMgaww4rmr4K6rEKawC9a9gODzSMF0",0,application/pdf,180198,active,,"2025-07-17 05:21:14","2025-07-17 05:21:14"
AUS18410,1907,8667,8410,1,z6604813583640_d2d92455251a70fc89c8faa31e866bf6.jpg,id_card_front_8667_0.jpg,"1qyMFr3fNh73zzszHf4USyHiqw8l8Cmpp","1lwDI05IreLsyguzn8xvpwugfIfpf05D2",0,image/jpeg,118705,active,,"2025-07-17 05:34:50","2025-07-17 05:34:50"
AUS18410,1908,8667,8410,2,z6604814347163_d38d0768703195fcd74afbf366ebe641.jpg,id_card_back_8667_0.jpg,"1km-CelLRY8npEe3bIquslKQHe-pk8Ogp","1lwDI05IreLsyguzn8xvpwugfIfpf05D2",0,image/jpeg,118668,active,,"2025-07-17 05:34:55","2025-07-17 05:34:55"
AUS15106,1910,5234,5106,8,Nguyễn Phương Yến Linh - 240901.jpg,student_photo_5234_0.jpg,"1HHPbzR5E_RqbDu3vrRR7fhgm2C3O4axm","1kJmcw2Rtzsc4JUlAhi3w_Zl3a-5ja7EY",0,image/jpeg,46800,active,,"2025-07-17 05:36:45","2025-07-17 05:36:45"
AUS18410,1916,8667,8410,3,z6813364013607_a109d27edfe63a643e812841e1642794.jpg,transcript_8667_0.jpg,"1qkIyy8w3InVAI_SirEYKZbc8SlCpvCgw","1lwDI05IreLsyguzn8xvpwugfIfpf05D2",0,image/jpeg,87748,active,,"2025-07-17 05:40:13","2025-07-17 05:40:13"
AUS18421,1919,8679,8421,1,"6847c4f4-96ea-4454-abb5-18740e6bdaea.jpg",id_card_front_8679_0.jpg,"1huqzOMQ_yXYpE8aWN9D4NW3Z4-l5tJS_","1qQz9Px4P8L3qm7hX-3p2ZYN1seJ9pX_p",0,image/jpeg,150169,active,,"2025-07-17 05:55:31","2025-07-17 05:55:31"
AUS18421,1920,8679,8421,2,"2977955d-14c5-49ba-a073-3657f9e8e8b9.jpg",id_card_back_8679_0.jpg,"1dtx_qD3krydLDk88iCnA9N1zoHi3owEe","1qQz9Px4P8L3qm7hX-3p2ZYN1seJ9pX_p",0,image/jpeg,135603,active,,"2025-07-17 05:55:40","2025-07-17 05:55:40"
AUS18421,1921,8679,8421,3,"079207043578_học bạ THPT.pdf",transcript_8679_0.pdf,"1bEni82ayM2B0TRC-tnj0Pok54-nM0HlU","1qQz9Px4P8L3qm7hX-3p2ZYN1seJ9pX_p",0,application/pdf,4502522,active,,"2025-07-17 05:57:50","2025-07-17 05:57:50"
AUS18421,1922,8679,8421,4,"079207043578_chứng chỉ ielts.pdf",english_certificate_8679_0.pdf,"16ffnmKs5P3LVtj6Hho1MLgmBier8SDlT","1qQz9Px4P8L3qm7hX-3p2ZYN1seJ9pX_p",0,application/pdf,864679,active,,"2025-07-17 05:57:55","2025-07-17 05:57:55"
AUH14961,1926,5089,4961,9,VN10424504177-08-06-2024-ETRF.pdf,english_certificare_5089_0.pdf,"1B0Gr7uj_6L4pF9oWc8AfY9b6W3yMnVw8","1t4b7x4wWFVGEldAiv0vxaFplm8OQogmJ",0,application/pdf,536314,active,,"2025-07-17 06:26:08","2025-07-17 06:26:08"
AUH14961,1927,5089,4961,8,IMG_20241221_170938.jpg,student_photo_5089_0.jpg,"1_GeEUSN5pyTKPWs8odyKDHeNURphN1Ic","1t4b7x4wWFVGEldAiv0vxaFplm8OQogmJ",0,image/jpeg,20041,active,,"2025-07-17 06:30:38","2025-07-17 06:30:38"
AUS15010,1943,5138,5010,8,le minh.jpg,student_photo_5138_0.jpg,"1QkHUNK1CMfNhx6fzigd9MEn5FWLv9Lfx","1HJnsMgrWeXC1nhWEjAeQ_UDiQ6tMtd-g",0,image/jpeg,17962,active,,"2025-07-17 07:30:04","2025-07-17 07:30:04"
AUS15010,1944,5138,5010,3,"Học bạ Lê Minh L10,11,12.pdf",transcript_5138_0.pdf,"1z2oJhrwxf_XBOBT-Gnl1lWhj-5P2uPX-","1HJnsMgrWeXC1nhWEjAeQ_UDiQ6tMtd-g",0,application/pdf,2331481,active,,"2025-07-17 07:40:59","2025-07-17 07:40:59"
AUS15010,1948,5138,5010,7,diem thi tot nghiep Lê Minh.jpg,diploma_5138_0.jpg,"1mU60z6xJLb2QHVqdzP0ce3vbWGZtArla","1HJnsMgrWeXC1nhWEjAeQ_UDiQ6tMtd-g",0,image/jpeg,22503,active,,"2025-07-17 07:44:51","2025-07-17 07:44:51"
AUS15010,1952,5138,5010,10,Giấy khai sinh Lê Minh.pdf,birth_certificate_5138_0.pdf,"1e6sHnzUvC-KWI2NsM5eeNAHgjbNhlgPp","1HJnsMgrWeXC1nhWEjAeQ_UDiQ6tMtd-g",0,application/pdf,6909494,active,,"2025-07-17 07:55:28","2025-07-17 07:55:28"
AUS15052,1953,5180,5052,7,IMG_6837.jpeg,diploma_5180_0.jpeg,"16f4N7Xjbx9t_cLMAX2zDHvCW1_Bgo6MW","1aQcd_EaKeWn1IYVEOHJNhprIDqUqBTb6",0,image/jpeg,238591,active,,"2025-07-17 08:04:59","2025-07-17 08:04:59"
AUS15052,1954,5180,5052,7,IMG_6838.jpeg,diploma_5180_0.jpeg,"17HXk2EtJX4_D_YQUdW571L4T_ECwV_ON","1aQcd_EaKeWn1IYVEOHJNhprIDqUqBTb6",0,image/jpeg,206464,active,,"2025-07-17 08:05:03","2025-07-17 08:05:03"
AUS15052,1955,5180,5052,3,"04b5bef8e9ca5c68a1f1ac334cbe72fa.jpeg",transcript_5180_0.jpeg,"1E1Yhh4a8-P61XSHiS9vfRom4taR-8A2o","1aQcd_EaKeWn1IYVEOHJNhprIDqUqBTb6",0,image/jpeg,264992,active,,"2025-07-17 08:11:57","2025-07-17 08:11:57"
AUS15052,1956,5180,5052,3,"3d0f7f49706aa962dc12658b728e3156.jpeg",transcript_5180_0.jpeg,"1qYE2y6feUiFN8hx5cl5Ox7nTKsHRDWxv","1aQcd_EaKeWn1IYVEOHJNhprIDqUqBTb6",0,image/jpeg,240165,active,,"2025-07-17 08:12:00","2025-07-17 08:12:00"
AUS15052,1957,5180,5052,3,fcff6e6d6a566168fc9a960a2ceaf473.jpeg,transcript_5180_1.jpeg,"1ZZSmuHLHvkYmnzcoMvYwN7Mfit8T1WXA","1aQcd_EaKeWn1IYVEOHJNhprIDqUqBTb6",1,image/jpeg,270390,active,,"2025-07-17 08:12:04","2025-07-17 08:12:04"
AUS15052,1958,5180,5052,3,fcff6e6d6a566168fc9a960a2ceaf473.jpeg,transcript_5180_2.jpeg,"1yqEddBzMxnIVt4pDNTUZlsSye5g5-jXQ","1aQcd_EaKeWn1IYVEOHJNhprIDqUqBTb6",2,image/jpeg,270390,active,,"2025-07-17 08:12:21","2025-07-17 08:12:21"
AUS15052,1959,5180,5052,3,"3d0f7f49706aa962dc12658b728e3156.jpeg",transcript_5180_3.jpeg,"1ucTY5nb2KwBPkLxJeUXWZqZAHmogM3GX","1aQcd_EaKeWn1IYVEOHJNhprIDqUqBTb6",3,image/jpeg,240165,active,,"2025-07-17 08:12:25","2025-07-17 08:12:25"
AUS15052,1960,5180,5052,3,"04b5bef8e9ca5c68a1f1ac334cbe72fa.jpeg",transcript_5180_4.jpeg,"126p2OHKgF09V60NlWkAfdhv8XFy78e-J","1aQcd_EaKeWn1IYVEOHJNhprIDqUqBTb6",4,image/jpeg,264992,active,,"2025-07-17 08:12:29","2025-07-17 08:12:29"
AUS15052,1961,5180,5052,3,fcff6e6d6a566168fc9a960a2ceaf473.jpeg,transcript_5180_5.jpeg,"1bXxhbDkMR6m4R4k2CNdhxGyNtWGUM8DH","1aQcd_EaKeWn1IYVEOHJNhprIDqUqBTb6",5,image/jpeg,270390,active,,"2025-07-17 08:13:10","2025-07-17 08:13:10"
AUS15052,1962,5180,5052,3,"04b5bef8e9ca5c68a1f1ac334cbe72fa.jpeg",transcript_5180_5.jpeg,"1kS078IfKs78mM67IXJ7uSnpIVKVd8OVz","1aQcd_EaKeWn1IYVEOHJNhprIDqUqBTb6",5,image/jpeg,264992,active,,"2025-07-17 08:13:13","2025-07-17 08:13:13"
AUS15052,1963,5180,5052,3,"3d0f7f49706aa962dc12658b728e3156.jpeg",transcript_5180_6.jpeg,"1pSmlL10gLY5_q_mdsGkwHoG0m6KrAUOH","1aQcd_EaKeWn1IYVEOHJNhprIDqUqBTb6",6,image/jpeg,240165,active,,"2025-07-17 08:13:17","2025-07-17 08:13:17"
AUS15052,1964,5180,5052,9,IMG_6333.jpeg,english_certificare_5180_0.jpeg,"1wB9IvJQjn4aC1Wa7nHsiUyUIt3iXPjom","1aQcd_EaKeWn1IYVEOHJNhprIDqUqBTb6",0,image/jpeg,144579,active,,"2025-07-17 08:14:01","2025-07-17 08:14:01"
AUS15063,1965,5191,5063,8,z6813508158407_87ae3bf342178c668790fafb3f04116e.jpg,student_photo_5191_0.jpg,"1yBEs4BoOJ8qRvmLcBKxiaTaIx6t0OLwf","1gU4AUBi-fKbTNJWIbwWbq9PjI08zew6g",0,image/jpeg,18807,active,,"2025-07-17 08:18:07","2025-07-17 08:18:07"
AUS15063,1966,5191,5063,3,_1.pdf,transcript_5191_0.pdf,"1gew44rXere7pNh4ojrlPXO6mIsRNzGtI","1gU4AUBi-fKbTNJWIbwWbq9PjI08zew6g",0,application/pdf,2050348,active,,"2025-07-17 08:20:00","2025-07-17 08:20:00"
AUS15063,1967,5191,5063,9,IELTS.pdf,english_certificare_5191_0.pdf,"1-5BJCknosPrYMDFoo4fRTYbXhPG4BPSg","1gU4AUBi-fKbTNJWIbwWbq9PjI08zew6g",0,application/pdf,1092898,active,,"2025-07-17 08:20:10","2025-07-17 08:20:10"
AUS15063,1968,5191,5063,3,_1.pdf,transcript_5191_1.pdf,"1c6HLeV1rQeFLy_T8pbw1BXzyT-8IlwxH","1gU4AUBi-fKbTNJWIbwWbq9PjI08zew6g",1,application/pdf,2050348,active,,"2025-07-17 08:20:32","2025-07-17 08:20:32"
AUS15063,1969,5191,5063,3,_1.pdf,transcript_5191_2.pdf,"1FbWui4a6IRpvPlaMoQhW2UCiUOU0p9Ji","1gU4AUBi-fKbTNJWIbwWbq9PjI08zew6g",2,application/pdf,2050348,active,,"2025-07-17 08:20:53","2025-07-17 08:20:53"
AUS15063,1970,5191,5063,10,z6813507958937_95404045f272edfdac30443deab23f98.jpg,birth_certificate_5191_0.jpg,"1qJFYjNA26FfMOkaZRHdxozheRGqxjSGl","1gU4AUBi-fKbTNJWIbwWbq9PjI08zew6g",0,image/jpeg,163810,active,,"2025-07-17 08:22:05","2025-07-17 08:22:05"
AUS15063,1971,5191,5063,3,_1.pdf,transcript_5191_3.pdf,"1mxqN50W3A-qfomoqspIDx6EmIjq5xuyq","1gU4AUBi-fKbTNJWIbwWbq9PjI08zew6g",3,application/pdf,2050348,active,,"2025-07-17 08:22:44","2025-07-17 08:22:44"
AUS15063,1972,5191,5063,3,_1.pdf,transcript_5191_4.pdf,"1CiXsItJjqtpBUOJ76cQEF1AYE7Z5GTt_","1gU4AUBi-fKbTNJWIbwWbq9PjI08zew6g",4,application/pdf,2050348,active,,"2025-07-17 08:23:07","2025-07-17 08:23:07"
AUS15063,1973,5191,5063,5,"8963af62-2017-48b1-ac08-e1f0f09e0a3f (1).jpg",other_achievements_5191_0.jpg,"1vb6mPtYegD8PTKYZRh1J8xJAKM3JW3gs","1gU4AUBi-fKbTNJWIbwWbq9PjI08zew6g",0,image/jpeg,103674,active,,"2025-07-17 08:24:05","2025-07-17 08:24:05"
AUH18456,1977,8714,8456,1,cccd mặt trước.jpeg,id_card_front_8714_0.jpeg,"1-RebgkFFXsHyI9eJAJNQlSE-hCElI7OG","12INfHRVy2-UaG6F9rm7PDVlMyGfYn0Ff",0,image/jpeg,328971,active,,"2025-07-17 08:34:00","2025-07-17 08:34:00"
AUH18456,1978,8714,8456,2,cccd mặt sau.jpeg,id_card_back_8714_0.jpeg,"1xZBdY3AhaT1YiXDkRcjFHXjzjUtIao1u","12INfHRVy2-UaG6F9rm7PDVlMyGfYn0Ff",0,image/jpeg,362241,active,,"2025-07-17 08:34:06","2025-07-17 08:34:06"
AUH18456,1979,8714,8456,4,chứng chỉ quốc tế.pdf,english_certificate_8714_0.pdf,"1-xkdGr-UQhzhkLE8KbK_MN-iQoFmuJP1","12INfHRVy2-UaG6F9rm7PDVlMyGfYn0Ff",0,application/pdf,661830,active,,"2025-07-17 08:34:29","2025-07-17 08:34:29"
AUH18456,1980,8714,8456,3,học bạ.pdf,transcript_8714_0.pdf,"1diKFWIxTT4xafV68jSW-h7X6znK8Ammm","12INfHRVy2-UaG6F9rm7PDVlMyGfYn0Ff",0,application/pdf,8378893,active,,"2025-07-17 08:34:38","2025-07-17 08:34:38"
AUH18456,1981,8714,8456,5,ioe cấp tỉnh.pdf,other_achievements_8714_0.pdf,"1WroqscBiLvlJ_6d6OnSTtO0vqyGkWOQw","12INfHRVy2-UaG6F9rm7PDVlMyGfYn0Ff",0,application/pdf,645535,active,,"2025-07-17 08:40:36","2025-07-17 08:40:36"
AUS15189,1992,5319,5189,1,CCCD_MATTRUOC.jpg,id_card_front_5319_0.jpg,"1PZuFYLtItrOg7GfuXekTn4JFAjZKaarx","1SRdO_Y39Jgx-DEInzGerkTBBShuQpX6t",0,image/jpeg,84478,active,,"2025-07-17 09:26:41","2025-07-17 09:26:41"
AUS15189,1993,5319,5189,2,Screenshot 2025-07-17 at 16.27.36.png,id_card_back_5319_0.png,"1nsuBx0F0HO9FC8qOlybPDuReK-dVyd_q","1SRdO_Y39Jgx-DEInzGerkTBBShuQpX6t",0,image/png,987010,active,,"2025-07-17 09:28:33","2025-07-17 09:28:33"
AUS15189,1994,5319,5189,3,Hoc ba THPT(Chau Khai Kien).pdf,transcript_5319_0.pdf,"1YlJHy1Ba6CwLu84m66LmD_Igz6BHuh9S","1SRdO_Y39Jgx-DEInzGerkTBBShuQpX6t",0,application/pdf,1142572,active,,"2025-07-17 09:29:16","2025-07-17 09:29:16"
AUS15189,1995,5319,5189,4,IELTS.jpg,english_certificate_5319_0.jpg,"1CUQSmpqMHQfRJ7ho3F-7Vak98vXVQYUd","1SRdO_Y39Jgx-DEInzGerkTBBShuQpX6t",0,image/jpeg,158922,active,,"2025-07-17 09:29:25","2025-07-17 09:29:25"
AUS15049,1996,5177,5049,7,"82e731da-977a-4746-9471-a1fb50469c02.jpg",diploma_5177_0.jpg,"1jUpT2aExbl_sSo2kvIpY0Rve0HKqG32w","1AGSIHE_WhEJPTSF0jI3OvuLVVQK9yLyJ",0,image/jpeg,196925,active,,"2025-07-17 10:04:21","2025-07-17 10:04:21"
AUS15049,1997,5177,5049,3,"5de67d60-02a2-40ba-950b-01d680304c4d.jpg",transcript_5177_0.jpg,"1RGYzX7d3Oss-BZtV7XI3FWdwN0GDltDt","1AGSIHE_WhEJPTSF0jI3OvuLVVQK9yLyJ",0,image/jpeg,166693,active,,"2025-07-17 10:05:11","2025-07-17 10:05:11"
AUS15049,1998,5177,5049,3,"893b6b3b-9666-4934-9753-d7c2986ac470.jpg",transcript_5177_1.jpg,"1G5L3L2g4s87P4fzYRixPl0qMVpx81az1","1AGSIHE_WhEJPTSF0jI3OvuLVVQK9yLyJ",1,image/jpeg,170719,active,,"2025-07-17 10:05:16","2025-07-17 10:05:16"
AUS15049,1999,5177,5049,3,"825253dc-9c15-4eec-8ad1-3f31487511e8.jpg",transcript_5177_2.jpg,"1hsMryqEVupa7M4ZcPjbSY-MINkh63BJa","1AGSIHE_WhEJPTSF0jI3OvuLVVQK9yLyJ",2,image/jpeg,164255,active,,"2025-07-17 10:05:22","2025-07-17 10:05:22"
AUS15049,2000,5177,5049,10,c33d2ab9-45d7-41e6-8d16-cd5aa75d4fba.jpg,birth_certificate_5177_0.jpg,"158Qf5ge0_pRYczmBbvCyQMU1ZFapG06W","1AGSIHE_WhEJPTSF0jI3OvuLVVQK9yLyJ",0,image/jpeg,141873,active,,"2025-07-17 10:05:30","2025-07-17 10:05:30"
AUS18517,2004,8775,8517,1,att.1ihwyTrCxmX2ArIPUGV3BImCrY8VBOO3prfzXhI2VFQ.png.jpeg,id_card_front_8775_0.jpeg,"1fAym3p8X2EAQbH-SyHdCvel9sX8HcbuF","1XB_TXnPnGD-pTvwmwUi0Gg6NnsrfNWOT",0,image/jpeg,81519,active,,"2025-07-17 11:13:47","2025-07-17 11:13:47"
AUS18517,2005,8775,8517,2,att.pfdbAcNg9ooy3VGS6GXadeWESwqpmJeaBvYsIh5cgP8.png.jpeg,id_card_back_8775_0.jpeg,"1WUUpaZr17rg2rvHw0YvPitLy4DCd0iX8","1XB_TXnPnGD-pTvwmwUi0Gg6NnsrfNWOT",0,image/jpeg,132662,active,,"2025-07-17 11:13:51","2025-07-17 11:13:51"
AUS18517,2006,8775,8517,3,att.flS08Z43i4LrSpDtd-YBrAzNlJF16ZuaVF3pvFYtQ90.png.jpeg,transcript_8775_0.jpeg,"1swrbWiQqQGyffnGd0HJEeWvDPhaCpFcC","1XB_TXnPnGD-pTvwmwUi0Gg6NnsrfNWOT",0,image/jpeg,127802,active,,"2025-07-17 11:14:21","2025-07-17 11:14:21"
AUS15103,2020,5231,5103,9,ef2b51f7-b39f-4a18-8eba-0204e56efa84.jpg,english_certificare_5231_0.jpg,"1W_wOFCM7Vl4vfsJZZ9NmPQhvQ1hGkbgo","1x-VKH7noB75c3GiRXsyd1nmAx7uDXbaz",0,image/jpeg,198175,active,,"2025-07-17 12:32:21","2025-07-17 12:32:21"
AUS15103,2021,5231,5103,8,"12.Dinh The Khai.jpg",student_photo_5231_0.jpg,"1-YdqWGY-87JNVkYgshxqCrvkTC_KpYWm","1x-VKH7noB75c3GiRXsyd1nmAx7uDXbaz",0,image/jpeg,50532,active,,"2025-07-17 12:33:00","2025-07-17 12:33:00"
AUS15103,2024,5231,5103,3,cb1fc3c5-75bb-4a9a-a540-8ffd7230e911.jpg,transcript_5231_0.jpg,"1t22SSeAVV9IsMzQkemkDZBJ-bZBaTtpH","1x-VKH7noB75c3GiRXsyd1nmAx7uDXbaz",0,image/jpeg,120007,active,,"2025-07-17 12:41:14","2025-07-17 12:41:14"
AUS15103,2025,5231,5103,3,cb1fc3c5-75bb-4a9a-a540-8ffd7230e911.jpg,transcript_5231_1.jpg,"1JnbamZWXKOjaBjgJzkdvms-zeX79WYd2","1x-VKH7noB75c3GiRXsyd1nmAx7uDXbaz",1,image/jpeg,120007,active,,"2025-07-17 12:41:39","2025-07-17 12:41:39"
AUS15103,2026,5231,5103,3,fc6ebea5-76bf-45c2-bfee-99a5affe01ad.jpg,transcript_5231_2.jpg,"1G16c2qXmr_HIyaPiZ9V7jDHcfbRsRCwj","1x-VKH7noB75c3GiRXsyd1nmAx7uDXbaz",2,image/jpeg,152985,active,,"2025-07-17 12:42:05","2025-07-17 12:42:05"
AUH18359,2027,8612,8359,4,CamScanner 21-06-2025 20.35.pdf,english_certificate_8612_0.pdf,"11g5m2z9dSOQQmFDCE8DnubTCWxkONptU","1cpPwfnovB3dYy7ssd64S4zbgW2gx-UFo",0,application/pdf,456964,active,,"2025-07-17 12:42:17","2025-07-17 12:42:17"
AUS15103,2028,5231,5103,3,a7f8b42c-23bf-4f3c-b81c-91d60746cc0f.jpg,transcript_5231_3.jpg,"1FhJj38n1rFs9UWAuBa6HnzwjPaO8R8Wn","1x-VKH7noB75c3GiRXsyd1nmAx7uDXbaz",3,image/jpeg,160984,active,,"2025-07-17 12:42:21","2025-07-17 12:42:21"
AUS15103,2029,5231,5103,3,"90c7d3c5-1509-4c97-bad0-9cdc67ff3473.jpg",transcript_5231_4.jpg,"1Ygt8iYDsaVro27KrUXrcQnb-CkA87GSN","1x-VKH7noB75c3GiRXsyd1nmAx7uDXbaz",4,image/jpeg,139474,active,,"2025-07-17 12:42:29","2025-07-17 12:42:29"
AUS15103,2031,5231,5103,3,ae81134c-5026-40e2-88be-9efc1b9fcb95.jpg,transcript_5231_5.jpg,"13_UfZSOtA1M8wLzjPXFxUnhCh3ULk8vJ","1x-VKH7noB75c3GiRXsyd1nmAx7uDXbaz",5,image/jpeg,169189,active,,"2025-07-17 12:42:46","2025-07-17 12:42:46"
AUH18359,2033,8612,8359,1,cccd.jpg,id_card_front_8612_0.jpg,"1wJHXEMfJox67HDdrh20X579wQlz3nkHi","1cpPwfnovB3dYy7ssd64S4zbgW2gx-UFo",0,image/jpeg,41787,active,,"2025-07-17 12:42:54","2025-07-17 12:42:54"
AUS15103,2034,5231,5103,3,cbea8cc1-3f93-42f8-a1bf-bda8d5932a17.jpg,transcript_5231_6.jpg,"1HWKANXOUwILU6w9V_XZ6PXymb_tyAEul","1x-VKH7noB75c3GiRXsyd1nmAx7uDXbaz",6,image/jpeg,138707,active,,"2025-07-17 12:43:00","2025-07-17 12:43:00"
AUH18359,2035,8612,8359,2,cccd 2.jpg,id_card_back_8612_0.jpg,"1NklahKT69aNgSNFeabDxeGKdq24V4EoT","1cpPwfnovB3dYy7ssd64S4zbgW2gx-UFo",0,image/jpeg,45984,active,,"2025-07-17 12:43:03","2025-07-17 12:43:03"
AUS15103,2036,5231,5103,3,"324d5e73-ef14-43ca-a12d-1bd3d6996b63.jpg",transcript_5231_7.jpg,"1jLPVM6iKFAGW5Zc4o4PZ_wKF2qPHf32R","1x-VKH7noB75c3GiRXsyd1nmAx7uDXbaz",7,image/jpeg,172392,active,,"2025-07-17 12:43:09","2025-07-17 12:43:09"
AUS15103,2039,5231,5103,3,"4b638766-e449-4044-9c25-94c8ff33c133.jpg",transcript_5231_8.jpg,"1kOW7Ol4byDAo2qmlsUyd9wMCvq6UZ9h6","1x-VKH7noB75c3GiRXsyd1nmAx7uDXbaz",8,image/jpeg,144482,active,,"2025-07-17 12:43:18","2025-07-17 12:43:18"
AUH18359,2040,8612,8359,3,CamScanner 21-06-2025 18.18.pdf,transcript_8612_1.pdf,"1ucnKy35ZawzqLlK-diJSPxvcO3kbj2GK","1cpPwfnovB3dYy7ssd64S4zbgW2gx-UFo",1,application/pdf,1313993,active,,"2025-07-17 12:43:23","2025-07-17 12:43:23"
AUS15103,2041,5231,5103,3,cb1fc3c5-75bb-4a9a-a540-8ffd7230e911.jpg,transcript_5231_9.jpg,"1WOZddWez2H3ec2zYI-fAqlOSKpTSzATA","1x-VKH7noB75c3GiRXsyd1nmAx7uDXbaz",9,image/jpeg,120007,active,,"2025-07-17 12:43:43","2025-07-17 12:43:43"
AUH18359,2042,8612,8359,3,hocba2.pdf,transcript_8612_2.pdf,"1_ou-xjIxCx2o9FIvyHQrZCRJY9QnZD1G","1cpPwfnovB3dYy7ssd64S4zbgW2gx-UFo",2,application/pdf,350584,active,,"2025-07-17 12:43:58","2025-07-17 12:43:58"
AUH18359,2044,8612,8359,3,hocba3.pdf,transcript_8612_3.pdf,"13NJIkv8QbgVkUC9VSCWGFXa-xRW4gVmg","1cpPwfnovB3dYy7ssd64S4zbgW2gx-UFo",3,application/pdf,576980,active,,"2025-07-17 12:44:07","2025-07-17 12:44:07"
AUH18359,2045,8612,8359,3,hocba5.pdf,transcript_8612_4.pdf,"1VbcFeeA-iZF2dPk3wJO9VGWkCfs0Z3gP","1cpPwfnovB3dYy7ssd64S4zbgW2gx-UFo",4,application/pdf,652588,active,,"2025-07-17 12:44:12","2025-07-17 12:44:12"
AUH18359,2046,8612,8359,3,hocba7.pdf,transcript_8612_5.pdf,"1TXTbk3gfodrXCzOmEdbXrGi1tvMZ2XYq","1cpPwfnovB3dYy7ssd64S4zbgW2gx-UFo",5,application/pdf,573404,active,,"2025-07-17 12:44:19","2025-07-17 12:44:19"
AUS15103,2047,5231,5103,3,fc6ebea5-76bf-45c2-bfee-99a5affe01ad.jpg,transcript_5231_11.jpg,"1QpFK8wjzBBAZmQj-K6bmWuR1pxOX21bq","1x-VKH7noB75c3GiRXsyd1nmAx7uDXbaz",11,image/jpeg,152985,active,,"2025-07-17 12:44:45","2025-07-17 12:44:45"
AUS15103,2048,5231,5103,3,a7f8b42c-23bf-4f3c-b81c-91d60746cc0f.jpg,transcript_5231_11.jpg,"1PQKJMNO1umO0hZvKsqxSKTXbr0rkW_1G","1x-VKH7noB75c3GiRXsyd1nmAx7uDXbaz",11,image/jpeg,160984,active,,"2025-07-17 12:44:48","2025-07-17 12:44:48"
AUH18359,2049,8612,8359,5,CamScanner 21-06-2025 18.17.pdf,other_achievements_8612_0.pdf,"1x7SgBhWi3JEDGwQuaGNsNs8DMU7NS6rI","1cpPwfnovB3dYy7ssd64S4zbgW2gx-UFo",0,application/pdf,378007,active,,"2025-07-17 12:44:50","2025-07-17 12:44:50"
AUS15103,2050,5231,5103,3,"90c7d3c5-1509-4c97-bad0-9cdc67ff3473.jpg",transcript_5231_12.jpg,"1YB-kqFKGbppNP1aXhYKb9RoLxU_aQIB0","1x-VKH7noB75c3GiRXsyd1nmAx7uDXbaz",12,image/jpeg,139474,active,,"2025-07-17 12:44:51","2025-07-17 12:44:51"
AUS15103,2051,5231,5103,3,ae81134c-5026-40e2-88be-9efc1b9fcb95.jpg,transcript_5231_12.jpg,"1UIiRtq628SW2KRyAH4r8gwkLWW3GjMb2","1x-VKH7noB75c3GiRXsyd1nmAx7uDXbaz",12,image/jpeg,169189,active,,"2025-07-17 12:44:55","2025-07-17 12:44:55"
AUS15103,2052,5231,5103,3,cbea8cc1-3f93-42f8-a1bf-bda8d5932a17.jpg,transcript_5231_13.jpg,"1-cf34xBAvMfe3UO38RIpfcg-j5Gf_QOY","1x-VKH7noB75c3GiRXsyd1nmAx7uDXbaz",13,image/jpeg,138707,active,,"2025-07-17 12:45:03","2025-07-17 12:45:03"
AUS15103,2053,5231,5103,3,"324d5e73-ef14-43ca-a12d-1bd3d6996b63.jpg",transcript_5231_14.jpg,"10B_Dai-Ahm4UmIGFopAU7xnTnOp29PUi","1x-VKH7noB75c3GiRXsyd1nmAx7uDXbaz",14,image/jpeg,172392,active,,"2025-07-17 12:45:10","2025-07-17 12:45:10"
AUS15103,2054,5231,5103,3,"4b638766-e449-4044-9c25-94c8ff33c133.jpg",transcript_5231_15.jpg,"1FUQi3iJg_GfN_odFXd2oTicBeMqyceNn","1x-VKH7noB75c3GiRXsyd1nmAx7uDXbaz",15,image/jpeg,144482,active,,"2025-07-17 12:45:15","2025-07-17 12:45:15"
AUS15103,2055,5231,5103,3,cb1fc3c5-75bb-4a9a-a540-8ffd7230e911.jpg,transcript_5231_16.jpg,"1fyuI_LolkjOmCgOm8LMNUtG6rUc3E5hN","1x-VKH7noB75c3GiRXsyd1nmAx7uDXbaz",16,image/jpeg,120007,active,,"2025-07-17 12:46:25","2025-07-17 12:46:25"
AUH13625,2060,3733,3625,9,image_2025-07-17_195852905.png,english_certificare_3733_0.png,"1Io0Q3izxYptA_LewKhq0y8xMaHvwJg_P","1hzzwyVbt28vC20SFwoDHU5faoVl8E30d",0,image/png,1253673,active,,"2025-07-17 12:58:59","2025-07-17 12:58:59"
AUS18578,2071,8840,8578,1,"10949320-08ED-41A6-9773-318B0D1BED71.jpeg",id_card_front_8840_0.jpeg,"1NzpK-XlrFvhOEycWRhdcg0CZY5FSSRVg","1iPlV3xbE2gCSEHnBnVoOHxix8rG0rvuo",0,image/jpeg,162397,active,,"2025-07-17 14:26:46","2025-07-17 14:26:46"
AUS18578,2072,8840,8578,2,C775CD9C-D047-4089-8AD5-ECEC94348BD9.jpeg,id_card_back_8840_0.jpeg,"1ZCR2Pkqva4UZi4hllFvPkwltbPOVVY0T","1iPlV3xbE2gCSEHnBnVoOHxix8rG0rvuo",0,image/jpeg,141959,active,,"2025-07-17 14:27:09","2025-07-17 14:27:09"
AUS18578,2073,8840,8578,3,image.jpg,transcript_8840_0.jpg,"1c7SIoxti0Z4o8MH01a5SPNCDyZ-YrnjN","1iPlV3xbE2gCSEHnBnVoOHxix8rG0rvuo",0,image/jpeg,177914,active,,"2025-07-17 14:27:34","2025-07-17 14:27:34"
AUS18610,2101,8872,8610,2,z4613598139549_8b07895e38828cb8764ecd29880025eb.jpg,id_card_back_8872_0.jpg,"1qNQjcmxCuk0r98--LAhEdUoEdlR67U8z","1jw0V-9bzsN1s9DDQ94BGZtsPTItqJiWV",0,image/jpeg,129653,active,,"2025-07-17 16:18:37","2025-07-17 16:18:37"
AUS18610,2102,8872,8610,1,z4613596801229_bae6496cdffdfa26d4f479591732388d.jpg,id_card_front_8872_0.jpg,"1xSC1ug0TmvnB4WIPfBPYE5aAwcTEJhpy","1f6gXPslBKa-7XKFf-Pnl4w_oNTzGPe9J",0,image/jpeg,111684,active,,"2025-07-17 16:18:39","2025-07-17 16:18:39"
AUS18610,2103,8872,8610,4,z6815421346315_ce3ac6365e120e2a841b3dfcd451f984.jpg,english_certificate_8872_0.jpg,"1QDt5Q2OJWgVA7C2H6_1xLga8LgDfomK3","1jw0V-9bzsN1s9DDQ94BGZtsPTItqJiWV",0,image/jpeg,189395,active,,"2025-07-17 16:19:14","2025-07-17 16:19:14"
AUS18610,2107,8872,8610,3,z6815432219468_24eb5b52ba9fa3de387fc797503358fb.jpg,transcript_8872_0.jpg,"1-yRZZB4QcsTNP9a1pCqbafy_LrbUnmJm","1jw0V-9bzsN1s9DDQ94BGZtsPTItqJiWV",0,image/jpeg,146115,active,,"2025-07-17 16:21:29","2025-07-17 16:21:29"
AUS18610,2108,8872,8610,3,z6815432114621_6b9b2e58bdc1d693b633e11f7c54c884.jpg,transcript_8872_1.jpg,"14Qmj3WcOymMHlfOa22c5e7xjfNZBr2la","1jw0V-9bzsN1s9DDQ94BGZtsPTItqJiWV",1,image/jpeg,93874,active,,"2025-07-17 16:21:35","2025-07-17 16:21:35"
AUS18610,2109,8872,8610,3,z6815432061200_fecadde7ea87ac586bd5ec25fe7ccdc1.jpg,transcript_8872_2.jpg,"156b-nDZQaJ1EmoHChGoCFzqK4LuwNzt3","1jw0V-9bzsN1s9DDQ94BGZtsPTItqJiWV",2,image/jpeg,149948,active,,"2025-07-17 16:21:40","2025-07-17 16:21:40"
AUH18618,2115,8879,8618,1,cccd1.jpg,id_card_front_8879_0.jpg,"1u3O3mkhMub00xDBF4HcVdqJUO0x5DHMm","1ewwSnUvCazZ9YLMadzHIyUkFelpiOiwB",0,image/jpeg,144992,active,,"2025-07-17 16:39:57","2025-07-17 16:39:57"
AUH18618,2116,8879,8618,2,cccd22.jpg,id_card_back_8879_0.jpg,"10D1XRy_KBZb_UBcuv1pUsucaBi_SN9YQ","1ewwSnUvCazZ9YLMadzHIyUkFelpiOiwB",0,image/jpeg,166841,active,,"2025-07-17 16:40:07","2025-07-17 16:40:07"
AUH18618,2117,8879,8618,3,"1.jpg",transcript_8879_0.jpg,"1VNYbQ1q1q6PgkS1yfWSdz8Imr4UW1-sx","1ewwSnUvCazZ9YLMadzHIyUkFelpiOiwB",0,image/jpeg,61785,active,,"2025-07-17 16:40:30","2025-07-17 16:40:30"
AUH18618,2118,8879,8618,3,"2.jpg",transcript_8879_1.jpg,"1_-MgyRhBEg0yYPpS7eg1wUuCjY1im0EI","1ewwSnUvCazZ9YLMadzHIyUkFelpiOiwB",1,image/jpeg,91264,active,,"2025-07-17 16:40:39","2025-07-17 16:40:39"
AUH18618,2119,8879,8618,3,"3.jpg",transcript_8879_2.jpg,"1MRQqSd7Cw1VrPl5JHzyVTqw3HNHbP-9R","1ewwSnUvCazZ9YLMadzHIyUkFelpiOiwB",2,image/jpeg,119731,active,,"2025-07-17 16:40:47","2025-07-17 16:40:47"
AUH18618,2120,8879,8618,3,"4.jpg",transcript_8879_3.jpg,"1qfc3AlXit5_LQky7hCSEOf4H6kPKB2RL","1ewwSnUvCazZ9YLMadzHIyUkFelpiOiwB",3,image/jpeg,116505,active,,"2025-07-17 16:40:55","2025-07-17 16:40:55"
AUH18618,2121,8879,8618,3,"5.jpg",transcript_8879_4.jpg,"1sPcpTGZsFgQAapIOBkYvu21rmB5H3QxD","1ewwSnUvCazZ9YLMadzHIyUkFelpiOiwB",4,image/jpeg,110593,active,,"2025-07-17 16:41:02","2025-07-17 16:41:02"
AUH18618,2122,8879,8618,3,"6.jpg",transcript_8879_5.jpg,"1mqYt4vLXdo_3fh2EmMiYFhn0CZNXEVGy","1ewwSnUvCazZ9YLMadzHIyUkFelpiOiwB",5,image/jpeg,91045,active,,"2025-07-17 16:41:12","2025-07-17 16:41:12"
AUH18618,2123,8879,8618,3,"7.jpg",transcript_8879_6.jpg,"1oxWvqjQg34-1mkzJi05YuGaIuHtPzOau","1ewwSnUvCazZ9YLMadzHIyUkFelpiOiwB",6,image/jpeg,114114,active,,"2025-07-17 16:41:29","2025-07-17 16:41:29"
AUH18618,2124,8879,8618,3,"8.jpg",transcript_8879_7.jpg,"1NjIGxl068wlRpqfwIznRnktyb2V3tgyF","1ewwSnUvCazZ9YLMadzHIyUkFelpiOiwB",7,image/jpeg,87590,active,,"2025-07-17 16:41:37","2025-07-17 16:41:37"
AUH18618,2125,8879,8618,4,ilets.jpg,english_certificate_8879_0.jpg,"1C76MV7sUi6HkcVLAgNyx0L-1EAfoQgse","1ewwSnUvCazZ9YLMadzHIyUkFelpiOiwB",0,image/jpeg,176051,active,,"2025-07-17 16:41:52","2025-07-17 16:41:52"
AUS15052,2126,5180,5052,3,fcff6e6d6a566168fc9a960a2ceaf473.jpeg,transcript_5180_7.jpeg,"1TQhXFzfLIjpXoU52eGHU0-XOkrLwtfre","1aQcd_EaKeWn1IYVEOHJNhprIDqUqBTb6",7,image/jpeg,270390,active,,"2025-07-17 16:49:44","2025-07-17 16:49:44"
AUS15052,2127,5180,5052,3,"3d0f7f49706aa962dc12658b728e3156.jpeg",transcript_5180_7.jpeg,"1oFls1kIE98nAMG4mwQFNj1s5P2Uafl0W","1aQcd_EaKeWn1IYVEOHJNhprIDqUqBTb6",7,image/jpeg,240165,active,,"2025-07-17 16:49:47","2025-07-17 16:49:47"
AUS15052,2128,5180,5052,3,"04b5bef8e9ca5c68a1f1ac334cbe72fa.jpeg",transcript_5180_8.jpeg,"1Ze7Z7Iy3dE6Eg-2vPz9KYqyAMDEhYyA4","1aQcd_EaKeWn1IYVEOHJNhprIDqUqBTb6",8,image/jpeg,264992,active,,"2025-07-17 16:49:52","2025-07-17 16:49:52"
AUS15052,2129,5180,5052,3,fcff6e6d6a566168fc9a960a2ceaf473.jpeg,transcript_5180_9.jpeg,"1FGv3kiHEI3sG7RVIqvRwdGqMjKLHsm3L","1aQcd_EaKeWn1IYVEOHJNhprIDqUqBTb6",9,image/jpeg,270390,active,,"2025-07-17 16:50:19","2025-07-17 16:50:19"
AUS15052,2130,5180,5052,3,"3d0f7f49706aa962dc12658b728e3156.jpeg",transcript_5180_10.jpeg,"1UiJ9zQPRiFj5PqLxLixoFNL3U8ErPZb-","1aQcd_EaKeWn1IYVEOHJNhprIDqUqBTb6",10,image/jpeg,240165,active,,"2025-07-17 16:50:25","2025-07-17 16:50:25"
AUS15052,2131,5180,5052,3,"04b5bef8e9ca5c68a1f1ac334cbe72fa.jpeg",transcript_5180_10.jpeg,"19C5TK4vbTdq4_1Y75VKj8845KT4DqLzX","1aQcd_EaKeWn1IYVEOHJNhprIDqUqBTb6",10,image/jpeg,264992,active,,"2025-07-17 16:50:28","2025-07-17 16:50:28"
AUS15052,2132,5180,5052,10,IMG_6871.jpeg,birth_certificate_5180_0.jpeg,"1LOkB6u8-EeZrYxXV1LWN9U_dF7PEzCMi","1aQcd_EaKeWn1IYVEOHJNhprIDqUqBTb6",0,image/jpeg,332835,active,,"2025-07-17 16:50:40","2025-07-17 16:50:40"
AUS15052,2133,5180,5052,8,image.jpg,student_photo_5180_0.jpg,"11k_eQQpb_toFVRCvUJJRwHIe97ncNCpG","1aQcd_EaKeWn1IYVEOHJNhprIDqUqBTb6",0,image/jpeg,216097,active,,"2025-07-17 16:59:28","2025-07-17 16:59:28"
AUH18594,2146,8856,8594,3,Học bạ THPT.pdf,transcript_8856_0.pdf,"1kBnB-WcCTy8gqW5qA1vQ9cqGZOEd3dMz","1Hyfj6XozMTMQSZtKtBiCoW0z7RmnrXFz",0,application/pdf,1855164,active,,"2025-07-18 03:21:01","2025-07-18 03:21:01"
AUH18594,2147,8856,8594,4,Bằng IELTS.pdf,english_certificate_8856_0.pdf,"1__1Xsvq3oFZi7bbXL9O7Y7E_3aJWziqA","1Hyfj6XozMTMQSZtKtBiCoW0z7RmnrXFz",0,application/pdf,701113,active,,"2025-07-18 03:21:07","2025-07-18 03:21:07"
AUH18594,2151,8856,8594,1,CCCD mặt trước.jpg,id_card_front_8856_0.jpg,"1zOaD1oKdwqN9wY4WmXkm1C9EUas5bKTg","1Hyfj6XozMTMQSZtKtBiCoW0z7RmnrXFz",0,image/jpeg,175546,active,,"2025-07-18 03:33:57","2025-07-18 03:33:57"
AUH18594,2152,8856,8594,2,CCCD mặt sau.jpg,id_card_back_8856_0.jpg,"113aIC1DGsf-7ZWx7EcjCMQ_Ib6x2Fh65","1Hyfj6XozMTMQSZtKtBiCoW0z7RmnrXFz",0,image/jpeg,185733,active,,"2025-07-18 03:34:04","2025-07-18 03:34:04"
AUS15126,2176,5254,5126,3,HOC BA DANG GIA MINH.pdf,transcript_5254_0.pdf,"19bgm5V4_5dt-8xFVMu4_lwAQGlCDU2oE","1WKbxA5EHmkS6pJpeRDnYBkn3H46iJ5p_",0,application/pdf,2464543,active,,"2025-07-18 08:45:54","2025-07-18 08:45:54"
AUS15126,2177,5254,5126,3,HOC BA DANG GIA MINH.pdf,transcript_5254_1.pdf,"1oA3Exu141_P-mvHVmLW1ayoRZpx6tuhI","1WKbxA5EHmkS6pJpeRDnYBkn3H46iJ5p_",1,application/pdf,2464543,active,,"2025-07-18 08:46:29","2025-07-18 08:46:29"
AUS15126,2178,5254,5126,10,KHAI SINH DANG GIA MINH.pdf,birth_certificate_5254_0.pdf,"1xaR1yMa6RnSfJcDtHfjfk3JNxGHzVD1F","1WKbxA5EHmkS6pJpeRDnYBkn3H46iJ5p_",0,application/pdf,221843,active,,"2025-07-18 08:46:41","2025-07-18 08:46:41"
AUS10430,2228,507,430,3,IMG_0910.jpeg,transcript_507_0.jpeg,"1zJEMC_gSNkQxb1_fVCxLTHLYPyiIy2yg","1xa3-1UqCxzMAjaZuSe9IlVJLQOzpusZz",0,image/jpeg,236127,active,,"2025-07-18 11:58:27","2025-07-18 11:58:27"
AUS10430,2229,507,430,3,IMG_0911.jpeg,transcript_507_1.jpeg,"1y3Gw_7wqAdbDaMLB8gV-Pl9OnHH30Xul","1xa3-1UqCxzMAjaZuSe9IlVJLQOzpusZz",1,image/jpeg,269213,active,,"2025-07-18 11:58:32","2025-07-18 11:58:32"
AUS10430,2230,507,430,3,IMG_0912.jpeg,transcript_507_2.jpeg,"19JxEq6OrTgLFtbrQ4SpW6gypZvJxQpHL","1xa3-1UqCxzMAjaZuSe9IlVJLQOzpusZz",2,image/jpeg,259811,active,,"2025-07-18 11:58:37","2025-07-18 11:58:37"
AUS10430,2231,507,430,3,IMG_0914.jpeg,transcript_507_3.jpeg,"1DI4LWVE3m20zqfjXngreIYwdjst0X8uI","1xa3-1UqCxzMAjaZuSe9IlVJLQOzpusZz",3,image/jpeg,269971,active,,"2025-07-18 11:58:46","2025-07-18 11:58:46"
AUS10430,2232,507,430,3,IMG_0915.jpeg,transcript_507_4.jpeg,"15Jdlsw1APJ_hiwjrxpyyhVf_iGI5Q-ld","1xa3-1UqCxzMAjaZuSe9IlVJLQOzpusZz",4,image/jpeg,261464,active,,"2025-07-18 11:58:51","2025-07-18 11:58:51"
AUS10430,2233,507,430,3,IMG_0913.jpeg,transcript_507_3.jpeg,"19lnDUlQnw4b_UfH3OqAbCw4Wnxkbsccg","1xa3-1UqCxzMAjaZuSe9IlVJLQOzpusZz",3,image/jpeg,269794,active,,"2025-07-18 11:58:56","2025-07-18 11:58:56"
AUS10430,2234,507,430,3,IMG_0916.jpeg,transcript_507_5.jpeg,"1j55LGsrZNFD8N9eAwzR0uSZtbBFZPYFa","1xa3-1UqCxzMAjaZuSe9IlVJLQOzpusZz",5,image/jpeg,243609,active,,"2025-07-18 11:58:56","2025-07-18 11:58:56"
AUH11254,2238,1341,1254,1,"1718abb5b4bd13eaa7d6e042433f344a.jpeg",id_card_front_1341_0.jpeg,"1fFRg6bIjqH5Bw98i8TMXaU6T9cSKJST4","1qDCOezFJ3qOzDlQoRKG--a35AP5Gw9UM",0,image/jpeg,139768,active,,"2025-07-18 13:24:17","2025-07-18 13:24:17"
AUH11254,2239,1341,1254,2,cffb01816a937123566b0f4c0844fb1f.jpeg,id_card_back_1341_0.jpeg,"1H7jbryXNmVt5eMLHj7lzSTpcCBrvacgN","1qDCOezFJ3qOzDlQoRKG--a35AP5Gw9UM",0,image/jpeg,146399,active,,"2025-07-18 13:24:32","2025-07-18 13:24:32"
AUH11254,2240,1341,1254,3,IMG_6821.jpeg,transcript_1341_0.jpeg,"1omiW1xNQtLc_ICYEUGeWpLnHxVW-_sXw","1qDCOezFJ3qOzDlQoRKG--a35AP5Gw9UM",0,image/jpeg,233024,active,,"2025-07-18 13:25:00","2025-07-18 13:25:00"
AUH15085,2241,5213,5085,7,Giấy chứng nhận tốt nghiệp (tạm thời) - Trần Chí Thanh.pdf,diploma_5213_0.pdf,"1bGbkefWCUNHNxTQkX3giHnXiUjAzEKcW","1oH-88FYRNjhs_aLn7V8-jRlMki-Cp2Ph",0,application/pdf,198668,active,,"2025-07-18 13:58:09","2025-07-18 13:58:09"
AUH15085,2242,5213,5085,3,Học bạ - Trần Chí Thanh.pdf,transcript_5213_0.pdf,"1sbIXwlteNw91PAZSyeQ9EcLRsP8bKOn_","1oH-88FYRNjhs_aLn7V8-jRlMki-Cp2Ph",0,application/pdf,2232613,active,,"2025-07-18 13:59:41","2025-07-18 13:59:41"
AUH15085,2243,5213,5085,9,Chứng chỉ tiếng Anh - Trần Chí Thanh.pdf,english_certificare_5213_0.pdf,"1z_1NkSP5kXpCdhNq6irLYRRmrshYZjk9","1oH-88FYRNjhs_aLn7V8-jRlMki-Cp2Ph",0,application/pdf,371377,active,,"2025-07-18 14:00:57","2025-07-18 14:00:57"
AUH15085,2244,5213,5085,10,Giấy khai sinh - Trần Chí Thanh.pdf,birth_certificate_5213_0.pdf,"1EE_MmDb2L16BlHjrKeJDXP_RAFPPxj1F","1oH-88FYRNjhs_aLn7V8-jRlMki-Cp2Ph",0,application/pdf,218863,active,,"2025-07-18 14:01:29","2025-07-18 14:01:29"
AUH15085,2245,5213,5085,3,Học bạ - Trần Chí Thanh.pdf,transcript_5213_1.pdf,"1kIvSJ54CD2oix2RedYM4enb2lUBH-BF8","1oH-88FYRNjhs_aLn7V8-jRlMki-Cp2Ph",1,application/pdf,2232613,active,,"2025-07-18 14:02:21","2025-07-18 14:02:21"
AUH15085,2246,5213,5085,3,Học bạ - Trần Chí Thanh.pdf,transcript_5213_2.pdf,"1tXboTDGKC7z3bCsiJj-3ssM4mAgSHOgO","1oH-88FYRNjhs_aLn7V8-jRlMki-Cp2Ph",2,application/pdf,2232613,active,,"2025-07-18 14:10:26","2025-07-18 14:10:26"
AUH15085,2289,5213,5085,8,Ảnh thẻ - Trần Chí Thanh.jpg,student_photo_5213_0.jpg,"1MArDj8uzfFWwolQ8qUkx0gYoQUAbS65Q","1oH-88FYRNjhs_aLn7V8-jRlMki-Cp2Ph",0,image/jpeg,67125,active,,"2025-07-19 02:24:34","2025-07-19 02:24:34"
AUH15085,2290,5213,5085,3,Học bạ - Trần Chí Thanh.pdf,transcript_5213_3.pdf,"1j1GN1WMC5Zh51MTgg8ahhkRBG3TQC0R9","1oH-88FYRNjhs_aLn7V8-jRlMki-Cp2Ph",3,application/pdf,2232613,active,,"2025-07-19 02:24:44","2025-07-19 02:24:44"
AUS15126,2295,5254,5126,8,HINH DANG GIA MINH.jpg,student_photo_5254_0.jpg,"1KHd4FTiaHB2nO2i7GSekRlqtGZxC0X4v","1WKbxA5EHmkS6pJpeRDnYBkn3H46iJ5p_",0,image/jpeg,12564,active,,"2025-07-19 03:53:13","2025-07-19 03:53:13"
AUS15126,2298,5254,5126,3,HOC BA DANG GIA MINH.pdf,transcript_5254_2.pdf,"1Jkm7ihyzxaCxJMIcdtjMyF-5s8EMzptn","1WKbxA5EHmkS6pJpeRDnYBkn3H46iJ5p_",2,application/pdf,2464543,active,,"2025-07-19 03:53:58","2025-07-19 03:53:58"
AUS15126,2303,5254,5126,3,HOC BA DANG GIA MINH.pdf,transcript_5254_3.pdf,"1D5PT-05fgQKGcmS3tp5niUsRh3dOsz7a","1WKbxA5EHmkS6pJpeRDnYBkn3H46iJ5p_",3,application/pdf,2464543,active,,"2025-07-19 04:39:30","2025-07-19 04:39:30"
AUS15126,2304,5254,5126,3,HOC BA DANG GIA MINH.pdf,transcript_5254_4.pdf,"1DfqP2huTbBaDNvs-DwXLUC2FLJfG5L_I","1WKbxA5EHmkS6pJpeRDnYBkn3H46iJ5p_",4,application/pdf,2464543,active,,"2025-07-19 04:43:21","2025-07-19 04:43:21"
AUH19035,2329,9308,9035,1,IMG_0407.jpeg,id_card_front_9308_0.jpeg,"1qo4U6gYUR49pSWiyxRQg34Tb3xZi35DP","1FLfn3FrULGcS9xKAa8DTQduwPyashwU5",0,image/jpeg,268346,active,,"2025-07-19 09:14:14","2025-07-19 09:14:14"
AUH19035,2330,9308,9035,2,IMG_0408.jpeg,id_card_back_9308_0.jpeg,"1JhWnyp8BxoVdu382vuotO8JED1Np13i8","1FLfn3FrULGcS9xKAa8DTQduwPyashwU5",0,image/jpeg,304696,active,,"2025-07-19 09:14:53","2025-07-19 09:14:53"
AUH19035,2334,9308,9035,3,z6820748901354_3a1d03c32be31fb3092d27e187a65f34.jpg,transcript_9308_0.jpg,"1Rjp3RfKJtrYgMxZfAPGNIYI0LzXuZzoz","1FLfn3FrULGcS9xKAa8DTQduwPyashwU5",0,image/jpeg,119854,active,,"2025-07-19 09:39:40","2025-07-19 09:39:40"
AUH19118,2356,9392,9118,1,IMG_4012.jpeg,id_card_front_9392_0.jpeg,"10oJouWZhX3QXaGtoeRadQJ-ANSMaccg9","1PQTOHE1VFp0t0i4_kM3ohtIy0POSIUUu",0,image/jpeg,260456,active,,"2025-07-19 15:08:52","2025-07-19 15:08:52"
AUH19118,2357,9392,9118,2,IMG_4013.jpeg,id_card_back_9392_0.jpeg,"1W2TaznuKzhdNUVKENrDX5ay44rXX3Mkz","1PQTOHE1VFp0t0i4_kM3ohtIy0POSIUUu",0,image/jpeg,259050,active,,"2025-07-19 15:09:10","2025-07-19 15:09:10"
AUH19118,2359,9392,9118,3,hocbaphamchihoang.pdf,transcript_9392_0.pdf,"1n-eDibqfjgQfS0TCP8xk77DVlZlPC8cn","1PQTOHE1VFp0t0i4_kM3ohtIy0POSIUUu",0,application/pdf,5426876,active,,"2025-07-19 15:10:06","2025-07-19 15:10:06"
AUS17214,2375,7417,7214,3,z6821903845234_4e779469cdb67430c5442e5455ff9edc.jxl,transcript_7417_0.jxl,"1GVgYwowG_tDQCBIqudtzahhYzsemswqz","1O0SXtYHnGuyJQmNCFQRbjuy8uazN5Y9x",0,image/png,1295360,active,,"2025-07-19 16:07:26","2025-07-19 16:07:26"
AUS16403,2407,2564,6403,3,Nguyễn Lê Huy Hoàng.jpg,transcript_2564_0.jpg,"1GC5fa4LSFv6oYImlzdz4ZucSfk7pcLRs","1mazZP5-PyXf0ljDl1oqdC31KETnnK1rR",0,image/jpeg,113630,active,,"2025-07-20 03:28:49","2025-07-20 03:28:49"
AUS16403,2408,2564,6403,3,Nguyễn Lê Huy Hoàng.jpg,transcript_2564_1.jpg,"1-6IfmmisAgzRG_iy2yvCAiTHayR2Mysk","1mazZP5-PyXf0ljDl1oqdC31KETnnK1rR",1,image/jpeg,113630,active,,"2025-07-20 03:29:22","2025-07-20 03:29:22"
AUS16403,2409,2564,6403,3,Nguyễn Lê Huy Hoàng.jpg,transcript_2564_2.jpg,"1RkboFegxsEZ-6uSGmbLQTZ6wjFzo3kQO","1mazZP5-PyXf0ljDl1oqdC31KETnnK1rR",2,image/jpeg,113630,active,,"2025-07-20 03:29:50","2025-07-20 03:29:50"
AUS16403,2410,6595,6403,1,image.jpg,id_card_front_6595_2.jpg,"1hHqVk5SJKpWttndetL-l3vhj5m6zYSbV","1RKBPnOX0lIlfM82WJ85-fac2j-FKdenc",2,image/jpeg,280116,active,,"2025-07-20 03:49:48","2025-07-20 03:49:48"
AUS16403,2411,6595,6403,2,image.jpg,id_card_back_6595_1.jpg,"1F2NfRd3aWdV-LpR6LrzazBFsMMnFW82x","1RKBPnOX0lIlfM82WJ85-fac2j-FKdenc",1,image/jpeg,307076,active,,"2025-07-20 03:50:04","2025-07-20 03:50:04"
AUS15127,2435,5255,5127,8,"12.jpeg",student_photo_5255_0.jpeg,"1TpFfMwOstpYmIOd0jwl2NMImZW2oTp07","1q9w2fs0BQm05BR-LX8iJxpKmHztR_g83",0,image/jpeg,35138,active,,"2025-07-20 10:22:28","2025-07-20 10:22:28"
AUS15014,2440,5142,5014,8,KietVu.jpg,student_photo_5142_0.jpg,"1tD-C4LFe5bSvD730r16rROYOQqbT8OJd","1SCRxemFBq4k3gyUv2FfQahV4-fqPSKEl",0,image/jpeg,43936,active,,"2025-07-20 13:08:00","2025-07-20 13:08:00"
AUS15014,2442,5142,5014,3,Xác nhận điểm Nguyễn Khuyến.pdf,transcript_5142_0.pdf,"1F8sLcp-6qAeaJBfkqhBoBP-IygjYlFzh","1SCRxemFBq4k3gyUv2FfQahV4-fqPSKEl",0,application/pdf,3102641,active,,"2025-07-20 13:08:44","2025-07-20 13:08:44"
AUS15014,2443,5142,5014,9,IELTS 6.0.pdf,english_certificare_5142_0.pdf,"1d1MnDmK4b3hhENsZ93d4H8HI34UWRFmM","1SCRxemFBq4k3gyUv2FfQahV4-fqPSKEl",0,application/pdf,6636340,active,,"2025-07-20 13:08:53","2025-07-20 13:08:53"
AUS15014,2445,5142,5014,10,d611fdd3b16a07345e7b.jpg,birth_certificate_5142_0.jpg,"1CZEgIu1-ptYglGGUVJGoY32aZAUrBXpx","1SCRxemFBq4k3gyUv2FfQahV4-fqPSKEl",0,image/jpeg,104870,active,,"2025-07-20 13:11:30","2025-07-20 13:11:30"
AUH19317,2455,9596,9317,1,CMT NAM 01.jpg,id_card_front_9596_0.jpg,"1afUKx8XmupdYmvhfwQ1ky7laojCsc20V","1FPXCfQ360SxiLiWjIROu5JB-FOLDQx1f",0,image/jpeg,135132,active,,"2025-07-20 14:56:36","2025-07-20 14:56:36"
AUH19317,2456,9596,9317,2,z6824467343797_a15282e124b420f1e6024b668cbb8538.jpg,id_card_back_9596_0.jpg,"1nMPGPsLNzXvokr1xok4XVclZpCFY2DTN","1FPXCfQ360SxiLiWjIROu5JB-FOLDQx1f",0,image/jpeg,131965,active,,"2025-07-20 14:57:19","2025-07-20 14:57:19"
AUH19317,2457,9596,9317,3,HB T1.jpg,transcript_9596_0.jpg,"1icGhVxxdNuqeYWMF-ZLynQ-Qm09GAMGF","1FPXCfQ360SxiLiWjIROu5JB-FOLDQx1f",0,image/jpeg,118577,active,,"2025-07-20 14:59:36","2025-07-20 14:59:36"
AUH19317,2458,9596,9317,3,HT T2.jpg,transcript_9596_1.jpg,"17rw6xagV3ptcZkY8mwOVqg_zunF9KbTk","1FPXCfQ360SxiLiWjIROu5JB-FOLDQx1f",1,image/jpeg,117613,active,,"2025-07-20 14:59:41","2025-07-20 14:59:41"
AUS15054,2459,5182,5054,3,IMG_8970.jpeg,transcript_5182_0.jpeg,"1GdDR41uTaX2U1KtrU4b8ngmxTYQSJ2V0","16s0zmoKmIwEeNZncdF2Ke7xmV196dU-H",0,image/jpeg,276009,active,,"2025-07-20 15:26:37","2025-07-20 15:26:37"
AUS15054,2460,5182,5054,3,IMG_8971.jpeg,transcript_5182_1.jpeg,"1hYyfzUOw5A-hLGVr_g1EXVWolQQAMDX0","16s0zmoKmIwEeNZncdF2Ke7xmV196dU-H",1,image/jpeg,257537,active,,"2025-07-20 15:26:41","2025-07-20 15:26:41"
AUS15054,2461,5182,5054,3,IMG_8972.jpeg,transcript_5182_2.jpeg,"1-MmlFzOq7VCfI08ezN7Su8rdWVCvtpTh","16s0zmoKmIwEeNZncdF2Ke7xmV196dU-H",2,image/jpeg,252345,active,,"2025-07-20 15:26:51","2025-07-20 15:26:51"
AUS15054,2462,5182,5054,9,IMG_8973.jpeg,english_certificare_5182_0.jpeg,"1WE_hS9ruvjBKblg2QabcEQbQ3mUkhJYv","16s0zmoKmIwEeNZncdF2Ke7xmV196dU-H",0,image/jpeg,387614,active,,"2025-07-20 15:28:27","2025-07-20 15:28:27"
AUS15054,2463,5182,5054,3,IMG_8970.jpeg,transcript_5182_3.jpeg,"1wCvUDtWfFPJyVX9Z-K4wDtHPywR4wls9","16s0zmoKmIwEeNZncdF2Ke7xmV196dU-H",3,image/jpeg,276009,active,,"2025-07-20 15:29:25","2025-07-20 15:29:25"
AUS15054,2464,5182,5054,3,IMG_8971.jpeg,transcript_5182_4.jpeg,"10PENC2IrqzxqHNsX9LNpZKBdkWWMoUfi","16s0zmoKmIwEeNZncdF2Ke7xmV196dU-H",4,image/jpeg,257537,active,,"2025-07-20 15:29:28","2025-07-20 15:29:28"
AUS15054,2465,5182,5054,3,IMG_8972.jpeg,transcript_5182_4.jpeg,"1iHrGE_MFTlw2RWAmSb4JKUZqDCSbvkEL","16s0zmoKmIwEeNZncdF2Ke7xmV196dU-H",4,image/jpeg,252345,active,,"2025-07-20 15:29:31","2025-07-20 15:29:31"
AUS15054,2468,5182,5054,10,image.jpg,birth_certificate_5182_0.jpg,"1VwWpz1dbxTANVbm99cZYcNeZJkCnSKMd","16s0zmoKmIwEeNZncdF2Ke7xmV196dU-H",0,image/jpeg,399937,active,,"2025-07-20 15:31:38","2025-07-20 15:31:38"
AUS15054,2470,5182,5054,8,IMG_8974.jpeg,student_photo_5182_0.jpeg,"1We5wTLY7aUS4Wlr3ZIjSKpVR2BDdk0dM","16s0zmoKmIwEeNZncdF2Ke7xmV196dU-H",0,image/jpeg,79745,active,,"2025-07-20 15:35:34","2025-07-20 15:35:34"
AUH18676,2486,8941,8676,1,IMG_20250721_081257.jpg,id_card_front_8941_0.jpg,"1nN6YLgxEAQrflpyybjQLoUrjLdH0yQ9k","14-V1-tiaeQ1UhI82Ga-0LQr1sPAFMEJ5",0,image/jpeg,30897,active,,"2025-07-21 01:13:42","2025-07-21 01:13:42"
AUH18676,2487,8941,8676,2,IMG_20250721_081259.jpg,id_card_back_8941_0.jpg,"1msmWdqNZ5U2mjzdTrXme2qqxA7yqScqJ","14-V1-tiaeQ1UhI82Ga-0LQr1sPAFMEJ5",0,image/jpeg,35111,active,,"2025-07-21 01:13:51","2025-07-21 01:13:51"
AUH18676,2488,8941,8676,3,IMG_20250721_081511.jpg,transcript_8941_0.jpg,"1YrA-6pMtHN50NXYOg3SJooC49ST7fqbx","14-V1-tiaeQ1UhI82Ga-0LQr1sPAFMEJ5",0,image/jpeg,116112,active,,"2025-07-21 01:16:40","2025-07-21 01:16:40"
AUS15437,2489,5578,5437,8,att.ZgB6y-w118u2Gn0PJYpzGlxD7rL0PbK0Cma6kicghe4.jpeg,student_photo_5578_0.jpeg,"1UXzGmDfcif_oDk7hv_lqkn0mpFzu-pOe","1kCRi3ei219oy06-kyL3_sL5mWxpTMDVG",0,image/jpeg,57571,active,,"2025-07-21 01:21:57","2025-07-21 01:21:57"
AUS15126,2491,5254,5126,3,HOC BA DANG GIA MINH.pdf,transcript_5254_5.pdf,"1FnYFuGYZmBFf5iM4gpZlcEv5XdFIynCX","1WKbxA5EHmkS6pJpeRDnYBkn3H46iJ5p_",5,application/pdf,2464543,active,,"2025-07-21 01:23:14","2025-07-21 01:23:14"
AUS15126,2492,5254,5126,3,HOC BA DANG GIA MINH.pdf,transcript_5254_6.pdf,"1rcplpKNEsNtfT67kvIqJinlMjFgCXVXj","1WKbxA5EHmkS6pJpeRDnYBkn3H46iJ5p_",6,application/pdf,2464543,active,,"2025-07-21 01:29:42","2025-07-21 01:29:42"
AUS15126,2493,5254,5126,3,HOC BA DANG GIA MINH.pdf,transcript_5254_7.pdf,"1RVNXECJTkqlxBrZflwFL3xJL5HJjeWiV","1WKbxA5EHmkS6pJpeRDnYBkn3H46iJ5p_",7,application/pdf,2464543,active,,"2025-07-21 01:31:47","2025-07-21 01:31:47"
AUS16804,2503,7000,6804,3,"10.pdf",transcript_7000_4.pdf,"1wlHfPQr7ZG_QBRo5WeIegpmVgDFi72Wp","1oBIG2ftEQbM_5EB4oHrxmH77iyox7KtZ",4,application/pdf,151119,active,,"2025-07-21 02:04:51","2025-07-21 02:04:51"
AUS16804,2505,7000,6804,3,"10-1.pdf",transcript_7000_5.pdf,"1aA6etcQfHDJe9kfQyBH0O6X220B8-vCY","1oBIG2ftEQbM_5EB4oHrxmH77iyox7KtZ",5,application/pdf,525282,active,,"2025-07-21 02:07:34","2025-07-21 02:07:34"
AUS16804,2506,7000,6804,3,"11.pdf",transcript_7000_6.pdf,"1rulwmXIIa4VOT_bYKAOjf0yTSR-cJiMZ","1oBIG2ftEQbM_5EB4oHrxmH77iyox7KtZ",6,application/pdf,643444,active,,"2025-07-21 02:07:38","2025-07-21 02:07:38"
AUS16804,2507,7000,6804,3,"11-1.pdf",transcript_7000_7.pdf,"1haugdfXH_iiQFafeFOGZOPCw-2USDoZn","1oBIG2ftEQbM_5EB4oHrxmH77iyox7KtZ",7,application/pdf,639196,active,,"2025-07-21 02:07:44","2025-07-21 02:07:44"
AUS16804,2508,7000,6804,3,"12.pdf",transcript_7000_8.pdf,"1aaOiBXiCkaNo1HujF-xIRJIbBzpXIbMq","1oBIG2ftEQbM_5EB4oHrxmH77iyox7KtZ",8,application/pdf,623581,active,,"2025-07-21 02:07:50","2025-07-21 02:07:50"
AUS16804,2509,7000,6804,3,"12-1.pdf",transcript_7000_9.pdf,"1edl_Jm6A7-0r7X6F5CYeIZfh2f3eVf0V","1oBIG2ftEQbM_5EB4oHrxmH77iyox7KtZ",9,application/pdf,620224,active,,"2025-07-21 02:07:59","2025-07-21 02:07:59"
AUS16804,2510,7000,6804,9,VN10124529688-22-02-2025-ETRF.pdf,english_certificare_7000_0.pdf,"1fY4k2vQzNMxh-Jc0I-MmyMLSvVC0oy5n","1oBIG2ftEQbM_5EB4oHrxmH77iyox7KtZ",0,application/pdf,1022210,active,,"2025-07-21 02:08:27","2025-07-21 02:08:27"
AUS16804,2511,7000,6804,8,"2025-07-21_093053.png",student_photo_7000_0.png,"1KgfMjs1vlKOY65b-kAhz6iI0ZGKCDIrK","1oBIG2ftEQbM_5EB4oHrxmH77iyox7KtZ",0,image/png,220847,active,,"2025-07-21 02:32:24","2025-07-21 02:32:24"
AUH14960,2521,5088,4960,8,Ảnh 4x6.jpg,student_photo_5088_0.jpg,"1UD2Zd5-7fZhdmO7K1l-ham_KbKn97owC","19VmYbiH_fYJLUEv_yfDlH-AGbdBqxAu9",0,image/jpeg,23705,active,,"2025-07-21 03:53:51","2025-07-21 03:53:51"
AUH14960,2524,5088,4960,3,học bạ Bạch Quốc Hưng.pdf,transcript_5088_0.pdf,"1LizRsMoU_f0MWBuGtk0aejAhErlZWegr","19VmYbiH_fYJLUEv_yfDlH-AGbdBqxAu9",0,application/pdf,7064557,active,,"2025-07-21 03:55:19","2025-07-21 03:55:19"
AUH14960,2525,5088,4960,9,CC Ielts 6.5.pdf,english_certificare_5088_0.pdf,"1IooUmIB4xAMmEkkaFDKfKe_hhkRhuSg6","19VmYbiH_fYJLUEv_yfDlH-AGbdBqxAu9",0,application/pdf,425609,active,,"2025-07-21 03:55:45","2025-07-21 03:55:45"
AUH14960,2526,5088,4960,10,Giấy khai sinh của Hưng.jpg,birth_certificate_5088_0.jpg,"182bW1ESm3pFlmku3NuOh5bK_5bTvkI9T","19VmYbiH_fYJLUEv_yfDlH-AGbdBqxAu9",0,image/jpeg,169976,active,,"2025-07-21 03:56:21","2025-07-21 03:56:21"
AUH14960,2527,5088,4960,5,ĐG năng lực 96 điểm.jpg,other_achievements_5088_0.jpg,"1aTxSnoK_cZS8rArCTL8gGCzYxT3Z4gDE","19VmYbiH_fYJLUEv_yfDlH-AGbdBqxAu9",0,image/jpeg,104936,active,,"2025-07-21 03:57:16","2025-07-21 03:57:16"
AUH14960,2528,5088,4960,5,ĐG năng lực 96 điểm.jpg,other_achievements_5088_1.jpg,"1Ym5BLYHBzHHuZbKRbfCw8V9urN6LfEHe","19VmYbiH_fYJLUEv_yfDlH-AGbdBqxAu9",1,image/jpeg,104936,active,,"2025-07-21 03:57:44","2025-07-21 03:57:44"
AUH14960,2529,5088,4960,3,học bạ Bạch Quốc Hưng.pdf,transcript_5088_1.pdf,"1McXNXAZz7fv0fF5s2jicVItPk4wEzCDP","19VmYbiH_fYJLUEv_yfDlH-AGbdBqxAu9",1,application/pdf,7064557,active,,"2025-07-21 04:00:59","2025-07-21 04:00:59"
AUH15089,2544,5217,5089,8,LA Ngoc Khoa.png,student_photo_5217_0.png,"1Xw2IdjYjIlM8FVUBG775R52dkDj0EqJb","1IdyJuJzlEszTnelmd17OMkngALPzVAKt",0,image/png,43856,active,,"2025-07-21 06:22:36","2025-07-21 06:22:36"
AUH15089,2545,5217,5089,10,Gia khai sinh.jpg,birth_certificate_5217_0.jpg,"1BYuwCCrKXfdcwFJUOm4uk2gUyJX1cTMy","1IdyJuJzlEszTnelmd17OMkngALPzVAKt",0,image/jpeg,157661,active,,"2025-07-21 06:23:54","2025-07-21 06:23:54"
AUH15089,2546,5217,5089,5,ISC.jpg,other_achievements_5217_0.jpg,"1gcwLtVSnC2mikjla3Ad5X1VQ2USDuxP_","1IdyJuJzlEszTnelmd17OMkngALPzVAKt",0,image/jpeg,81233,active,,"2025-07-21 06:25:18","2025-07-21 06:25:18"
AUH15089,2547,5217,5089,3,G 10.pdf,transcript_5217_0.pdf,"1lD-3B9eYWMEhU7rf53VZvsX5e7NXZbgO","1IdyJuJzlEszTnelmd17OMkngALPzVAKt",0,application/pdf,151060,active,,"2025-07-21 06:28:17","2025-07-21 06:28:17"
AUH15089,2548,5217,5089,3,G 11.pdf,transcript_5217_1.pdf,"1LSADIRC309fD_rWGDZqkgQC1nFnvc9p6","1IdyJuJzlEszTnelmd17OMkngALPzVAKt",1,application/pdf,146782,active,,"2025-07-21 06:28:43","2025-07-21 06:28:43"
AUH15089,2549,5217,5089,3,G 12.pdf,transcript_5217_2.pdf,"1T6oHCI_SSf2DoWHZfcWCSROLpMdDp2MD","1IdyJuJzlEszTnelmd17OMkngALPzVAKt",2,application/pdf,82930,active,,"2025-07-21 06:28:54","2025-07-21 06:28:54"
AUH15089,2550,5217,5089,9,IELTS 2024.jpg,english_certificare_5217_0.jpg,"1rnDDixSva1wdVrhcjjVSKTbiOi1hWqcy","1IdyJuJzlEszTnelmd17OMkngALPzVAKt",0,image/jpeg,157661,active,,"2025-07-21 06:29:14","2025-07-21 06:29:14"
AUH15089,2551,5217,5089,5,ISC.jpg,other_achievements_5217_1.jpg,"1pvnQ11YRR7hz3MxoIHFfuVrEupyPbgMo","1IdyJuJzlEszTnelmd17OMkngALPzVAKt",1,image/jpeg,81233,active,,"2025-07-21 06:29:41","2025-07-21 06:29:41"
AUH15089,2552,5217,5089,3,G 10.pdf,transcript_5217_3.pdf,"14FOjADpe6kr0XLzgzaHU_Fw1CCRiffmd","1IdyJuJzlEszTnelmd17OMkngALPzVAKt",3,application/pdf,151060,active,,"2025-07-21 06:32:46","2025-07-21 06:32:46"
AUH15089,2553,5217,5089,3,G 11.pdf,transcript_5217_4.pdf,"1-hhyIDZ4RKShDi_1WSvqIp2cyYgsi2eY","1IdyJuJzlEszTnelmd17OMkngALPzVAKt",4,application/pdf,146782,active,,"2025-07-21 06:32:59","2025-07-21 06:32:59"
AUH15089,2554,5217,5089,3,G 12.pdf,transcript_5217_5.pdf,"17GcOyNyrkIIkzGpFbP2C8X4eRL-MJ4hY","1IdyJuJzlEszTnelmd17OMkngALPzVAKt",5,application/pdf,82930,active,,"2025-07-21 06:33:11","2025-07-21 06:33:11"
AUH18618,2557,8879,8618,3,"1.jpg",transcript_8879_8.jpg,"1JxNAIWL_TZXnow4CiNgdeLO7Ay_LImUD","1ewwSnUvCazZ9YLMadzHIyUkFelpiOiwB",8,image/jpeg,61785,active,,"2025-07-21 06:40:42","2025-07-21 06:40:42"
AUH13625,2563,3733,3625,8,IMG_8500 (1).JPG,student_photo_3733_0.JPG,"12YyMhKZmZAtLthZMp9koO_zWTamxxYpL","1jug83pmwTWf28iY75W6WtPBuSuwjww2s",0,image/jpeg,36987,active,,"2025-07-21 07:22:59","2025-07-21 07:22:59"
AUS15440,2564,5581,5440,3,"10.jpg",transcript_5581_7.jpg,"1iMQC78_4bZGhhL_vP6F4zFD_-quBl0fK","1RodU4mxf3SzlsSTcgGRdHdFR2-4k5B9h",7,image/jpeg,130089,active,,"2025-07-21 07:26:33","2025-07-21 07:26:33"
AUS15440,2565,5581,5440,3,"10a.jpg",transcript_5581_7.jpg,"1wtPY4MczGbq7mArUoLOCKBDGIvDjxbD0","1RodU4mxf3SzlsSTcgGRdHdFR2-4k5B9h",7,image/jpeg,105311,active,,"2025-07-21 07:26:36","2025-07-21 07:26:36"
AUS15440,2566,5581,5440,3,"11.jpg",transcript_5581_8.jpg,"1fXZy4zJjV2lpP42CYIPrXxPqKJCNp21T","1RodU4mxf3SzlsSTcgGRdHdFR2-4k5B9h",8,image/jpeg,134040,active,,"2025-07-21 07:26:39","2025-07-21 07:26:39"
AUS15440,2567,5581,5440,3,"11a.jpg",transcript_5581_8.jpg,"1JzX0amtQaQmjpYBZqZO4ZuMgnDXRNPKn","1RodU4mxf3SzlsSTcgGRdHdFR2-4k5B9h",8,image/jpeg,107072,active,,"2025-07-21 07:26:43","2025-07-21 07:26:43"
AUS15440,2568,5581,5440,3,"12.jpg",transcript_5581_9.jpg,"18jKMceVzTplBbu9zl9jalAaxSRqvQaJa","1RodU4mxf3SzlsSTcgGRdHdFR2-4k5B9h",9,image/jpeg,134272,active,,"2025-07-21 07:26:46","2025-07-21 07:26:46"
AUS15440,2569,5581,5440,3,"12a.jpg",transcript_5581_9.jpg,"1RXQrybzn1oJhKjQRXGNpRBfgMI2yMzl8","1RodU4mxf3SzlsSTcgGRdHdFR2-4k5B9h",9,image/jpeg,112780,active,,"2025-07-21 07:26:49","2025-07-21 07:26:49"
AUS15440,2570,5581,5440,3,"10.jpg",transcript_5581_10.jpg,"1UuPu_bM8xvLhS7Yf2h17WaKTszFr0cNe","1RodU4mxf3SzlsSTcgGRdHdFR2-4k5B9h",10,image/jpeg,130089,active,,"2025-07-21 07:30:04","2025-07-21 07:30:04"
AUS15440,2571,5581,5440,3,"10a.jpg",transcript_5581_10.jpg,"1JIkXTOM30SORZqp8afIyLuvvufgiqI3m","1RodU4mxf3SzlsSTcgGRdHdFR2-4k5B9h",10,image/jpeg,105311,active,,"2025-07-21 07:30:07","2025-07-21 07:30:07"
AUS15440,2572,5581,5440,3,"11.jpg",transcript_5581_11.jpg,"1ggEe1noT1PDVkOtOcvBGCGsbnFKfNGgu","1RodU4mxf3SzlsSTcgGRdHdFR2-4k5B9h",11,image/jpeg,134040,active,,"2025-07-21 07:30:10","2025-07-21 07:30:10"
AUS15440,2573,5581,5440,3,"11a.jpg",transcript_5581_11.jpg,"1TSaXMD4lS8RJDR3x_PGY3HjVjvTwd5ZO","1RodU4mxf3SzlsSTcgGRdHdFR2-4k5B9h",11,image/jpeg,107072,active,,"2025-07-21 07:30:13","2025-07-21 07:30:13"
AUS15440,2574,5581,5440,3,"12.jpg",transcript_5581_12.jpg,"1IjogRro2UG6JV1CtXWHTA4TIIxGbsJvY","1RodU4mxf3SzlsSTcgGRdHdFR2-4k5B9h",12,image/jpeg,134272,active,,"2025-07-21 07:30:15","2025-07-21 07:30:15"
AUS15440,2575,5581,5440,3,"12a.jpg",transcript_5581_12.jpg,"1R0kexBS8Xqz7_NObty4zNOHdIcVKVkOW","1RodU4mxf3SzlsSTcgGRdHdFR2-4k5B9h",12,image/jpeg,112780,active,,"2025-07-21 07:30:18","2025-07-21 07:30:18"
AUS15440,2576,5581,5440,3,"10.jpg",transcript_5581_13.jpg,"1FjlS7YckGbjZV5W4areXGf07-OW20OJb","1RodU4mxf3SzlsSTcgGRdHdFR2-4k5B9h",13,image/jpeg,130089,active,,"2025-07-21 07:30:52","2025-07-21 07:30:52"
AUS15440,2577,5581,5440,3,"10a.jpg",transcript_5581_14.jpg,"1gDs--xb3q6zn20lam0mgcbdLzt1RH6Mb","1RodU4mxf3SzlsSTcgGRdHdFR2-4k5B9h",14,image/jpeg,105311,active,,"2025-07-21 07:30:56","2025-07-21 07:30:56"
AUS15440,2578,5581,5440,3,"11.jpg",transcript_5581_14.jpg,"1-JWntshBLkyhx7oUA98hI4YQqnc8TGcD","1RodU4mxf3SzlsSTcgGRdHdFR2-4k5B9h",14,image/jpeg,134040,active,,"2025-07-21 07:31:02","2025-07-21 07:31:02"
AUS15440,2579,5581,5440,3,"11a.jpg",transcript_5581_15.jpg,"1lncmx4O4sFTIE2WxOWjQvsvQIjlvtLKf","1RodU4mxf3SzlsSTcgGRdHdFR2-4k5B9h",15,image/jpeg,107072,active,,"2025-07-21 07:31:03","2025-07-21 07:31:03"
AUS15440,2580,5581,5440,3,"12a.jpg",transcript_5581_16.jpg,"1R9hmv7_2cC3cwTI5E4-0GVB2sf-IKVsD","1RodU4mxf3SzlsSTcgGRdHdFR2-4k5B9h",16,image/jpeg,112780,active,,"2025-07-21 07:31:10","2025-07-21 07:31:10"
AUS15440,2582,5581,5440,3,"10.jpg",transcript_5581_17.jpg,"1cYmFQ5VSMtKG3KEMGkAjS8Kndgvqtkr-","1RodU4mxf3SzlsSTcgGRdHdFR2-4k5B9h",17,image/jpeg,130089,active,,"2025-07-21 07:34:37","2025-07-21 07:34:37"
AUS15440,2583,5581,5440,3,"10a.jpg",transcript_5581_17.jpg,"13-WejZMqDTyjIrfNss_H5qhJdGb-yMY9","1RodU4mxf3SzlsSTcgGRdHdFR2-4k5B9h",17,image/jpeg,105311,active,,"2025-07-21 07:34:37","2025-07-21 07:34:37"
AUS15440,2584,5581,5440,3,"11.jpg",transcript_5581_17.jpg,"1rh6VWzIYi1uEWAzDdH38wJBSlbY4n0kL","1RodU4mxf3SzlsSTcgGRdHdFR2-4k5B9h",17,image/jpeg,134040,active,,"2025-07-21 07:34:40","2025-07-21 07:34:40"
AUS15440,2585,5581,5440,3,"11a.jpg",transcript_5581_18.jpg,"19ObHbYqqWS1Ko_Kv4Y7CRnVFDnu4w2UJ","1RodU4mxf3SzlsSTcgGRdHdFR2-4k5B9h",18,image/jpeg,107072,active,,"2025-07-21 07:34:44","2025-07-21 07:34:44"
AUS15440,2586,5581,5440,3,"12.jpg",transcript_5581_18.jpg,"1z9XFZ5ry3C4INW3aLwLNMcxrUbfip_FN","1RodU4mxf3SzlsSTcgGRdHdFR2-4k5B9h",18,image/jpeg,134272,active,,"2025-07-21 07:34:46","2025-07-21 07:34:46"
AUS15440,2587,5581,5440,3,"12a.jpg",transcript_5581_19.jpg,"1AOeJ6nK9E4ItXAuszttQXgF3KthkZ0jJ","1RodU4mxf3SzlsSTcgGRdHdFR2-4k5B9h",19,image/jpeg,112780,active,,"2025-07-21 07:34:48","2025-07-21 07:34:48"
AUH13625,2589,3733,3625,3,z6826356057501_8548991a97c4c054af7002273e64feb4.jpg,transcript_3733_1.jpg,"1zkD6ziJ126UoPwcTKehZrjPd5zYYu5om","1jug83pmwTWf28iY75W6WtPBuSuwjww2s",1,image/jpeg,96462,active,,"2025-07-21 07:35:32","2025-07-21 07:35:32"
AUH13625,2592,3733,3625,3,z6826356032195_73055b29609f79eea63da37ed5dd1cf0.jpg,transcript_3733_2.jpg,"1C8IEF2eEZO99--dDcrGTdpjd4Q-VGwDz","1jug83pmwTWf28iY75W6WtPBuSuwjww2s",2,image/jpeg,99513,active,,"2025-07-21 07:35:53","2025-07-21 07:35:53"
AUH13625,2593,3733,3625,3,z6826356007570_a223555c039d0e92c429567b725a6c22.jpg,transcript_3733_3.jpg,"1xOGMvFBNoJwAt32ks2yuYXbVogWI4efE","1jug83pmwTWf28iY75W6WtPBuSuwjww2s",3,image/jpeg,95799,active,,"2025-07-21 07:36:00","2025-07-21 07:36:00"
AUH13625,2594,3733,3625,3,z6826356057501_8548991a97c4c054af7002273e64feb4.jpg,transcript_3733_4.jpg,"1RB4jJ4IGOjyBkuv_lEuIg9MXvfUgwhzx","1jug83pmwTWf28iY75W6WtPBuSuwjww2s",4,image/jpeg,96462,active,,"2025-07-21 07:36:17","2025-07-21 07:36:17"
AUH13625,2601,3733,3625,10,image_2025-07-21_144322118.png,birth_certificate_3733_0.png,"1VNFKf-pZ3UxVUDNxTr5y6m4lnpmoce9i","1jug83pmwTWf28iY75W6WtPBuSuwjww2s",0,image/png,1346749,active,,"2025-07-21 07:43:28","2025-07-21 07:43:28"
AUH13625,2602,3733,3625,3,z6826413684007_33b7b30868c537609a20f13a95710faf.jpg,transcript_3733_5.jpg,"1SfSD-f1vss6nMkJY_huNebtCJP8t6PPa","1jug83pmwTWf28iY75W6WtPBuSuwjww2s",5,image/jpeg,76191,active,,"2025-07-21 07:49:55","2025-07-21 07:49:55"
AUH13625,2603,3733,3625,3,z6826411035244_5f07b8b8fa26a369103f739e0970ec0e.jpg,transcript_3733_5.jpg,"1x39MgDAJVKhipGef1T4iN0Wb5AdpG1rI","1jug83pmwTWf28iY75W6WtPBuSuwjww2s",5,image/jpeg,89673,active,,"2025-07-21 07:49:57","2025-07-21 07:49:57"
AUH13625,2604,3733,3625,3,z6826408860611_91697f8e44b6ec47ecaea18837b1c3b9.jpg,transcript_3733_6.jpg,"1Fb9JNesLxFL1yQ7d2I5t5-GDgYaQ0JfX","1jug83pmwTWf28iY75W6WtPBuSuwjww2s",6,image/jpeg,75861,active,,"2025-07-21 07:50:01","2025-07-21 07:50:01"
AUH13625,2605,3733,3625,3,z6826406989192_3ce634e382bbeeca86aeccb1507d49bb.jpg,transcript_3733_7.jpg,"1WhU84Btd7c1DqYOPMWisHyVD3EbaQCCa","1jug83pmwTWf28iY75W6WtPBuSuwjww2s",7,image/jpeg,92927,active,,"2025-07-21 07:50:08","2025-07-21 07:50:08"
AUH13625,2606,3733,3625,3,z6826405254220_43cbc633ed838142a74616caf73d908a.jpg,transcript_3733_8.jpg,"1mG-RamaDqntplj9JouPS5EfKC48-Nhrw","1jug83pmwTWf28iY75W6WtPBuSuwjww2s",8,image/jpeg,84926,active,,"2025-07-21 07:50:12","2025-07-21 07:50:12"
AUH13625,2607,3733,3625,3,z6826403576991_4cd9ca75fe20e26b7d47b648233039fb.jpg,transcript_3733_9.jpg,"1VpYSKRtl51l2BKKSm0AgDuAVY-jzoA-9","1jug83pmwTWf28iY75W6WtPBuSuwjww2s",9,image/jpeg,97158,active,,"2025-07-21 07:50:17","2025-07-21 07:50:17"
AUH13625,2608,3733,3625,3,z6826401522906_0c80127ce3083da1aa0f7a796e65f7d7.jpg,transcript_3733_10.jpg,"1b2_TNWrDZGTMcJvYGetoVPjUnK8ftkUX","1jug83pmwTWf28iY75W6WtPBuSuwjww2s",10,image/jpeg,67833,active,,"2025-07-21 07:50:25","2025-07-21 07:50:25"
AUS18192,2612,8439,8192,1,z6738747879799_ae64e64f5d170b654572e52110914e16.jpg,id_card_front_8439_0.jpg,"1ODTA1DQ2VPGHkLVUZdiU0udRD0-WZCsc","1IPlmyiOC7uCVZX5988iJrX1tARj8LSDY",0,image/jpeg,97148,active,,"2025-07-21 09:19:08","2025-07-21 09:19:08"
AUS18192,2613,8439,8192,2,z6738747891740_7d7a8fbef74b480cc9c4c404d788a39b.jpg,id_card_back_8439_0.jpg,"11FdeUAhJcyAwzfOFiyJjCpQrHrsPpWgo","1kqMngCFNd4FbGoMWt5JiS1RSxY0EaYDM",0,image/jpeg,118409,active,,"2025-07-21 09:19:09","2025-07-21 09:19:09"
AUS18192,2617,8439,8192,3,z6738672244918_4817626a051a0f215e5589097077b8ee.jpg,transcript_8439_1.jpg,"1XZeIDuHlz9FrfJBJU-wkfxVYMUOae0oy","1kqMngCFNd4FbGoMWt5JiS1RSxY0EaYDM",1,image/jpeg,105676,active,,"2025-07-21 09:23:48","2025-07-21 09:23:48"
AUS15125,2626,5253,5125,8,IMG_3817 (2).JPG,student_photo_5253_0.JPG,"1PuaoATR4k5ZSduatwsmY-qxoedeioAlW","1cWuFa7Au0Ij8qmU9l6n8n-NXmRdMROSe",0,image/jpeg,61737,active,,"2025-07-21 11:32:09","2025-07-21 11:32:09"
AUS15125,2627,5253,5125,9,IMG_20250721_183308.jpg,english_certificare_5253_0.jpg,"1ZYm3uIBmH6z-ru8CdGbuCYF54HcmXUa3","1cWuFa7Au0Ij8qmU9l6n8n-NXmRdMROSe",0,image/jpeg,141218,active,,"2025-07-21 11:33:23","2025-07-21 11:33:23"
AUS15125,2628,5253,5125,5,IMG_20250721_183412.jpg,other_achievements_5253_0.jpg,"1hapuFPDae_2GVqliBqbigh9Wpm33phUf","1cWuFa7Au0Ij8qmU9l6n8n-NXmRdMROSe",0,image/jpeg,148012,active,,"2025-07-21 11:34:28","2025-07-21 11:34:28"
AUS15125,2629,5253,5125,3,IMG20250521080810.jpg,transcript_5253_0.jpg,"1wbKi6gogbKlaDnhmZYb4xPnyuFTVLGfC","1cWuFa7Au0Ij8qmU9l6n8n-NXmRdMROSe",0,image/jpeg,131518,active,,"2025-07-21 11:38:14","2025-07-21 11:38:14"
AUS15125,2630,5253,5125,3,IMG20250521080836.jpg,transcript_5253_1.jpg,"1Yyk4FVn0opn7042s4FkxgYaZGKd76vBE","1cWuFa7Au0Ij8qmU9l6n8n-NXmRdMROSe",1,image/jpeg,86287,active,,"2025-07-21 11:39:36","2025-07-21 11:39:36"
AUS15125,2631,5253,5125,3,IMG20250521080846.jpg,transcript_5253_2.jpg,"1cj_xo6EVp1pvFc9hgQFokvO9Z0M3FA6L","1cWuFa7Au0Ij8qmU9l6n8n-NXmRdMROSe",2,image/jpeg,120890,active,,"2025-07-21 11:40:08","2025-07-21 11:40:08"
AUS15125,2632,5253,5125,3,IMG20250521080757.jpg,transcript_5253_3.jpg,"1Ib_pLs6EcD6HZD6rD4Tm8Y0tOWmpMxlg","1cWuFa7Au0Ij8qmU9l6n8n-NXmRdMROSe",3,image/jpeg,132893,active,,"2025-07-21 11:41:00","2025-07-21 11:41:00"
AUS15125,2633,5253,5125,10,IMG_20250721_184526.jpg,birth_certificate_5253_0.jpg,"1i4vUa8yQZWKDKhnmh1yHD0bqFTnKgdny","1cWuFa7Au0Ij8qmU9l6n8n-NXmRdMROSe",0,image/jpeg,94810,active,,"2025-07-21 11:46:03","2025-07-21 11:46:03"
AUS15125,2634,5253,5125,5,IMG_20250721_183412.jpg,other_achievements_5253_1.jpg,"1YO9-VOL3JyUHhQ1E_ucEdMphAZ5q1szj","1cWuFa7Au0Ij8qmU9l6n8n-NXmRdMROSe",1,image/jpeg,148012,active,,"2025-07-21 11:48:55","2025-07-21 11:48:55"
AUS15125,2635,5253,5125,3,Học bạ - Intro.jpg,transcript_5253_4.jpg,"13-ZE4oMXdy6hSdB03WcWv8rc83AqAUkn","1cWuFa7Au0Ij8qmU9l6n8n-NXmRdMROSe",4,image/jpeg,86287,active,,"2025-07-21 11:55:00","2025-07-21 11:55:00"
AUS15125,2636,5253,5125,3,Học bạ - Intro - verGDTX .jpg,transcript_5253_5.jpg,"1Hjh1O3R2a2jnVWP9_6V2Zqqb5rBQzUNk","1cWuFa7Au0Ij8qmU9l6n8n-NXmRdMROSe",5,image/jpeg,112444,active,,"2025-07-21 11:55:15","2025-07-21 11:55:15"
AUS15125,2637,5253,5125,3,Học bạ - 10A15.jpg,transcript_5253_6.jpg,"1P5eUbE4UqAYKn3AHfWASGpC_yZu_dpQV","1cWuFa7Au0Ij8qmU9l6n8n-NXmRdMROSe",6,image/jpeg,120890,active,,"2025-07-21 11:55:27","2025-07-21 11:55:27"
AUS15125,2638,5253,5125,3,Học bạ - 11T1.jpg,transcript_5253_7.jpg,"1RGHm7UH0075Rv0NWMh42_piW7O7gelCZ","1cWuFa7Au0Ij8qmU9l6n8n-NXmRdMROSe",7,image/jpeg,132893,active,,"2025-07-21 11:55:36","2025-07-21 11:55:36"
AUS15125,2639,5253,5125,3,Học bạ - 12B.jpg,transcript_5253_8.jpg,"1HHR2Cts9PvYBiFG7vc5tkFp3OxX7IqVR","1cWuFa7Au0Ij8qmU9l6n8n-NXmRdMROSe",8,image/jpeg,131518,active,,"2025-07-21 11:55:52","2025-07-21 11:55:52"
AUH15442,2640,5583,5442,8,z6827420394084_5096ea34380bedb157449806816200dd.jpg,student_photo_5583_0.jpg,"14nZsq7zagj9EIEat_LS_jv8ymj3ANK1_","1bhBNpJWxe8UhgeGc6-FLeWoCRdUby233",0,image/jpeg,12693,active,,"2025-07-21 12:35:26","2025-07-21 12:35:26"
AUH15442,2641,5583,5442,7,CamScanner 2025-07-21 18.28.pdf,diploma_5583_0.pdf,"1Pn3CIBmRl0sguQvFS1FYcNbCg_-6TM5h","1bhBNpJWxe8UhgeGc6-FLeWoCRdUby233",0,application/pdf,538720,active,,"2025-07-21 12:38:22","2025-07-21 12:38:22"
AUH18676,2642,8941,8676,4,IMG_20250721_194340.jpg,english_certificate_8941_0.jpg,"1vBA8rcu7mo7nTxCzZ5U9erjeuh7FVpJW","14-V1-tiaeQ1UhI82Ga-0LQr1sPAFMEJ5",0,image/jpeg,76056,active,,"2025-07-21 12:45:11","2025-07-21 12:45:11"
AUH15442,2643,5583,5442,3,Học Bạ ĐỖ PHÚC KHANG.pdf,transcript_5583_0.pdf,"1JQ8qMaiA4TVJxY0pO5wNmCwzICT3GNdZ","1bhBNpJWxe8UhgeGc6-FLeWoCRdUby233",0,application/pdf,2349474,active,,"2025-07-21 12:45:57","2025-07-21 12:45:57"
AUH15442,2644,5583,5442,10,CamScanner 2025-07-21 18.26.pdf,birth_certificate_5583_0.pdf,"1yFkBzQ0UZPsglvlwBNy6gvDunDYbCNXs","1bhBNpJWxe8UhgeGc6-FLeWoCRdUby233",0,application/pdf,1374431,active,,"2025-07-21 12:48:43","2025-07-21 12:48:43"
AUH14979,2650,5107,4979,8,z6827862897185_d5dcfee7cb191be58de117fa1a8fd2cc.jpg,student_photo_5107_0.jpg,"1Z96wcrOyNE4Hs3ybHXNyR1Zx_4_tHBfH","1EHfxZxuLYbSoToaCIvEGXsi1P-XBmDml",0,image/jpeg,61159,active,,"2025-07-21 14:40:25","2025-07-21 14:40:25"
AUH14979,2651,5107,4979,3,z6827867733623_012952db90712a549187c39f1f8764c5.jpg,transcript_5107_0.jpg,"1CxbK7AJMVDMG0hDTrPQNjAn7NEDkXHCP","1EHfxZxuLYbSoToaCIvEGXsi1P-XBmDml",0,image/jpeg,69778,active,,"2025-07-21 14:41:03","2025-07-21 14:41:03"
AUH14979,2652,5107,4979,3,z6827865944888_2e23b4bdbcd54d89932c37c9b3cdaf2b.jpg,transcript_5107_1.jpg,"1TVs-VyKhvBVJt-r5ylNNWExh5t2aKmRG","1EHfxZxuLYbSoToaCIvEGXsi1P-XBmDml",1,image/jpeg,109630,active,,"2025-07-21 14:41:10","2025-07-21 14:41:10"
AUH14979,2653,5107,4979,3,z6827865961413_3bfc0aa3b8e9383d716afe86d8cdbcec.jpg,transcript_5107_2.jpg,"1EyNkbXyF7PY4BLquYHQPRTsWOtyie_Jw","1EHfxZxuLYbSoToaCIvEGXsi1P-XBmDml",2,image/jpeg,148058,active,,"2025-07-21 14:41:49","2025-07-21 14:41:49"
AUH14979,2654,5107,4979,3,z6827865962310_609c228304bab257ccb75cea388bb4e1.jpg,transcript_5107_3.jpg,"1MwWzgJxEzGmmmZys1hrEcu-SNGCLNv3r","1EHfxZxuLYbSoToaCIvEGXsi1P-XBmDml",3,image/jpeg,109666,active,,"2025-07-21 14:41:54","2025-07-21 14:41:54"
AUH14979,2655,5107,4979,3,z6827865968913_6a88f0d19fe9684c9c3262b30cee7983.jpg,transcript_5107_4.jpg,"19ZbiBbEcRVZXSiWxJcedfRQao9E8wbNV","1EHfxZxuLYbSoToaCIvEGXsi1P-XBmDml",4,image/jpeg,159328,active,,"2025-07-21 14:41:58","2025-07-21 14:41:58"
AUH14979,2656,5107,4979,3,z6827865954116_5a31ea959a6acd495bd1b22512a89487.jpg,transcript_5107_4.jpg,"123Bl_QEBc4r6JD8Ql6aZXljus-B3s28F","1EHfxZxuLYbSoToaCIvEGXsi1P-XBmDml",4,image/jpeg,107896,active,,"2025-07-21 14:42:02","2025-07-21 14:42:02"
AUH14979,2659,5107,4979,9,z6827880279988_60c65925f99adc8cc32fdbda96c05074.jpg,english_certificare_5107_0.jpg,"1oSgGBWX2Er1KHHFtzvozCTMceywztKIP","1EHfxZxuLYbSoToaCIvEGXsi1P-XBmDml",0,image/jpeg,189199,active,,"2025-07-21 14:56:01","2025-07-21 14:56:01"
AUH14979,2660,5107,4979,3,z6827867733623_012952db90712a549187c39f1f8764c5.jpg,transcript_5107_5.jpg,"1PFvSEHJen9-lez87nBLgEBZ6T85xE9HD","1EHfxZxuLYbSoToaCIvEGXsi1P-XBmDml",5,image/jpeg,69778,active,,"2025-07-21 14:56:42","2025-07-21 14:56:42"
AUH14979,2661,5107,4979,3,z6827865944888_2e23b4bdbcd54d89932c37c9b3cdaf2b.jpg,transcript_5107_6.jpg,"1Kdx_DzBcw0tzWelhLfQejlgB0tzMFy0x","1EHfxZxuLYbSoToaCIvEGXsi1P-XBmDml",6,image/jpeg,109630,active,,"2025-07-21 14:56:46","2025-07-21 14:56:46"
AUH14979,2662,5107,4979,3,z6827865968913_6a88f0d19fe9684c9c3262b30cee7983.jpg,transcript_5107_7.jpg,"1u_9mokwmurGTqUOTyaf93zijusstNiBX","1EHfxZxuLYbSoToaCIvEGXsi1P-XBmDml",7,image/jpeg,159328,active,,"2025-07-21 14:56:51","2025-07-21 14:56:51"
AUH14979,2663,5107,4979,3,z6827865962310_609c228304bab257ccb75cea388bb4e1.jpg,transcript_5107_7.jpg,"1lyqGDmdxj3j38AJWViQAYT3OHXNJHjUx","1EHfxZxuLYbSoToaCIvEGXsi1P-XBmDml",7,image/jpeg,109666,active,,"2025-07-21 14:56:53","2025-07-21 14:56:53"
AUH14979,2664,5107,4979,3,z6827865961413_3bfc0aa3b8e9383d716afe86d8cdbcec.jpg,transcript_5107_8.jpg,"1rD2gqaljPXbvA9ZX6HG5K25HxoLDWbLo","1EHfxZxuLYbSoToaCIvEGXsi1P-XBmDml",8,image/jpeg,148058,active,,"2025-07-21 14:56:57","2025-07-21 14:56:57"
AUH14979,2665,5107,4979,3,z6827865954116_5a31ea959a6acd495bd1b22512a89487.jpg,transcript_5107_8.jpg,"1MDg2yo3z6vinH0jf6o2qeCKR0kuQ3-sA","1EHfxZxuLYbSoToaCIvEGXsi1P-XBmDml",8,image/jpeg,107896,active,,"2025-07-21 14:57:00","2025-07-21 14:57:00"
AUH14979,2666,5107,4979,10,z6827875639732_11eabc1ddae1ca856f407671efd3452d.jpg,birth_certificate_5107_0.jpg,"1IVMCQwNG9VpyL6endM5hgJwiED6w5geJ","1EHfxZxuLYbSoToaCIvEGXsi1P-XBmDml",0,image/jpeg,162869,active,,"2025-07-21 14:57:30","2025-07-21 14:57:30"
AUH19444,2667,9730,9444,3,"20250721_210040.jpg",transcript_9730_0.jpg,"1-cT6jbNa1c9ldq9SZ4M6jrXTFwQPcH02","1mo4b_IJ_26y7rJQeyE5CdXjInRwgYQir",0,image/jpeg,122897,active,,"2025-07-21 15:04:15","2025-07-21 15:04:15"
AUS15127,2676,5255,5127,7,IMG_5559.jpeg,diploma_5255_0.jpeg,"1ttnPSgOYvdDRu-Kh54DdmgRqZA5I4y8D","1q9w2fs0BQm05BR-LX8iJxpKmHztR_g83",0,image/jpeg,191429,active,,"2025-07-22 00:25:17","2025-07-22 00:25:17"
AUS15127,2677,5255,5127,7,IMG_5560.jpeg,diploma_5255_1.jpeg,"1NYtSAtrRKZoV641VjxyCDanyzBiM_fmo","1q9w2fs0BQm05BR-LX8iJxpKmHztR_g83",1,image/jpeg,196335,active,,"2025-07-22 00:26:00","2025-07-22 00:26:00"
AUS15127,2678,5255,5127,3,IMG_5554.jpeg,transcript_5255_0.jpeg,"1YpmzliAJa-l6eyQQDz-UnGkSrYSpqckC","1q9w2fs0BQm05BR-LX8iJxpKmHztR_g83",0,image/jpeg,257582,active,,"2025-07-22 00:26:25","2025-07-22 00:26:25"
AUS15127,2679,5255,5127,3,IMG_5557.jpeg,transcript_5255_1.jpeg,"1lGVesqJImzUXTI3ol5HGaEUuah70WBPJ","1q9w2fs0BQm05BR-LX8iJxpKmHztR_g83",1,image/jpeg,239082,active,,"2025-07-22 00:26:42","2025-07-22 00:26:42"
AUS15127,2680,5255,5127,3,IMG_5558.jpeg,transcript_5255_2.jpeg,"1TeL1V4BSX9ihosgSdcMWvBx60NcbyejE","1q9w2fs0BQm05BR-LX8iJxpKmHztR_g83",2,image/jpeg,268364,active,,"2025-07-22 00:26:57","2025-07-22 00:26:57"
AUH18618,2681,8879,8618,8,"189724AE-B2A0-4649-9B2E-5A125B98BFF2.jpeg",student_photo_8879_0.jpeg,"1yUfuZAbLcM02DOtdMwV0oWATSe3H_LjV","16iQlDIKz2Z4UNM8sQNtrEfIhVkvBBCe-",0,image/jpeg,36984,active,,"2025-07-22 01:45:16","2025-07-22 01:45:16"
AUH18618,2682,8879,8618,7,F05CDA56-614A-489A-96DF-6AE0165EF9BD.jpeg,diploma_8879_0.jpeg,"1JwGvZjwt5VY1C0KisQnRXpXYFKBseSK1","16iQlDIKz2Z4UNM8sQNtrEfIhVkvBBCe-",0,image/jpeg,158434,active,,"2025-07-22 01:45:46","2025-07-22 01:45:46"
AUH18618,2683,8879,8618,3,"613C7BDD-DE9B-4FCD-BC74-8BD53E027DDE.jpeg",transcript_8879_9.jpeg,"1q95ibeVs-z2_L9C6K2g_IhEzT-xHf7_9","16iQlDIKz2Z4UNM8sQNtrEfIhVkvBBCe-",9,image/jpeg,121454,active,,"2025-07-22 01:46:06","2025-07-22 01:46:06"
AUH18618,2684,8879,8618,3,"3C0EED5A-BB5A-49CF-A395-F76CF873F1C6.jpeg",transcript_8879_10.jpeg,"1hfn_cv-J4CxNeLCzmi6bVKG4RCJcDsiy","16iQlDIKz2Z4UNM8sQNtrEfIhVkvBBCe-",10,image/jpeg,150789,active,,"2025-07-22 01:46:59","2025-07-22 01:46:59"
AUH18618,2686,8879,8618,3,"940A42C6-18B6-46C5-94BA-71832BBD8500.jpeg",transcript_8879_12.jpeg,"1GjdfheDQb94jYxUnIRNViB_Yn21xD4yY","16iQlDIKz2Z4UNM8sQNtrEfIhVkvBBCe-",12,image/jpeg,191464,active,,"2025-07-22 01:48:50","2025-07-22 01:48:50"
AUH18618,2687,8879,8618,3,"1B577FA8-E40D-43AC-872E-9CC3619FA602.jpeg",transcript_8879_13.jpeg,"1VZ_XMCSJe6sybq8OSVeFBEMEMCcQrzA0","16iQlDIKz2Z4UNM8sQNtrEfIhVkvBBCe-",13,image/jpeg,187350,active,,"2025-07-22 01:49:40","2025-07-22 01:49:40"
AUH18618,2688,8879,8618,3,"6641B8A3-0E32-4605-93DF-78B94B6283F6.jpeg",transcript_8879_14.jpeg,"1rbebsnD-MXWQV1MvNj3DpIKUy4vdnhAl","16iQlDIKz2Z4UNM8sQNtrEfIhVkvBBCe-",14,image/jpeg,197045,active,,"2025-07-22 01:50:33","2025-07-22 01:50:33"
AUH18618,2689,8879,8618,3,"6CA5A375-E4FC-4AD9-AAFE-E7463BD58DE0.jpeg",transcript_8879_15.jpeg,"1JkpujcH2M6FE5ZTEFSgCAN5BKibGwRpv","16iQlDIKz2Z4UNM8sQNtrEfIhVkvBBCe-",15,image/jpeg,186767,active,,"2025-07-22 01:50:45","2025-07-22 01:50:45"
AUH18618,2690,8879,8618,3,"7F2FE5DD-FB95-4A45-98D9-E5BC84FF8703.jpeg",transcript_8879_16.jpeg,"11cAgCmH0ziuW0cMEbv7Ky20UB3YrDY8G","16iQlDIKz2Z4UNM8sQNtrEfIhVkvBBCe-",16,image/jpeg,204081,active,,"2025-07-22 01:51:09","2025-07-22 01:51:09"
AUH18618,2691,8879,8618,3,"5E054A55-9C4D-4DD4-8203-C86CB2AE23A7.jpeg",transcript_8879_17.jpeg,"1YPEUkHkpYNhLt-hlUqrC8g-ff6x21b8T","16iQlDIKz2Z4UNM8sQNtrEfIhVkvBBCe-",17,image/jpeg,210443,active,,"2025-07-22 01:51:22","2025-07-22 01:51:22"
AUH18618,2692,8879,8618,9,C6C4A2DF-7210-4072-9C63-80B966A5E309.jpeg,english_certificare_8879_0.jpeg,"1eqGlY-zL90RBCIZONIjBZZIGRyVIOZ-j","16iQlDIKz2Z4UNM8sQNtrEfIhVkvBBCe-",0,image/jpeg,221228,active,,"2025-07-22 01:51:40","2025-07-22 01:51:40"
AUH18618,2693,8879,8618,10,D1195C56-15E8-4DF4-A2B2-DE02D7C45E7C.jpeg,birth_certificate_8879_0.jpeg,"1vG7jpOFIhM6Mh9zOgYa1ji8l9tZA0lnJ","16iQlDIKz2Z4UNM8sQNtrEfIhVkvBBCe-",0,image/jpeg,216008,active,,"2025-07-22 01:51:51","2025-07-22 01:51:51"
AUH19551,2697,9840,9551,1,IMG_0132.jpeg,id_card_front_9840_0.jpeg,"1Wajtv5040Js4e5PpEpS6-LgU-2CtOTd7","1i_d30p83BOFDMJZM8KjBmp2rtRIKtOKD",0,image/jpeg,403717,active,,"2025-07-22 03:48:37","2025-07-22 03:48:37"
AUH19551,2698,9840,9551,2,IMG_0133.jpeg,id_card_back_9840_0.jpeg,"1XvuW0R3ACxZt3fY2ZBSCXwSq9XpI41MM","1i_d30p83BOFDMJZM8KjBmp2rtRIKtOKD",0,image/jpeg,505772,active,,"2025-07-22 03:48:52","2025-07-22 03:48:52"
AUH19551,2699,9840,9551,3,"0090d8a50bbb63cd9ecbd86a14a58edf.jpeg",transcript_9840_0.jpeg,"1ArBXuE2-U0xhLBcSWKwf0XO4e1q3GYSy","1i_d30p83BOFDMJZM8KjBmp2rtRIKtOKD",0,image/jpeg,212636,active,,"2025-07-22 03:49:38","2025-07-22 03:49:38"
AUS15126,2701,5254,5126,7,CNTP TAM THOI DANG GIA MINH.pdf,diploma_5254_0.pdf,"1vxHicTXtKAfVXIIGo89ZFZ7cNhmD0EO-","1WKbxA5EHmkS6pJpeRDnYBkn3H46iJ5p_",0,application/pdf,343320,active,,"2025-07-22 04:39:17","2025-07-22 04:39:17"
AUH15118,2702,5246,5118,8,Quan.jpeg,student_photo_5246_0.jpeg,"1vS4kRIaIfQ02iPqF_vDMaOvT980_Dgvh","1_MxrKVeGFSw61fo2NVh7CVvfo9CD2OWt",0,image/jpeg,111788,active,,"2025-07-22 05:01:42","2025-07-22 05:01:42"
AUS17741,2722,7952,7741,8,Hinh ánh.jpg,student_photo_7952_0.jpg,"1I5BSwqEsB2SvYFoeg20bkNSuRMgsobzu","1xzqdelr3QzcTVJi9vnkU_tlDE4IfbUzw",0,image/jpeg,19663,active,,"2025-07-22 07:25:37","2025-07-22 07:25:37"
AUS17741,2724,7952,7741,3,Học bạ lớp 10.jpg,transcript_7952_3.jpg,"1UMZ8n17FW9UIIXSGEUN6xHOLlXR6kyFN","1xzqdelr3QzcTVJi9vnkU_tlDE4IfbUzw",3,image/jpeg,106320,active,,"2025-07-22 07:26:11","2025-07-22 07:26:11"
AUS17741,2725,7952,7741,3,Học bạ lớp 11.jpg,transcript_7952_4.jpg,"1o9EhqDNmB3P3TToV7BXMcTcNwq7sHjO1","1xzqdelr3QzcTVJi9vnkU_tlDE4IfbUzw",4,image/jpeg,102044,active,,"2025-07-22 07:26:21","2025-07-22 07:26:21"
AUS17741,2726,7952,7741,3,Học bạ lớp 12.jpg,transcript_7952_5.jpg,"1NwQpGWE_xtJN34TotiG3AB8HBEMGaJJs","1xzqdelr3QzcTVJi9vnkU_tlDE4IfbUzw",5,image/jpeg,97734,active,,"2025-07-22 07:26:31","2025-07-22 07:26:31"
AUS17741,2728,7952,7741,9,Bằng Tiếng Anh.jpg,english_certificare_7952_0.jpg,"1jKSmLnElH7D-ODMEVHSEIRtteV30SH1f","1xzqdelr3QzcTVJi9vnkU_tlDE4IfbUzw",0,image/jpeg,141303,active,,"2025-07-22 07:26:41","2025-07-22 07:26:41"
AUS17741,2729,7952,7741,10,Giay khai sinh.jpg,birth_certificate_7952_0.jpg,"1c7tAde5Hb2X-0vXTg3yQUcg8WdfhO1pG","1xzqdelr3QzcTVJi9vnkU_tlDE4IfbUzw",0,image/jpeg,189062,active,,"2025-07-22 07:26:54","2025-07-22 07:26:54"
AUS17741,2731,7952,7741,3,Học bạ lớp 10.jpg,transcript_7952_6.jpg,"10y8hVJUQ9c_omWSclYVfUlUqiVHR16vR","1xzqdelr3QzcTVJi9vnkU_tlDE4IfbUzw",6,image/jpeg,106320,active,,"2025-07-22 07:27:50","2025-07-22 07:27:50"
AUS17741,2732,7952,7741,3,Học bạ lớp 10.jpg,transcript_7952_7.jpg,"14CXJocWXa2gKaUW1SMwMXKH2CCTtxJKP","1xzqdelr3QzcTVJi9vnkU_tlDE4IfbUzw",7,image/jpeg,106320,active,,"2025-07-22 07:28:34","2025-07-22 07:28:34"
AUS17741,2733,7952,7741,3,Học bạ 10_11_12.7z,transcript_7952_8.7z,"1hIfFbp46APXetWDXiPf59S4pC-xVhOkQ","1xzqdelr3QzcTVJi9vnkU_tlDE4IfbUzw",8,application/x-7z-compressed,1390403,active,,"2025-07-22 07:30:02","2025-07-22 07:30:02"
AUS17741,2734,7952,7741,3,Học bạ lớp 11.jpg,transcript_7952_9.jpg,"1ox6nzsqNrFmAxFft1foBmKNe2gdvCxhq","1xzqdelr3QzcTVJi9vnkU_tlDE4IfbUzw",9,image/jpeg,102044,active,,"2025-07-22 07:30:23","2025-07-22 07:30:23"
AUS17741,2735,7952,7741,3,Học bạ lớp 12.jpg,transcript_7952_10.jpg,"1DNnsPJWfkspVIEElHaMohdN9Q6qUQMjw","1xzqdelr3QzcTVJi9vnkU_tlDE4IfbUzw",10,image/jpeg,97734,active,,"2025-07-22 07:30:38","2025-07-22 07:30:38"
AUS17741,2736,7952,7741,3,Học bạ 10_11_12.7z,transcript_7952_11.7z,"1iH4cqm2oXUUMquif_ijP2p9rSSc5vL86","1xzqdelr3QzcTVJi9vnkU_tlDE4IfbUzw",11,application/x-7z-compressed,1390403,active,,"2025-07-22 07:31:02","2025-07-22 07:31:02"
AUS17741,2739,7952,7741,3,Học bạ lớp 10.jpg,transcript_7952_12.jpg,"1hVU6Lw3PzJ59Can3cVPs07HtE2MCeAml","1xzqdelr3QzcTVJi9vnkU_tlDE4IfbUzw",12,image/jpeg,106320,active,,"2025-07-22 07:31:40","2025-07-22 07:31:40"
AUS17741,2740,7952,7741,3,Học bạ lớp 11.jpg,transcript_7952_13.jpg,"1w8dVJcL0OzaxutweQE5PO3xHaJFz9Ico","1xzqdelr3QzcTVJi9vnkU_tlDE4IfbUzw",13,image/jpeg,102044,active,,"2025-07-22 07:31:49","2025-07-22 07:31:49"
AUS17741,2741,7952,7741,3,Học bạ lớp 12.jpg,transcript_7952_14.jpg,"13bpOz0smP8ggznv7TqLQtCtEikWfrBID","1xzqdelr3QzcTVJi9vnkU_tlDE4IfbUzw",14,image/jpeg,97734,active,,"2025-07-22 07:31:54","2025-07-22 07:31:54"
AUS17741,2744,7952,7741,7,Kết quả thi TN.jpg,diploma_7952_0.jpg,"1PDrdL9ZtVjSjAq1Ab3wf9Lb_hrhAESXu","1xzqdelr3QzcTVJi9vnkU_tlDE4IfbUzw",0,image/jpeg,23282,active,,"2025-07-22 08:03:55","2025-07-22 08:03:55"
AUS17741,2745,7952,7741,3,Học bạ lớp 10.jpg,transcript_7952_15.jpg,"1maga04Zh2El7_pztoHNIvSXebzqUnkl2","1xzqdelr3QzcTVJi9vnkU_tlDE4IfbUzw",15,image/jpeg,106320,active,,"2025-07-22 08:05:00","2025-07-22 08:05:00"
AUS17741,2746,7952,7741,3,Học bạ lớp 11.jpg,transcript_7952_16.jpg,"1le2dtSjoAPV1LUYp_900HSnJmzaF6GTF","1xzqdelr3QzcTVJi9vnkU_tlDE4IfbUzw",16,image/jpeg,102044,active,,"2025-07-22 08:05:09","2025-07-22 08:05:09"
AUS17741,2747,7952,7741,3,Học bạ lớp 12.jpg,transcript_7952_17.jpg,"1sB3T_D7B_rJRwidT1R6LQShuiIK44NXr","1xzqdelr3QzcTVJi9vnkU_tlDE4IfbUzw",17,image/jpeg,97734,active,,"2025-07-22 08:05:14","2025-07-22 08:05:14"
AUS17741,2748,7952,7741,3,Học bạ 10_11_12.7z,transcript_7952_18.7z,"1xcD8syw3rMeYg6ydQ_4_UI5Arp-8G9PH","1xzqdelr3QzcTVJi9vnkU_tlDE4IfbUzw",18,application/x-7z-compressed,1390403,active,,"2025-07-22 08:07:13","2025-07-22 08:07:13"
AUS17741,2749,7952,7741,3,Học bạ lớp 10.jpg,transcript_7952_19.jpg,"19nxcAzDAgcSCoIR6U4vUAtNWKp22-xx5","1xzqdelr3QzcTVJi9vnkU_tlDE4IfbUzw",19,image/jpeg,106320,active,,"2025-07-22 08:09:51","2025-07-22 08:09:51"
AUS17741,2750,7952,7741,3,Học bạ lớp 11.jpg,transcript_7952_20.jpg,"162js11tAbwEVo6OtBmR3Pq0aZdDw1pGh","1xzqdelr3QzcTVJi9vnkU_tlDE4IfbUzw",20,image/jpeg,102044,active,,"2025-07-22 08:09:58","2025-07-22 08:09:58"
AUS17741,2751,7952,7741,3,Học bạ lớp 12.jpg,transcript_7952_21.jpg,"153NvmD4zFrozmcBSFSKB3RLf-_Fo1bB9","1xzqdelr3QzcTVJi9vnkU_tlDE4IfbUzw",21,image/jpeg,97734,active,,"2025-07-22 08:10:06","2025-07-22 08:10:06"
AUH15114,2776,5242,5114,9,z6828456765846_7260aac483ef53ac28171e487072aa38.jpg,english_certificare_5242_0.jpg,"1H83kmpilzURg7u9LswLnt2OeTb7NlNFZ","1QcSe4GB0JLAgNIzquZdVv26_ybaSiS_8",0,image/jpeg,142052,active,,"2025-07-22 12:42:10","2025-07-22 12:42:10"
AUH15114,2777,5242,5114,10,z6828493278999_2622d73ffc20773c7f0e226975a3864b.jpg,birth_certificate_5242_0.jpg,"14nR-JNRgbXZKt-ARqPe2ftjXkO60e8hF","1QcSe4GB0JLAgNIzquZdVv26_ybaSiS_8",0,image/jpeg,140036,active,,"2025-07-22 12:42:35","2025-07-22 12:42:35"
AUH15114,2778,5242,5114,5,z6828461402855_76cab1fd3c028849bc27b08ab8011546.jpg,other_achievements_5242_0.jpg,"1n5vIOYvLcSueC6G-yRAHH_V0uTDUTwS4","1QcSe4GB0JLAgNIzquZdVv26_ybaSiS_8",0,image/jpeg,122350,active,,"2025-07-22 12:43:22","2025-07-22 12:43:22"
AUH15114,2779,5242,5114,3,z6828450859228_526a67baafe71324ef3f713a71640606.jpg,transcript_5242_0.jpg,"1TsqW_dnqd82UfGGPYGxxEwUgkAwAtdg6","1QcSe4GB0JLAgNIzquZdVv26_ybaSiS_8",0,image/jpeg,56171,active,,"2025-07-22 12:49:32","2025-07-22 12:49:32"
AUH15114,2780,5242,5114,3,z6828450861166_af090f82aab9b6d55e14c4280d769e8e.jpg,transcript_5242_1.jpg,"19mk9BJYZfUw4eyGTtiHeBdnak-BwBLjd","1QcSe4GB0JLAgNIzquZdVv26_ybaSiS_8",1,image/jpeg,91080,active,,"2025-07-22 12:49:38","2025-07-22 12:49:38"
AUH15114,2781,5242,5114,3,z6828450872584_3263a88f28e19e5401a6310a54c8b1be.jpg,transcript_5242_2.jpg,"1_FX1nbKfbPZBHQ3BzTojOAnnFGqewOms","1QcSe4GB0JLAgNIzquZdVv26_ybaSiS_8",2,image/jpeg,82340,active,,"2025-07-22 12:49:45","2025-07-22 12:49:45"
AUH15114,2782,5242,5114,3,z6828450867166_0c8ea4742c21398104dcd450b78d6c4d.jpg,transcript_5242_3.jpg,"1aQeZY-TrRkEyXxfkZiE5qw4L9vwd1KeO","1QcSe4GB0JLAgNIzquZdVv26_ybaSiS_8",3,image/jpeg,108280,active,,"2025-07-22 12:49:54","2025-07-22 12:49:54"
AUH15114,2783,5242,5114,3,z6828450867266_99e75c2d861d127f7f2a0b1b9347d8f8.jpg,transcript_5242_4.jpg,"1Nw9mcWjeGX25BTsJAp2gVkbQXgCPe78m","1QcSe4GB0JLAgNIzquZdVv26_ybaSiS_8",4,image/jpeg,89096,active,,"2025-07-22 12:50:03","2025-07-22 12:50:03"
AUH15114,2784,5242,5114,3,z6828450878449_5f054fc2ff23fd9ab2c6daa4fd293016.jpg,transcript_5242_5.jpg,"1WmWNvEG6M9tja8Z4LsjFCIBYGO08TO5T","1QcSe4GB0JLAgNIzquZdVv26_ybaSiS_8",5,image/jpeg,88970,active,,"2025-07-22 12:50:16","2025-07-22 12:50:16"
AUH15114,2785,5242,5114,3,z6828450876406_592152fb2d10fe096663651dee0fa672.jpg,transcript_5242_6.jpg,"1yTEhg0QtE0Ol5cSszqPHNXihjiNOaNmp","1QcSe4GB0JLAgNIzquZdVv26_ybaSiS_8",6,image/jpeg,81901,active,,"2025-07-22 12:50:24","2025-07-22 12:50:24"
AUH15114,2786,5242,5114,3,z6828450928398_e8aeed6fef9c63a049909cb20384ca6e.jpg,transcript_5242_7.jpg,"112J28WXN9poA_IAlbBLyaeKnjgZQmJAt","1QcSe4GB0JLAgNIzquZdVv26_ybaSiS_8",7,image/jpeg,96321,active,,"2025-07-22 12:50:32","2025-07-22 12:50:32"
AUH15114,2787,5242,5114,3,z6828450950680_0ff4555c27f816eee054d9b447bcddc7.jpg,transcript_5242_8.jpg,"13i_a1tKxnlmDmIi8ryBgFWREZK9_mTan","1QcSe4GB0JLAgNIzquZdVv26_ybaSiS_8",8,image/jpeg,81336,active,,"2025-07-22 12:50:36","2025-07-22 12:50:36"
AUH15114,2788,5242,5114,8,z6342815516323_6cb740f30317f311fe02f0970473d289.jpg,student_photo_5242_0.jpg,"1a307I79cvy_4n5PppcX_bzMD6V0XPHS8","1QcSe4GB0JLAgNIzquZdVv26_ybaSiS_8",0,image/jpeg,117974,active,,"2025-07-22 12:52:01","2025-07-22 12:52:01"
AUH15114,2789,5242,5114,8,z6342818880293_1170fc5058bc9edb4868fbe3a2d7e550.jpg,student_photo_5242_0.jpg,"1GcLWwcJpNmBKYZEMjbMVnTmi-y4S4aR1","1QcSe4GB0JLAgNIzquZdVv26_ybaSiS_8",0,image/jpeg,130522,active,,"2025-07-22 12:52:03","2025-07-22 12:52:03"
AUH15114,2790,5242,5114,5,z6828461402855_76cab1fd3c028849bc27b08ab8011546.jpg,other_achievements_5242_1.jpg,"1I-Ir0K-ErEFL16kPEolu38Ub_w7rKUeF","1QcSe4GB0JLAgNIzquZdVv26_ybaSiS_8",1,image/jpeg,122350,active,,"2025-07-22 12:52:24","2025-07-22 12:52:24"
AUH15114,2791,5242,5114,3,z6828450859228_526a67baafe71324ef3f713a71640606.jpg,transcript_5242_9.jpg,"1yFoaCtanPo8rtZnC7LsxMF28IHrPSM9f","1QcSe4GB0JLAgNIzquZdVv26_ybaSiS_8",9,image/jpeg,56171,active,,"2025-07-22 12:54:09","2025-07-22 12:54:09"
AUH15114,2792,5242,5114,3,z6828450861166_af090f82aab9b6d55e14c4280d769e8e.jpg,transcript_5242_10.jpg,"1NpMuF0J3Lz6DQUkslJ-YD1eBxMfMmcME","1QcSe4GB0JLAgNIzquZdVv26_ybaSiS_8",10,image/jpeg,91080,active,,"2025-07-22 12:54:18","2025-07-22 12:54:18"
AUH15114,2793,5242,5114,3,z6828450859228_526a67baafe71324ef3f713a71640606.jpg,transcript_5242_11.jpg,"1M1DmL-q_YXn1Be0izfHoFLSwGW0FLGN2","1QcSe4GB0JLAgNIzquZdVv26_ybaSiS_8",11,image/jpeg,56171,active,,"2025-07-22 12:55:16","2025-07-22 12:55:16"
AUH15114,2795,5242,5114,3,SAO Y BÁN CHÍNH.pdf,transcript_5242_12.pdf,"1JWzfz_pASlSfffexum3DPru5frePvcWJ","1QcSe4GB0JLAgNIzquZdVv26_ybaSiS_8",12,application/pdf,242295,active,,"2025-07-22 12:56:43","2025-07-22 12:56:43"
AUH15114,2796,5242,5114,3,TRUNG HOC PHÒ THÔNG.pdf,transcript_5242_13.pdf,"1lTJIp9E7Y6YBgaWWSH4rFmAeX9aEVwPM","1QcSe4GB0JLAgNIzquZdVv26_ybaSiS_8",13,application/pdf,352760,active,,"2025-07-22 12:57:02","2025-07-22 12:57:02"
AUH15114,2797,5242,5114,3,SAO Y BÁN CHÍNH.pdf,transcript_5242_14.pdf,"1TvII7tlYeyh4Xor9gIFuan1uQ4z4kzn2","1QcSe4GB0JLAgNIzquZdVv26_ybaSiS_8",14,application/pdf,242295,active,,"2025-07-22 12:57:16","2025-07-22 12:57:16"
AUH15114,2798,5242,5114,3,Diêm trung binh.pdf,transcript_5242_15.pdf,"1OJiMqpxZApduxD6PATQTTnwvusI2ai2N","1QcSe4GB0JLAgNIzquZdVv26_ybaSiS_8",15,application/pdf,2176941,active,,"2025-07-22 13:00:19","2025-07-22 13:00:19"
AUH15100,2800,5228,5100,8,Ảnh thẻ.jpg,student_photo_5228_0.jpg,"1x0lcYvSwClviXABMpCR-i6oTwiH7NVc_","1sdYHJALQM8eeWF1RDa5YlWNRcpkPWVdY",0,image/jpeg,40980,active,,"2025-07-22 13:08:18","2025-07-22 13:08:18"
AUS15103,2810,5231,5103,7,"10cca1e4-4818-4ee9-843a-431b897de731.jpg",diploma_5231_0.jpg,"16WYX042Fk5lm3BXeCXk25JdXzid3L87r","15bms_CZKFNDC2Q6Lj52Qd3mp3TOvCy5K",0,image/jpeg,81431,active,,"2025-07-22 14:19:58","2025-07-22 14:19:58"
AUS15103,2811,5231,5103,3,"1.jpg",transcript_5231_17.jpg,"1Oor3JhWplKkCIj91f7bUDzmOa2cvzelI","15bms_CZKFNDC2Q6Lj52Qd3mp3TOvCy5K",17,image/jpeg,120007,active,,"2025-07-22 14:22:45","2025-07-22 14:22:45"
AUS15103,2812,5231,5103,3,"2.jpg",transcript_5231_17.jpg,"1WQF-c3--gaOjNYWwWQXTLaoMo4x3-clb","15bms_CZKFNDC2Q6Lj52Qd3mp3TOvCy5K",17,image/jpeg,152985,active,,"2025-07-22 14:22:49","2025-07-22 14:22:49"
AUS15103,2813,5231,5103,3,a7f8b42c-23bf-4f3c-b81c-91d60746cc0f.jpg,transcript_5231_18.jpg,"1B_8-npR6aUrJxhsy5GoynSNJF81bNdFl","15bms_CZKFNDC2Q6Lj52Qd3mp3TOvCy5K",18,image/jpeg,160984,active,,"2025-07-22 14:22:59","2025-07-22 14:22:59"
AUS15103,2814,5231,5103,3,"90c7d3c5-1509-4c97-bad0-9cdc67ff3473.jpg",transcript_5231_18.jpg,"11RH0HD6oGnLgVQsUy3dR1mZKGER-1me0","15bms_CZKFNDC2Q6Lj52Qd3mp3TOvCy5K",18,image/jpeg,139474,active,,"2025-07-22 14:23:02","2025-07-22 14:23:02"
AUS15103,2815,5231,5103,3,ae81134c-5026-40e2-88be-9efc1b9fcb95.jpg,transcript_5231_19.jpg,"1E-UY_KpFoJKueD_iMdbgNY53C_E3BKft","15bms_CZKFNDC2Q6Lj52Qd3mp3TOvCy5K",19,image/jpeg,169189,active,,"2025-07-22 14:23:05","2025-07-22 14:23:05"
AUS15103,2816,5231,5103,3,cbea8cc1-3f93-42f8-a1bf-bda8d5932a17.jpg,transcript_5231_19.jpg,"1NCTbpJANMcxD_XNkQXVp4uZS2OfUSYYe","15bms_CZKFNDC2Q6Lj52Qd3mp3TOvCy5K",19,image/jpeg,138707,active,,"2025-07-22 14:23:07","2025-07-22 14:23:07"
AUS15103,2817,5231,5103,3,"324d5e73-ef14-43ca-a12d-1bd3d6996b63.jpg",transcript_5231_20.jpg,"1mQ87f92uwNzuxBMo1GfaKIGLm9iHI5Dg","15bms_CZKFNDC2Q6Lj52Qd3mp3TOvCy5K",20,image/jpeg,172392,active,,"2025-07-22 14:23:11","2025-07-22 14:23:11"
AUS15103,2818,5231,5103,3,"4b638766-e449-4044-9c25-94c8ff33c133.jpg",transcript_5231_20.jpg,"1j_oCyepnfq0uhv4Kr7-FkLSSv2QMQKl1","15bms_CZKFNDC2Q6Lj52Qd3mp3TOvCy5K",20,image/jpeg,144482,active,,"2025-07-22 14:23:14","2025-07-22 14:23:14"
AUS15103,2819,5231,5103,3,"4b638766-e449-4044-9c25-94c8ff33c133.jpg",transcript_5231_21.jpg,"1LdXj5m9YDnONjoJE3YuRoInqbe6RRIo1","15bms_CZKFNDC2Q6Lj52Qd3mp3TOvCy5K",21,image/jpeg,144482,active,,"2025-07-22 14:25:15","2025-07-22 14:25:15"
AUS15103,2820,5231,5103,10,"324d5e73-ef14-43ca-a12d-1bd3d6996b63.jpg",birth_certificate_5231_0.jpg,"1-RoOEP-KNeb-Z6p9NDj0SDb8IMsTxdHi","15bms_CZKFNDC2Q6Lj52Qd3mp3TOvCy5K",0,image/jpeg,172392,active,,"2025-07-22 14:25:31","2025-07-22 14:25:31"
AUS15103,2821,5231,5103,3,"324d5e73-ef14-43ca-a12d-1bd3d6996b63.jpg",transcript_5231_22.jpg,"1fHI7a5CKC-4ZfgzP78lso1GQfAg2lJ9W","15bms_CZKFNDC2Q6Lj52Qd3mp3TOvCy5K",22,image/jpeg,172392,active,,"2025-07-22 14:29:26","2025-07-22 14:29:26"
AUH19444,2831,9730,9444,1,IMG_1753231422871_1753231438959.jpg,id_card_front_9730_0.jpg,"1nuoSb3XUQKogPuITmGcqklcYuu6o7yq5","1mo4b_IJ_26y7rJQeyE5CdXjInRwgYQir",0,image/jpeg,84855,active,,"2025-07-23 00:47:28","2025-07-23 00:47:28"
AUH19444,2832,9730,9444,2,IMG_1753231422967_1753231439594.jpg,id_card_back_9730_0.jpg,"1zKh1_uS8NH4BqpQ7Tbchxt1cqy9WjAi0","1mo4b_IJ_26y7rJQeyE5CdXjInRwgYQir",0,image/jpeg,105698,active,,"2025-07-23 00:48:11","2025-07-23 00:48:11"
AUS15019,2838,5147,5019,8,IMG_7700.jpeg,student_photo_5147_0.jpeg,"1nMv5bbSvLWGw5ftlV0XxrboE1pdM-znE","1a57dipk9yMBQOfkVf6ww0Jfjz_x7HxEa",0,image/jpeg,132644,active,,"2025-07-23 02:04:52","2025-07-23 02:04:52"
AUS15019,2839,5147,5019,7,IMG_8431.jpeg,diploma_5147_0.jpeg,"1HINtXDMsA6PJT8rTmCNVpAfyWQgq9Agx","1a57dipk9yMBQOfkVf6ww0Jfjz_x7HxEa",0,image/jpeg,153111,active,,"2025-07-23 02:05:22","2025-07-23 02:05:22"
AUS15019,2840,5147,5019,3,IMG_8433.jpeg,transcript_5147_0.jpeg,"1WHh7pGTZermCQWA94bLqbfwnkV2QCptM","1a57dipk9yMBQOfkVf6ww0Jfjz_x7HxEa",0,image/jpeg,124667,active,,"2025-07-23 02:06:13","2025-07-23 02:06:13"
AUH15094,2844,5222,5094,8,z6831953860877_720e89e1e7d969428b09f6ff7a12442a.jpg,student_photo_5222_0.jpg,"1yJ7u_4RvAoL7OH7lwafThBVXmHaSG-fj","1MaLjybmcZ50lE-oYkbbYNrGsfz-1__jl",0,image/jpeg,49204,active,,"2025-07-23 02:09:47","2025-07-23 02:09:47"
AUH15094,2845,5222,5094,7,CONG NHAN TOT NGHIEP - HOANG TUAN DAT.pdf,diploma_5222_0.pdf,"1r0Icw7-OCROmVoO1EJklV1IPTRtWGxjQ","1MaLjybmcZ50lE-oYkbbYNrGsfz-1__jl",0,application/pdf,7188682,active,,"2025-07-23 02:11:00","2025-07-23 02:11:00"
AUS15019,2846,5147,5019,3,Hồ-sơ-sản-phẩm-của-HS-1.xlsx,transcript_5147_1.xlsx,"1fjGX512tSwR2CFBkFhMvTWId8tizn9tt","1a57dipk9yMBQOfkVf6ww0Jfjz_x7HxEa",1,application/vnd.openxmlformats-officedocument.spreadsheetml.sheet,14753,active,,"2025-07-23 02:24:19","2025-07-23 02:24:19"
AUH15094,2847,5222,5094,10,GIAY KHAI SINH.pdf,birth_certificate_5222_0.pdf,"10Bv-ra3-EoDpBi-rIIVzQ4PZa4tJMfhe","1MaLjybmcZ50lE-oYkbbYNrGsfz-1__jl",0,application/pdf,8627536,active,,"2025-07-23 02:27:32","2025-07-23 02:27:32"
AUS15019,2850,5147,5019,10,Giấy khai sinh.pdf,birth_certificate_5147_0.pdf,"1C1UcaMcSF_gCMItLkWNrz4EShXH0AIeF","1a57dipk9yMBQOfkVf6ww0Jfjz_x7HxEa",0,application/pdf,2671305,active,,"2025-07-23 02:42:07","2025-07-23 02:42:07"
AUS15019,2856,5147,5019,3,Hoc ba Vo Dinh Tuan.pdf,transcript_5147_2.pdf,"1_kg43hpYIkMsTpYNNWXePtBk94Jc1fV5","1a57dipk9yMBQOfkVf6ww0Jfjz_x7HxEa",2,application/pdf,2180214,active,,"2025-07-23 03:06:55","2025-07-23 03:06:55"
AUS15019,2857,5147,5019,3,Hoc ba Vo Dinh Tuan.pdf,transcript_5147_3.pdf,"1C3TjmWXO8e4lObeOzcBDKJcc7dTufTii","1a57dipk9yMBQOfkVf6ww0Jfjz_x7HxEa",3,application/pdf,2180214,active,,"2025-07-23 03:07:18","2025-07-23 03:07:18"
AUS15019,2858,5147,5019,3,Hoc ba Vo Dinh Tuan.pdf,transcript_5147_4.pdf,"1HqLmQnIO5fwAn5Umhb3GNamt9RK8zeJl","1a57dipk9yMBQOfkVf6ww0Jfjz_x7HxEa",4,application/pdf,2180214,active,,"2025-07-23 03:07:39","2025-07-23 03:07:39"
AUS15437,2859,5578,5437,7,CamScanner 23-7-25 10.07_5.jpeg,diploma_5578_0.jpeg,"1apab2tZlckXfAc_-JpPyF54KU9gLlBf6","1kCRi3ei219oy06-kyL3_sL5mWxpTMDVG",0,image/jpeg,142159,active,,"2025-07-23 03:12:15","2025-07-23 03:12:15"
AUS15437,2860,5578,5437,3,CamScanner ⁨17-6-25 10.10⁩_4.jpeg,transcript_5578_0.jpeg,"1-S38_HgHrrHWLx3FFfy3XhO068u_HH6t","1kCRi3ei219oy06-kyL3_sL5mWxpTMDVG",0,image/jpeg,267335,active,,"2025-07-23 03:13:17","2025-07-23 03:13:17"
AUS15437,2861,5578,5437,3,CamScanner ⁨17-6-25 10.10⁩_5.jpeg,transcript_5578_1.jpeg,"1ViBJHo5qGxFUMjcpLz-oNX9HX9gdfvow","1kCRi3ei219oy06-kyL3_sL5mWxpTMDVG",1,image/jpeg,270517,active,,"2025-07-23 03:13:30","2025-07-23 03:13:30"
AUS15437,2862,5578,5437,3,CamScanner ⁨17-6-25 10.10⁩_6.jpeg,transcript_5578_2.jpeg,"1N-FZw0cUaTE_2KGCdM0wwlTcEMRy7d_W","1kCRi3ei219oy06-kyL3_sL5mWxpTMDVG",2,image/jpeg,277313,active,,"2025-07-23 03:13:52","2025-07-23 03:13:52"
AUS15437,2863,5578,5437,3,CamScanner ⁨17-6-25 10.10⁩_7.jpeg,transcript_5578_3.jpeg,"1KbU6zCapVF6BiDcPdqfcBBkYDwWppMar","1kCRi3ei219oy06-kyL3_sL5mWxpTMDVG",3,image/jpeg,290845,active,,"2025-07-23 03:14:06","2025-07-23 03:14:06"
AUS15437,2864,5578,5437,3,CamScanner ⁨17-6-25 10.10⁩_8.jpeg,transcript_5578_4.jpeg,"1mniTwhoeLI0kt-a6gKs37hzTkjwQ2mDF","1kCRi3ei219oy06-kyL3_sL5mWxpTMDVG",4,image/jpeg,291487,active,,"2025-07-23 03:14:32","2025-07-23 03:14:32"
AUS15437,2865,5578,5437,3,CamScanner ⁨17-6-25 10.10⁩_9.jpeg,transcript_5578_5.jpeg,"1OnhgpwptvWmvKrGR87nudmwM9Feufrz_","1kCRi3ei219oy06-kyL3_sL5mWxpTMDVG",5,image/jpeg,297449,active,,"2025-07-23 03:15:01","2025-07-23 03:15:01"
AUS15437,2866,5578,5437,3,CamScanner ⁨17-6-25 10.10⁩_10.jpeg,transcript_5578_6.jpeg,"1P860Oon2Bi-8QWd1qAtxWA8F561Ujnv2","1kCRi3ei219oy06-kyL3_sL5mWxpTMDVG",6,image/jpeg,275157,active,,"2025-07-23 03:15:16","2025-07-23 03:15:16"
AUS15437,2867,5578,5437,10,CamScanner 23-7-25 10.07_1.jpeg,birth_certificate_5578_0.jpeg,"1jO_J4182pLe3Yc-fHsWUJ2rxPUYjhJg3","1kCRi3ei219oy06-kyL3_sL5mWxpTMDVG",0,image/jpeg,359372,active,,"2025-07-23 03:17:19","2025-07-23 03:17:19"
AUS19732,2869,10033,9732,1,cccd mặt trước.jpg,id_card_front_10033_0.jpg,"18g3BjwlAT6tGkpsK9NlfSXocCmUejukg","13G7M37avEUdw77aZdo6EQSKwuHBHiDZv",0,image/jpeg,100386,active,,"2025-07-23 03:39:28","2025-07-23 03:39:28"
AUS19732,2871,10033,9732,2,cccd mặt sau.jpg,id_card_back_10033_0.jpg,"1FBse1v9GCP3bYGBbLnPISK10zFncMfuu","13G7M37avEUdw77aZdo6EQSKwuHBHiDZv",0,image/jpeg,90295,active,,"2025-07-23 03:39:47","2025-07-23 03:39:47"
AUS19732,2872,10033,9732,3,hc bạ 11.jpg,transcript_10033_0.jpg,"1ztZUXxnJCYyvRBln0NME3PXkMmEmLBAX","13G7M37avEUdw77aZdo6EQSKwuHBHiDZv",0,image/jpeg,116854,active,,"2025-07-23 03:40:04","2025-07-23 03:40:04"
AUS19732,2873,10033,9732,3,học bạ 10.jpg,transcript_10033_1.jpg,"1UyuVXv-4T8cM7B5ZPY-zuRkaZh7cnBNT","13G7M37avEUdw77aZdo6EQSKwuHBHiDZv",1,image/jpeg,92395,active,,"2025-07-23 03:40:18","2025-07-23 03:40:18"
AUS15437,2874,5578,5437,3,image_2025-07-23_104012910.png,transcript_5578_7.png,"1JIiTm0SYfW364N485np_p2NAcGgLJEi5","1kCRi3ei219oy06-kyL3_sL5mWxpTMDVG",7,image/png,889194,active,,"2025-07-23 03:40:18","2025-07-23 03:40:18"
AUS19732,2875,10033,9732,3,hc bạ 12.jpg,transcript_10033_2.jpg,"1sH1sQq7OwjRq6m9vpq8KZeYQHzTiMdyk","13G7M37avEUdw77aZdo6EQSKwuHBHiDZv",2,image/jpeg,118589,active,,"2025-07-23 03:40:30","2025-07-23 03:40:30"
AUS15437,2876,5578,5437,3,image_2025-07-23_104051654.png,transcript_5578_8.png,"1YMJa7c0ZwMW5Mh2itwyOBYQ6z69mF3II","1kCRi3ei219oy06-kyL3_sL5mWxpTMDVG",8,image/png,889194,active,,"2025-07-23 03:40:57","2025-07-23 03:40:57"
AUS15437,2877,5578,5437,3,image_2025-07-23_104323620.png,transcript_5578_9.png,"1dccsTEkzT5HhzgUpJIMll3zxigfcA3l1","1kCRi3ei219oy06-kyL3_sL5mWxpTMDVG",9,image/png,889194,active,,"2025-07-23 03:43:29","2025-07-23 03:43:29"
AUS15437,2878,5578,5437,3,image_2025-07-23_104339259.png,transcript_5578_10.png,"1YLJ4YkkEkKBkA6Wf9ZjACeIj54B_I3Ya","1kCRi3ei219oy06-kyL3_sL5mWxpTMDVG",10,image/png,889194,active,,"2025-07-23 03:43:49","2025-07-23 03:43:49"
AUS15437,2879,5578,5437,3,image_2025-07-23_104410518.png,transcript_5578_11.png,"1HjxlH4gdKzYnnAPIgM1bUXv698ccRfVq","1kCRi3ei219oy06-kyL3_sL5mWxpTMDVG",11,image/png,889194,active,,"2025-07-23 03:44:15","2025-07-23 03:44:15"
AUS15437,2880,5578,5437,3,z6832363651099_d2a34ec062d38bb4096747b2fed8a137.jpg,transcript_5578_12.jpg,"1JiCS31cT2p9LaH384hnpw80R9b5mTWkh","1kCRi3ei219oy06-kyL3_sL5mWxpTMDVG",12,image/jpeg,149091,active,,"2025-07-23 03:45:09","2025-07-23 03:45:09"
AUS15437,2881,5578,5437,3,image_2025-07-23_104858516.png,transcript_5578_13.png,"1VekEzqF530HVQyblZAUHMvi5u7CpKj1p","1kCRi3ei219oy06-kyL3_sL5mWxpTMDVG",13,image/png,889194,active,,"2025-07-23 03:49:03","2025-07-23 03:49:03"
AUS15437,2882,5578,5437,3,image_2025-07-23_104919153.png,transcript_5578_14.png,"1F3eZoE5N0sIfs0dp3teC6eFU5OkW9mOU","1kCRi3ei219oy06-kyL3_sL5mWxpTMDVG",14,image/png,889194,active,,"2025-07-23 03:49:25","2025-07-23 03:49:25"
AUS15437,2883,5578,5437,3,z6832363651099_d2a34ec062d38bb4096747b2fed8a137.jpg,transcript_5578_15.jpg,"1H2kmVcW9LlnpUtVbm25CQ2fEMz4ewglM","1kCRi3ei219oy06-kyL3_sL5mWxpTMDVG",15,image/jpeg,149091,active,,"2025-07-23 03:49:45","2025-07-23 03:49:45"
AUH15115,2885,5243,5115,8,IMG_1350.jpeg,student_photo_5243_1.jpeg,"1LBBmA4ey4U1GLwZsxwIAtZhfVLspJtyh","1u363bkIbfyxdVuPmgtKgVXR2vzn7beGW",1,image/jpeg,105247,active,,"2025-07-23 04:01:13","2025-07-23 04:01:13"
AUH19653,2897,9949,9653,1,z6415691298378_489926aedb0079c8d46dd0c6b578512d.jpg,id_card_front_9949_0.jpg,"1EH1gqYlAJZtKDHuO3YvH02pthK1C1pZG","1WzDxbweuB5bFsOCimBF34_PsxRw6A7Wn",0,image/jpeg,150024,active,,"2025-07-23 04:54:28","2025-07-23 04:54:28"
AUH19653,2899,9949,9653,2,z6415691296349_398abf1d43e4b7499dab1ea68f42c424.jpg,id_card_back_9949_0.jpg,"1aNDoSZ_AU0NQTj-6Ypm_v9AKiani9UG-","1WzDxbweuB5bFsOCimBF34_PsxRw6A7Wn",0,image/jpeg,161836,active,,"2025-07-23 04:54:32","2025-07-23 04:54:32"
AUH19653,2900,9949,9653,3,IMG_1968.HEIC,transcript_9949_0.HEIC,"1KFJCypfHPGmar8AyctsnX87kTZy1keaL","1WzDxbweuB5bFsOCimBF34_PsxRw6A7Wn",0,image/heic,3113699,active,,"2025-07-23 04:54:43","2025-07-23 04:54:43"
AUH19653,2901,9949,9653,3,IMG_1969.HEIC,transcript_9949_0.HEIC,"1sHQiwFGwqniB8E_ip6zUtsQVudb5gzQQ","1WzDxbweuB5bFsOCimBF34_PsxRw6A7Wn",0,image/heic,3076848,active,,"2025-07-23 04:54:49","2025-07-23 04:54:49"
AUS15012,2902,5140,5012,8,Nhật Khánh.jpg,student_photo_5140_0.jpg,"1NgKqJZg5C1jvIj8BWsRQRKCodP3Plmba","12qOtINOUb-ZXMX-Hd4gqUOFbOLzLoxTt",0,image/jpeg,55823,active,,"2025-07-23 04:57:47","2025-07-23 04:57:47"
AUS15012,2906,5140,5012,3,z6832645046726_4904b3d2589dff90008e476d9c1b54bd.jpg,transcript_5140_0.jpg,"1j9tCHCVa6_fbMF3BlNaD3k-51GqsqprK","12qOtINOUb-ZXMX-Hd4gqUOFbOLzLoxTt",0,image/jpeg,61121,active,,"2025-07-23 04:59:12","2025-07-23 04:59:12"
AUS15012,2907,5140,5012,3,z6832645057707_60645df9e3bdf50c9068bffbf8d080b8.jpg,transcript_5140_0.jpg,"1Gu6nDTrL0hzZejzAXilKl7BCnSATbBr4","12qOtINOUb-ZXMX-Hd4gqUOFbOLzLoxTt",0,image/jpeg,105459,active,,"2025-07-23 04:59:15","2025-07-23 04:59:15"
AUS15012,2908,5140,5012,3,z6832644945485_cb9a3371fcc4724832298b624900169e.jpg,transcript_5140_1.jpg,"1Q_6ZNjYzWr2m7jAtx-33sRksdISbspO4","12qOtINOUb-ZXMX-Hd4gqUOFbOLzLoxTt",1,image/jpeg,132906,active,,"2025-07-23 04:59:19","2025-07-23 04:59:19"
AUS15012,2909,5140,5012,3,z6832656801785_b7f1d048a8e00286b8b92a298a256ad2.jpg,transcript_5140_2.jpg,"15JVzV1Bw2nTKmAcTj7eNLYz-_BgXw5GL","12qOtINOUb-ZXMX-Hd4gqUOFbOLzLoxTt",2,image/jpeg,119604,active,,"2025-07-23 04:59:44","2025-07-23 04:59:44"
AUS15012,2910,5140,5012,3,z6832657797599_8e60319fa0bb493d2a92f8c59ec3f741.jpg,transcript_5140_3.jpg,"1iFpqWEAAFdByjaIKtQd2-Qri1-_0Vt2t","12qOtINOUb-ZXMX-Hd4gqUOFbOLzLoxTt",3,image/jpeg,142279,active,,"2025-07-23 04:59:52","2025-07-23 04:59:52"
AUS15012,2911,5140,5012,3,z6832658639453_c188a01112bb13585cc2687a2bc3095b.jpg,transcript_5140_3.jpg,"1OPEjQ4MhBffeMQQdXlh0XO1ocGELWanD","12qOtINOUb-ZXMX-Hd4gqUOFbOLzLoxTt",3,image/jpeg,136326,active,,"2025-07-23 04:59:54","2025-07-23 04:59:54"
AUS15012,2912,5140,5012,3,z6832659268209_535bf32631e92abf3a6e83178430f2c3.jpg,transcript_5140_4.jpg,"1sOs5wM_bp2DxhhUeRiL-BrvUyvP7nIq9","12qOtINOUb-ZXMX-Hd4gqUOFbOLzLoxTt",4,image/jpeg,126841,active,,"2025-07-23 04:59:57","2025-07-23 04:59:57"
AUS15012,2913,5140,5012,3,z6832659841760_1062e4b6ee7fb831b4f3b3959befd0a4.jpg,transcript_5140_4.jpg,"15gEOZBpm-77gnm7PR_nuadrKkPmXOags","12qOtINOUb-ZXMX-Hd4gqUOFbOLzLoxTt",4,image/jpeg,161245,active,,"2025-07-23 05:00:00","2025-07-23 05:00:00"
AUS15012,2914,5140,5012,3,z6832645046726_4904b3d2589dff90008e476d9c1b54bd.jpg,transcript_5140_5.jpg,"1KpqFF1II2_QYrZ1krgWRq3B7iO7j5VzF","12qOtINOUb-ZXMX-Hd4gqUOFbOLzLoxTt",5,image/jpeg,61121,active,,"2025-07-23 05:00:19","2025-07-23 05:00:19"
AUS15012,2915,5140,5012,3,z6832645046726_4904b3d2589dff90008e476d9c1b54bd.jpg,transcript_5140_6.jpg,"1YNk3WuCARn4i6tiPmWgx9jYztuJ4zObs","12qOtINOUb-ZXMX-Hd4gqUOFbOLzLoxTt",6,image/jpeg,61121,active,,"2025-07-23 05:00:37","2025-07-23 05:00:37"
AUS15012,2916,5140,5012,3,z6832645057707_60645df9e3bdf50c9068bffbf8d080b8.jpg,transcript_5140_7.jpg,"1RsYW0ckekjLcMXBjSi3nX9jMYcSX8E34","12qOtINOUb-ZXMX-Hd4gqUOFbOLzLoxTt",7,image/jpeg,105459,active,,"2025-07-23 05:06:13","2025-07-23 05:06:13"
AUS15012,2917,5140,5012,3,z6832644945485_cb9a3371fcc4724832298b624900169e.jpg,transcript_5140_8.jpg,"1xkhZh5YceCN5_kpTxSP8JGZtU4bllUuJ","12qOtINOUb-ZXMX-Hd4gqUOFbOLzLoxTt",8,image/jpeg,132906,active,,"2025-07-23 05:06:27","2025-07-23 05:06:27"
AUS15012,2918,5140,5012,3,z6832656801785_b7f1d048a8e00286b8b92a298a256ad2.jpg,transcript_5140_9.jpg,"12q98jRjUjftaWWcPM5dCLTt4HxFPukmw","12qOtINOUb-ZXMX-Hd4gqUOFbOLzLoxTt",9,image/jpeg,119604,active,,"2025-07-23 05:06:39","2025-07-23 05:06:39"
AUS15012,2919,5140,5012,3,z6832657797599_8e60319fa0bb493d2a92f8c59ec3f741.jpg,transcript_5140_9.jpg,"1rGa6vmR3MN2Lm9tt171-Bx0SfuMGBptQ","12qOtINOUb-ZXMX-Hd4gqUOFbOLzLoxTt",9,image/jpeg,142279,active,,"2025-07-23 05:06:41","2025-07-23 05:06:41"
AUS15012,2920,5140,5012,3,z6832658639453_c188a01112bb13585cc2687a2bc3095b.jpg,transcript_5140_9.jpg,"1R-BeIMSDhFElsbp7l44M8tB66nixblHt","12qOtINOUb-ZXMX-Hd4gqUOFbOLzLoxTt",9,image/jpeg,136326,active,,"2025-07-23 05:06:42","2025-07-23 05:06:42"
AUS15012,2921,5140,5012,3,z6832659268209_535bf32631e92abf3a6e83178430f2c3.jpg,transcript_5140_10.jpg,"1NY7wIbGwWWpHNcSL7kMZr10ygPxsjVwH","12qOtINOUb-ZXMX-Hd4gqUOFbOLzLoxTt",10,image/jpeg,126841,active,,"2025-07-23 05:06:44","2025-07-23 05:06:44"
AUS15012,2922,5140,5012,3,z6832659841760_1062e4b6ee7fb831b4f3b3959befd0a4.jpg,transcript_5140_10.jpg,"17CCkPoHlQMhAmjfrQaiJRZD6V5N4ns2r","12qOtINOUb-ZXMX-Hd4gqUOFbOLzLoxTt",10,image/jpeg,161245,active,,"2025-07-23 05:06:46","2025-07-23 05:06:46"
AUS15012,2923,5140,5012,9,z6832652217559_564af94652aac0dcd10a933056280148.jpg,english_certificare_5140_0.jpg,"1zygeVzGgftK3WnaI6EQ6yyK9rH0l8Phe","12qOtINOUb-ZXMX-Hd4gqUOFbOLzLoxTt",0,image/jpeg,108270,active,,"2025-07-23 05:07:21","2025-07-23 05:07:21"
AUS15012,2924,5140,5012,7,z6832645222380_f38f98a40b3fd7c1b2170ab1201c0919.jpg,diploma_5140_0.jpg,"11gKuH0crsJbhnWNltb_nnBqF6kX2-t_0","12qOtINOUb-ZXMX-Hd4gqUOFbOLzLoxTt",0,image/jpeg,109720,active,,"2025-07-23 05:07:38","2025-07-23 05:07:38"
AUS15012,2925,5140,5012,10,z6832652236758_2448bb1c6409f17b0879e88118f11553.jpg,birth_certificate_5140_0.jpg,"1JplhxmM4XSgu_HJ33HkcmbxV-XDk9qAi","12qOtINOUb-ZXMX-Hd4gqUOFbOLzLoxTt",0,image/jpeg,165385,active,,"2025-07-23 05:07:47","2025-07-23 05:07:47"
AUS15127,2926,5255,5127,3,IMG_5554.jpeg,transcript_5255_3.jpeg,"11XdCr7cknOqfm-C4clKFS0fp-X1H3h3N","1q9w2fs0BQm05BR-LX8iJxpKmHztR_g83",3,image/jpeg,257582,active,,"2025-07-23 05:09:25","2025-07-23 05:09:25"
AUS15127,2927,5255,5127,3,IMG_5557.jpeg,transcript_5255_4.jpeg,"1Itfb5Up5DlwKq6QO2MCgp0vdx93pHyPe","1q9w2fs0BQm05BR-LX8iJxpKmHztR_g83",4,image/jpeg,239082,active,,"2025-07-23 05:09:38","2025-07-23 05:09:38"
AUS15127,2928,5255,5127,3,IMG_5558.jpeg,transcript_5255_5.jpeg,"1hh1dHlwtLC1Rjm7cJceDnSnFrWfZGzZV","1q9w2fs0BQm05BR-LX8iJxpKmHztR_g83",5,image/jpeg,268364,active,,"2025-07-23 05:09:51","2025-07-23 05:09:51"
AUS15127,2929,5255,5127,3,IMG_5554.jpeg,transcript_5255_6.jpeg,"1ztMNI6fwdn06OGhzaDIGzn2ezsAy0rr3","1q9w2fs0BQm05BR-LX8iJxpKmHztR_g83",6,image/jpeg,257582,active,,"2025-07-23 05:10:27","2025-07-23 05:10:27"
AUS15127,2930,5255,5127,3,IMG_5557.jpeg,transcript_5255_7.jpeg,"1jv_OjyA2g7NJGEHibl-mujoFTYNgfpyN","1q9w2fs0BQm05BR-LX8iJxpKmHztR_g83",7,image/jpeg,239082,active,,"2025-07-23 05:10:33","2025-07-23 05:10:33"
AUS15127,2931,5255,5127,3,IMG_5558.jpeg,transcript_5255_8.jpeg,"1zwtsfETlUNSg6uaOX3-EBE5PqGnO5W6h","1q9w2fs0BQm05BR-LX8iJxpKmHztR_g83",8,image/jpeg,268364,active,,"2025-07-23 05:10:50","2025-07-23 05:10:50"
AUS15127,2932,5255,5127,10,IMG_5585.jpeg,birth_certificate_5255_0.jpeg,"17NR1YeJmm_ufJYuGmtjF6RjgGvqLFKnj","1q9w2fs0BQm05BR-LX8iJxpKmHztR_g83",0,image/jpeg,268677,active,,"2025-07-23 05:11:00","2025-07-23 05:11:00"
AUS14966,2952,2564,4966,4,Đỗ Nguyễn Hoàng Anh.jpg,english_certificate_2564_0.jpg,"14RE1_tQm1dRNqh9zi6ZVGF-5dyJhlm8p","1mazZP5-PyXf0ljDl1oqdC31KETnnK1rR",0,image/jpeg,196083,active,,"2025-07-23 06:56:15","2025-07-23 06:56:15"
AUS14966,2953,2564,4966,9,Đỗ Nguyễn Hoàng Anh.jpg,english_certificare_2564_0.jpg,"1tjNithx2zquiIVkJpZrBDlUA0Igy0Qzf","1mazZP5-PyXf0ljDl1oqdC31KETnnK1rR",0,image/jpeg,196083,active,,"2025-07-23 07:15:04","2025-07-23 07:15:04"
AUS15106,2954,5234,5106,7,z6833124670681_1c69f9a72421fb35426f44ec6b4d16a2.jpg,diploma_5234_0.jpg,"1m0QSr5q83G0P8RAS3B7JsjCKZVO7GHyO","1hN391mcQFZsdRu7BNkL_-JFFuDMaBFwf",0,image/jpeg,53025,active,,"2025-07-23 07:33:10","2025-07-23 07:33:10"
AUS15106,2958,5234,5106,3,z6833144600510_302fdd75e5f076220f01fa8c6264cdeb.jpg,transcript_5234_0.jpg,"19eyLrkjKry1qC0V4iAkqCTss1LKqurs3","1hN391mcQFZsdRu7BNkL_-JFFuDMaBFwf",0,image/jpeg,82135,active,,"2025-07-23 07:39:18","2025-07-23 07:39:18"
AUS15106,2959,5234,5106,3,z6833141451174_1441ae3d4d71009396da2bb6a5406bbb.jpg,transcript_5234_1.jpg,"1ap3dFNVxggCvuXOESbjqStpXVFZnTLFQ","1hN391mcQFZsdRu7BNkL_-JFFuDMaBFwf",1,image/jpeg,86585,active,,"2025-07-23 07:39:24","2025-07-23 07:39:24"
AUS15106,2961,5234,5106,3,z6833136014989_31304b5255e73e9d9f719ee2863d1ed2.jpg,transcript_5234_2.jpg,"11gddCKYjVzwaQY6nUykrePkSPMJabxYX","1hN391mcQFZsdRu7BNkL_-JFFuDMaBFwf",2,image/jpeg,92424,active,,"2025-07-23 07:41:16","2025-07-23 07:41:16"
AUS15106,2962,5234,5106,3,z6833136014989_31304b5255e73e9d9f719ee2863d1ed2.jpg,transcript_5234_3.jpg,"1hBzJe7FM39x2HKrmxz11i4ZmSbXVCteP","1hN391mcQFZsdRu7BNkL_-JFFuDMaBFwf",3,image/jpeg,92424,active,,"2025-07-23 07:41:42","2025-07-23 07:41:42"
AUS15106,2963,5234,5106,3,z6833136014989_31304b5255e73e9d9f719ee2863d1ed2.jpg,transcript_5234_4.jpg,"1KgWlj1EU2HsEhB5xGNb7vMsZ6v9qSJ3_","1hN391mcQFZsdRu7BNkL_-JFFuDMaBFwf",4,image/jpeg,92424,active,,"2025-07-23 07:42:16","2025-07-23 07:42:16"
AUS15106,2964,5234,5106,3,z6833141451174_1441ae3d4d71009396da2bb6a5406bbb.jpg,transcript_5234_5.jpg,"1G8hH-GJOAHuJoaEQS9RM46BdiYBtqcoj","1hN391mcQFZsdRu7BNkL_-JFFuDMaBFwf",5,image/jpeg,86585,active,,"2025-07-23 07:42:46","2025-07-23 07:42:46"
AUH19784,2965,10084,9784,1,b (1).jpg,id_card_front_10084_0.jpg,"1B2tirpBPnOXH4_ITP0X0ab049b81E4O7","17Hssm9wfqw-E_1sRCbRkc9wnU_-b3qj5",0,image/jpeg,96645,active,,"2025-07-23 07:43:15","2025-07-23 07:43:15"
AUH19784,2966,10084,9784,2,b (2).jpg,id_card_back_10084_0.jpg,"1BrSzzpPCk_rSWDNUvGLtjhh-9xcVupiT","17Hssm9wfqw-E_1sRCbRkc9wnU_-b3qj5",0,image/jpeg,99403,active,,"2025-07-23 07:43:29","2025-07-23 07:43:29"
AUS15106,2967,5234,5106,3,z6833144600510_302fdd75e5f076220f01fa8c6264cdeb.jpg,transcript_5234_6.jpg,"1cpG3wCgYwJCBQq258jcRgDklVn8Zr-IJ","1hN391mcQFZsdRu7BNkL_-JFFuDMaBFwf",6,image/jpeg,82135,active,,"2025-07-23 07:43:50","2025-07-23 07:43:50"
AUH19784,2968,10084,9784,3,hb12.jpg,transcript_10084_0.jpg,"1yAYIAD6HWv24U7FKmI_HcP3PW__sX_g3","17Hssm9wfqw-E_1sRCbRkc9wnU_-b3qj5",0,image/jpeg,51430,active,,"2025-07-23 07:45:46","2025-07-23 07:45:46"
AUH19784,2969,10084,9784,3,gen-n-11.jpg,transcript_10084_1.jpg,"1FsNCQ_dXAj2nDkB6YDTNK7wxxxKSOjsy","17Hssm9wfqw-E_1sRCbRkc9wnU_-b3qj5",1,image/jpeg,64707,active,,"2025-07-23 07:48:26","2025-07-23 07:48:26"
AUH19784,2970,10084,9784,3,gen-n-10.jpg,transcript_10084_2.jpg,"1oABGSb_RlwsLlXoCPlZCyurifhpoXxis","17Hssm9wfqw-E_1sRCbRkc9wnU_-b3qj5",2,image/jpeg,63689,active,,"2025-07-23 07:48:36","2025-07-23 07:48:36"
AUH19784,2971,10084,9784,5,gen-n-đgnl.jpg,other_achievements_10084_0.jpg,"1Bn404IZ4gMacW4FWmIqsvyFPJnXjHy26","17Hssm9wfqw-E_1sRCbRkc9wnU_-b3qj5",0,image/jpeg,73173,active,,"2025-07-23 07:49:56","2025-07-23 07:49:56"
AUS15106,2972,5234,5106,10,z6833197725348_98cdc953da38bf3fef8c267e7be35068.jpg,birth_certificate_5234_0.jpg,"1cselpHdYTQbA3Y-iboVezYAHX2v-8mIV","1hN391mcQFZsdRu7BNkL_-JFFuDMaBFwf",0,image/jpeg,79079,active,,"2025-07-23 07:52:23","2025-07-23 07:52:23"
AUH16667,2973,6859,6667,8,"1IJ905HIR_69ALFU.jpeg",student_photo_6859_0.jpeg,"1GRwjW7P1ewkfjXqUPRSbX_a2E68u9j3S","1TuFjtIiX5EoAqKK54dmlFAykDqDSe2dn",0,image/jpeg,50161,active,,"2025-07-23 08:19:51","2025-07-23 08:19:51"
AUH16667,2974,6859,6667,3,IMG_7469.jpeg,transcript_6859_1.jpeg,"1C1F0Fb0WrTVymszgeJsuvIt0AIWwCWsy","1TuFjtIiX5EoAqKK54dmlFAykDqDSe2dn",1,image/jpeg,161494,active,,"2025-07-23 08:21:06","2025-07-23 08:21:06"
AUH16667,2975,6859,6667,3,IMG_7470.jpeg,transcript_6859_2.jpeg,"1mNCdBkEgbjJII5ZzkhDx7w3B5g4TdF68","1TuFjtIiX5EoAqKK54dmlFAykDqDSe2dn",2,image/jpeg,250894,active,,"2025-07-23 08:21:40","2025-07-23 08:21:40"
AUH16667,2976,6859,6667,3,IMG_7471.jpeg,transcript_6859_3.jpeg,"11xDFJZRnrt1WGdfT6GCCrI_NaCm0W0Li","1TuFjtIiX5EoAqKK54dmlFAykDqDSe2dn",3,image/jpeg,221616,active,,"2025-07-23 08:22:05","2025-07-23 08:22:05"
AUH16667,2977,6859,6667,3,IMG_7472.jpeg,transcript_6859_4.jpeg,"1UiOfzXpjDFvMrjRXGgWJKz9s5bfCcc8R","1TuFjtIiX5EoAqKK54dmlFAykDqDSe2dn",4,image/jpeg,278252,active,,"2025-07-23 08:22:32","2025-07-23 08:22:32"
AUH16667,2978,6859,6667,3,IMG_7473.jpeg,transcript_6859_5.jpeg,"1pAEoU0bJQnnRYnUpnVBg6rlVvjXCrznF","1TuFjtIiX5EoAqKK54dmlFAykDqDSe2dn",5,image/jpeg,266052,active,,"2025-07-23 08:23:29","2025-07-23 08:23:29"
AUH16667,2979,6859,6667,3,IMG_7474.jpeg,transcript_6859_6.jpeg,"1-0SoNveP9us9ai3Be72dKiH5IVM6_3u5","1TuFjtIiX5EoAqKK54dmlFAykDqDSe2dn",6,image/jpeg,204103,active,,"2025-07-23 08:23:51","2025-07-23 08:23:51"
AUH16667,2980,6859,6667,10,IMG_8193.jpeg,birth_certificate_6859_0.jpeg,"1ZjQXzJlT3RSp151teqOlKBbv5qKruSsR","1TuFjtIiX5EoAqKK54dmlFAykDqDSe2dn",0,image/jpeg,274666,active,,"2025-07-23 08:29:05","2025-07-23 08:29:05"
AUH16667,2981,6859,6667,5,IMG_7782.jpeg,other_achievements_6859_2.jpeg,"1NBVAWxZLnDOGiUDR0RLiShqKHc5afinz","1TuFjtIiX5EoAqKK54dmlFAykDqDSe2dn",2,image/jpeg,246545,active,,"2025-07-23 08:39:33","2025-07-23 08:39:33"
AUH16667,2982,6859,6667,5,IMG_7781.jpeg,other_achievements_6859_3.jpeg,"1ftUlprshWLeYdHIoNESlF9jP5nJh0ivQ","1TuFjtIiX5EoAqKK54dmlFAykDqDSe2dn",3,image/jpeg,215313,active,,"2025-07-23 08:39:45","2025-07-23 08:39:45"
AUS14987,2983,5115,4987,8,IMG20250723154619.jpg,student_photo_5115_0.jpg,"1J81aUVGzolca-FTydCnoJo1ytvxJO91l","13xW_93De_A4-DGIgA9lP5WqK-UzmbQ-4",0,image/jpeg,25806,active,,"2025-07-23 08:48:20","2025-07-23 08:48:20"
AUS14987,2985,5115,4987,3,IMG20250723153804.jpg,transcript_5115_0.jpg,"1QvZDtpNVF-M_sfIWIPEF_WrS2lXRmH5B","13xW_93De_A4-DGIgA9lP5WqK-UzmbQ-4",0,image/jpeg,69294,active,,"2025-07-23 08:49:25","2025-07-23 08:49:25"
AUS14987,2989,5115,4987,10,IMG_20250723_155014.jpg,birth_certificate_5115_0.jpg,"1Ks1a_s0NTYOLCPXrbu4zMoKlNK9fl-V8","13xW_93De_A4-DGIgA9lP5WqK-UzmbQ-4",0,image/jpeg,137730,active,,"2025-07-23 08:50:28","2025-07-23 08:50:28"
AUS14987,2990,5115,4987,5,IMG_20250723_155115.jpg,other_achievements_5115_0.jpg,"1Rp--_WGbLtZO-PDnBq4hOTQN3Xg4E1BE","13xW_93De_A4-DGIgA9lP5WqK-UzmbQ-4",0,image/jpeg,66378,active,,"2025-07-23 08:51:27","2025-07-23 08:51:27"
AUH16667,2991,6859,6667,3,Học bạ_Trần Việt Cường_Trang 1.jpg,transcript_6859_7.jpg,"1ldeGOosVJ_IAGpDzaJOD94noxofsuexR","1TuFjtIiX5EoAqKK54dmlFAykDqDSe2dn",7,image/jpeg,73233,active,,"2025-07-23 08:58:50","2025-07-23 08:58:50"
AUH16667,2992,6859,6667,3,Học bạ_Trần Việt Cường_Trang 2.jpg,transcript_6859_8.jpg,"149YKvVFUVMjHLROU-mophnztxdVJf88K","1TuFjtIiX5EoAqKK54dmlFAykDqDSe2dn",8,image/jpeg,124723,active,,"2025-07-23 08:59:17","2025-07-23 08:59:17"
AUH16667,2993,6859,6667,3,Học bạ_Trần Việt Cường_Trang 3.jpg,transcript_6859_9.jpg,"1Ii8K3yNItpT0CHzmKZD87TLxLODddSGF","1TuFjtIiX5EoAqKK54dmlFAykDqDSe2dn",9,image/jpeg,109316,active,,"2025-07-23 08:59:26","2025-07-23 08:59:26"
AUH16667,2994,6859,6667,3,Học bạ_Trần Việt Cường_Trang 4.jpg,transcript_6859_10.jpg,"1gcMIPPYhFrCMouCYJ2Ksq3de2DsdJYKy","1TuFjtIiX5EoAqKK54dmlFAykDqDSe2dn",10,image/jpeg,146340,active,,"2025-07-23 08:59:38","2025-07-23 08:59:38"
AUH16667,2995,6859,6667,3,Học bạ_Trần Việt Cường_Trang 5.jpg,transcript_6859_11.jpg,"1xhR3qjrEvwa4k4wnhizQYbPMJ5kA-6_G","1TuFjtIiX5EoAqKK54dmlFAykDqDSe2dn",11,image/jpeg,139409,active,,"2025-07-23 08:59:58","2025-07-23 08:59:58"
AUH16667,2996,6859,6667,3,Học bạ_Trần Việt Cường_Trang 6.jpg,transcript_6859_12.jpg,"1ntRTd2Ho2mtBB6cfCpU5p-BCI1A43S1K","1TuFjtIiX5EoAqKK54dmlFAykDqDSe2dn",12,image/jpeg,95635,active,,"2025-07-23 09:00:08","2025-07-23 09:00:08"
AUH16667,2997,6859,6667,5,Trần Việt Cường - Giải khuyến khích cuộc thi Khoa Học Kỹ Thuật (Lĩnh vực CNTT) - Lớp 8.jpg,other_achievements_6859_4.jpg,"1o761sCRTlD_6flIkYL23aYt-hW_2CAKI","1TuFjtIiX5EoAqKK54dmlFAykDqDSe2dn",4,image/jpeg,117594,active,,"2025-07-23 09:00:32","2025-07-23 09:00:32"
AUH16667,2998,6859,6667,5,Trần Việt Cường - Giải khuyến khích cuộc thi Khoa Học Kỹ Thuật (Lĩnh vực Vật lý) - Lớp 9.jpg,other_achievements_6859_5.jpg,"1_z5xhlUK4YNX5A4U0RiYqma4Z6bvHeKa","1TuFjtIiX5EoAqKK54dmlFAykDqDSe2dn",5,image/jpeg,135885,active,,"2025-07-23 09:00:46","2025-07-23 09:00:46"
AUH16667,2999,6859,6667,3,Hoc ba_Tran Viet Cuong_Trang 1.jpg,transcript_6859_13.jpg,"1jpyZCe3xNO585BXqPk-7ZKi3edRaeJqC","1TuFjtIiX5EoAqKK54dmlFAykDqDSe2dn",13,image/jpeg,73233,active,,"2025-07-23 09:03:32","2025-07-23 09:03:32"
AUH16667,3000,6859,6667,3,Hoc ba_Tran Viet Cuong_Trang 2.jpg,transcript_6859_14.jpg,"1AmSlf1YgCYxWJN-3je8OlF2pBp7BdYRa","1TuFjtIiX5EoAqKK54dmlFAykDqDSe2dn",14,image/jpeg,124723,active,,"2025-07-23 09:05:09","2025-07-23 09:05:09"
AUH15070,3010,5198,5070,8,CamScanner 20-07-2025 10.09_3.jpg,student_photo_5198_0.jpg,"1osyvC5kCnATaYmDWaVbK8Tlyv4uOgwSm","1OeQDyIBj89BNTralyp0BBjx9L3oSltbY",0,image/jpeg,44680,active,,"2025-07-23 10:32:47","2025-07-23 10:32:47"
AUH15070,3011,5198,5070,7,CamScanner 23-07-2025 17.34.jpg,diploma_5198_0.jpg,"1rR5F8fg_Xm60IqgzRQQTknts8C00L6TP","1OeQDyIBj89BNTralyp0BBjx9L3oSltbY",0,image/jpeg,82269,active,,"2025-07-23 10:36:18","2025-07-23 10:36:18"
AUH15070,3012,5198,5070,9,CamScanner 20-07-2025 10.09_1.jpg,english_certificare_5198_0.jpg,"1bJo7XsRbffjBofWrQGQyTr84xI49E01K","1OeQDyIBj89BNTralyp0BBjx9L3oSltbY",0,image/jpeg,231804,active,,"2025-07-23 10:36:58","2025-07-23 10:36:58"
AUH15070,3013,5198,5070,3,Học bạ_1.jpg,transcript_5198_0.jpg,"1qc-3AAfYRiOi-rasmr4UCcrVzsU3tQAp","1OeQDyIBj89BNTralyp0BBjx9L3oSltbY",0,image/jpeg,96548,active,,"2025-07-23 10:46:10","2025-07-23 10:46:10"
AUH15070,3014,5198,5070,3,Học bạ_2.jpg,transcript_5198_1.jpg,"1r0C6qAQAAsJevJn21MhM4s9XRsyYbUXM","1OeQDyIBj89BNTralyp0BBjx9L3oSltbY",1,image/jpeg,102587,active,,"2025-07-23 10:46:18","2025-07-23 10:46:18"
AUH15070,3015,5198,5070,3,Học bạ_3.jpg,transcript_5198_2.jpg,"1pLmcOH7UtqkfKj3v3_EN5JCHDusDk_QF","1OeQDyIBj89BNTralyp0BBjx9L3oSltbY",2,image/jpeg,93018,active,,"2025-07-23 10:46:37","2025-07-23 10:46:37"
AUH15070,3016,5198,5070,3,Học bạ_4.jpg,transcript_5198_3.jpg,"1RNQYfQQP0SH6h9kWZpyoI1jzuxZ8dcQj","1OeQDyIBj89BNTralyp0BBjx9L3oSltbY",3,image/jpeg,110175,active,,"2025-07-23 10:46:43","2025-07-23 10:46:43"
AUH15070,3017,5198,5070,3,Học bạ_5.jpg,transcript_5198_4.jpg,"1XPa5AXUTXL8YEYoSgCLaiH0vl6zEJxIW","1OeQDyIBj89BNTralyp0BBjx9L3oSltbY",4,image/jpeg,86295,active,,"2025-07-23 10:46:49","2025-07-23 10:46:49"
AUH15070,3018,5198,5070,3,Học bạ_6.jpg,transcript_5198_5.jpg,"1-G81iuI9RuxBo2sbbGnGkq-rOMizUM28","1OeQDyIBj89BNTralyp0BBjx9L3oSltbY",5,image/jpeg,107279,active,,"2025-07-23 10:46:54","2025-07-23 10:46:54"
AUH15070,3019,5198,5070,3,Học bạ_7.jpg,transcript_5198_6.jpg,"108XfYCh0lMs_sZ2vwM4dZxjkHmPIqlj9","1OeQDyIBj89BNTralyp0BBjx9L3oSltbY",6,image/jpeg,81044,active,,"2025-07-23 10:46:59","2025-07-23 10:46:59"
AUH15070,3021,5198,5070,3,Học bạ_1.jpg,transcript_5198_7.jpg,"1U3ImPiDrs676WD46pAuny7cq-IxrwbVM","1OeQDyIBj89BNTralyp0BBjx9L3oSltbY",7,image/jpeg,96548,active,,"2025-07-23 10:48:05","2025-07-23 10:48:05"
AUH15070,3022,5198,5070,3,Học bạ_1.jpg,transcript_5198_8.jpg,"17-kI1wW6Ie1-dgQgwmKwGD_Sr46X4vcH","1OeQDyIBj89BNTralyp0BBjx9L3oSltbY",8,image/jpeg,96548,active,,"2025-07-23 10:48:48","2025-07-23 10:48:48"
AUH15070,3023,5198,5070,3,Học bạ_1.jpg,transcript_5198_9.jpg,"1OWBjyPPu7RsX9h1AZ2Wt31_ILne62mOB","1OeQDyIBj89BNTralyp0BBjx9L3oSltbY",9,image/jpeg,96548,active,,"2025-07-23 10:51:49","2025-07-23 10:51:49"
AUH15070,3024,5198,5070,3,Hoc_ba_1.webp,transcript_5198_10.webp,"1rdiWRE-BxA3dK9hHIsba-ZSg7RyYE79f","1OeQDyIBj89BNTralyp0BBjx9L3oSltbY",10,image/webp,14974,active,,"2025-07-23 10:55:59","2025-07-23 10:55:59"
AUH15070,3025,5198,5070,3,Hoc_ba_2.webp,transcript_5198_11.webp,"12MvICGdYtU7HSuBkRduZX1YN3ZW169Ir","1OeQDyIBj89BNTralyp0BBjx9L3oSltbY",11,image/webp,16082,active,,"2025-07-23 10:56:07","2025-07-23 10:56:07"
AUH15070,3030,5198,5070,3,Hoc_ba_3.webp,transcript_5198_12.webp,"1QmdjklThoiU9OwL8b6WgeoE3tl8cdFWL","1OeQDyIBj89BNTralyp0BBjx9L3oSltbY",12,image/webp,13894,active,,"2025-07-23 10:56:42","2025-07-23 10:56:42"
AUH15070,3031,5198,5070,3,Hoc_ba_4.webp,transcript_5198_13.webp,"1K0aPl-jEj8EVMo-QhoywP10e_htq4O7O","1OeQDyIBj89BNTralyp0BBjx9L3oSltbY",13,image/webp,16788,active,,"2025-07-23 10:57:00","2025-07-23 10:57:00"
AUH15070,3037,5198,5070,6,Hoc_ba_1.webp,transcript_1_5198_0.webp,"1fffM4FhLm5kxcIltddtMXVl146AZeWxq","1OeQDyIBj89BNTralyp0BBjx9L3oSltbY",0,image/webp,14974,active,,"2025-07-23 10:58:13","2025-07-23 10:58:13"
AUH15070,3038,5198,5070,6,Hoc_ba_2.webp,transcript_1_5198_1.webp,"1UZUwRBosP6vJMh4-zGXWxEk9hUwBDtqr","1OeQDyIBj89BNTralyp0BBjx9L3oSltbY",1,image/webp,16082,active,,"2025-07-23 10:58:23","2025-07-23 10:58:23"
AUH15070,3039,5198,5070,6,Hoc_ba_3.webp,transcript_1_5198_2.webp,"1HWwpmguJnUD2EXC4HeIVGFS6rtsiE2xQ","1OeQDyIBj89BNTralyp0BBjx9L3oSltbY",2,image/webp,13894,active,,"2025-07-23 10:58:29","2025-07-23 10:58:29"
AUH15070,3040,5198,5070,6,Hoc_ba_4.webp,transcript_1_5198_3.webp,"1HBcW-R0Um4cEhsbE8l_fkuKkFq6qbcGi","1OeQDyIBj89BNTralyp0BBjx9L3oSltbY",3,image/webp,16788,active,,"2025-07-23 10:58:36","2025-07-23 10:58:36"
AUH15070,3041,5198,5070,6,Hoc_ba_5.webp,transcript_1_5198_4.webp,"11HKNWMF2goExbccwidFEVKbZX1bqLa47","1OeQDyIBj89BNTralyp0BBjx9L3oSltbY",4,image/webp,12462,active,,"2025-07-23 10:58:43","2025-07-23 10:58:43"
AUH15070,3042,5198,5070,6,Hoc_ba_6.webp,transcript_1_5198_5.webp,"1KNq-zdRCQ9KGrKL0PPaMbH6TxIEO-SU2","1OeQDyIBj89BNTralyp0BBjx9L3oSltbY",5,image/webp,17330,active,,"2025-07-23 10:58:50","2025-07-23 10:58:50"
AUH15070,3043,5198,5070,6,Hoc_ba_7.webp,transcript_1_5198_6.webp,"157bGx5HbZ4H3gHX674V5gx38NhZFqux-","1OeQDyIBj89BNTralyp0BBjx9L3oSltbY",6,image/webp,12466,active,,"2025-07-23 10:58:56","2025-07-23 10:58:56"
AUH15070,3044,5198,5070,10,CamScanner 23-07-2025 17.50.jpg,birth_certificate_5198_0.jpg,"1h8NAoVVuvbasD8NetgGa4do017DFXA9s","1OeQDyIBj89BNTralyp0BBjx9L3oSltbY",0,image/jpeg,281290,active,,"2025-07-23 10:59:35","2025-07-23 10:59:35"
AUS10743,3047,826,743,8,z6661023413220_795f9f9c209f5e19a9084e7f30307bfe.jpg,student_photo_826_0.jpg,"1YxvJnNSzWm0jaxXFKMZgxHpic3ZpwpSU","1TeQq_Mu6RGIbSE3xN53ojhVQfx3j_LMh",0,image/jpeg,27181,active,,"2025-07-23 11:01:44","2025-07-23 11:01:44"
AUH15100,3048,5228,5100,6,HỌC BẠ.jpg,transcript_1_5228_0.jpg,"1q997N4LbCfGVLkO5DJk-xwx_Fpvklnpc","1sdYHJALQM8eeWF1RDa5YlWNRcpkPWVdY",0,image/jpeg,89848,active,,"2025-07-23 11:04:14","2025-07-23 11:04:14"
AUH15100,3049,5228,5100,6,HỌC BẠ LỚP 10.jpg,transcript_1_5228_1.jpg,"1UjSazx8tDEimMeTNfXsguGpLDSmIh9UQ","1sdYHJALQM8eeWF1RDa5YlWNRcpkPWVdY",1,image/jpeg,99400,active,,"2025-07-23 11:04:20","2025-07-23 11:04:20"
AUH15100,3050,5228,5100,6,HỌC BẠ LỚP 11.jpg,transcript_1_5228_1.jpg,"1iKAOo6NPC_HwR8XLym0xj_cN5Emf7Ep6","1sdYHJALQM8eeWF1RDa5YlWNRcpkPWVdY",1,image/jpeg,112249,active,,"2025-07-23 11:04:23","2025-07-23 11:04:23"
AUH15100,3051,5228,5100,6,HỌC BẠ LỚP 12.jpg,transcript_1_5228_2.jpg,"1g4g7tcVtN_i_Dr2fttKFD-WZ2C1LGnoh","1sdYHJALQM8eeWF1RDa5YlWNRcpkPWVdY",2,image/jpeg,109038,active,,"2025-07-23 11:04:25","2025-07-23 11:04:25"
AUH15100,3052,5228,5100,10,GIẤY KHAI SINH.jpg,birth_certificate_5228_0.jpg,"1K2SGbZRBgwconTODO7GPlvKvAvX-Ysvb","1sdYHJALQM8eeWF1RDa5YlWNRcpkPWVdY",0,image/jpeg,115060,active,,"2025-07-23 11:04:34","2025-07-23 11:04:34"
AUH15100,3055,5228,5100,9,CHỨNG CHỈ IELTS.jpg,english_certificare_5228_0.jpg,"1wPBVJjwwYb4cYw-t1Yh-0r-2s2HprXLK","1sdYHJALQM8eeWF1RDa5YlWNRcpkPWVdY",0,image/jpeg,158910,active,,"2025-07-23 11:04:42","2025-07-23 11:04:42"
AUH15100,3058,5228,5100,7,BẰNG TỐT NGHIỆP (tạm thời).jpg,diploma_5228_0.jpg,"1krvn-mhXgOL6yrg8JnqLWrw16aJIXNxL","1sdYHJALQM8eeWF1RDa5YlWNRcpkPWVdY",0,image/jpeg,70040,active,,"2025-07-23 11:05:06","2025-07-23 11:05:06"
AUS10743,3063,826,743,7,GIAY CHUNG NHAN TOT NGHIEP THPT TAM THOI.pdf,diploma_826_0.pdf,"1BDarjESV-pOJWNpn1H6_wHF70tAep_YH","1TeQq_Mu6RGIbSE3xN53ojhVQfx3j_LMh",0,application/pdf,6605240,active,,"2025-07-23 11:07:34","2025-07-23 11:07:34"
AUS10743,3064,826,743,6,HOC BA CAP 3 HUONG DIEU TO_compressed.pdf,transcript_1_826_0.pdf,"1kMXBSS4ZNLJ7uawq_3MoPjT1Ry910YFC","1TeQq_Mu6RGIbSE3xN53ojhVQfx3j_LMh",0,application/pdf,2179201,active,,"2025-07-23 11:07:48","2025-07-23 11:07:48"
AUS11763,3066,1853,1763,1,IMG_5908.jpeg,id_card_front_1853_0.jpeg,"1IWU0bjITVAn1gmQVvmNXTZ0y3T80XEZs","1qCSsAGbri23_e41ovfnsBxjYc0g-mHiC",0,image/jpeg,203176,active,,"2025-07-23 11:10:21","2025-07-23 11:10:21"
AUS11763,3067,1853,1763,2,IMG_5909.jpeg,id_card_back_1853_0.jpeg,"1VVYeiYNL65R1n5RSTYD90gSNnUUz-qtf","1qCSsAGbri23_e41ovfnsBxjYc0g-mHiC",0,image/jpeg,184333,active,,"2025-07-23 11:10:33","2025-07-23 11:10:33"
AUS10743,3068,826,743,10,GKS.pdf,birth_certificate_826_0.pdf,"1ELspNeHj_haPQmSF1aSsB05hzEw5VN1D","1TeQq_Mu6RGIbSE3xN53ojhVQfx3j_LMh",0,application/pdf,5474038,active,,"2025-07-23 11:10:43","2025-07-23 11:10:43"
AUS11763,3069,1853,1763,3,image.jpg,transcript_1853_0.jpg,"1mSdHbH0EzpyNj1HVQn3fitqiGd6L8ZPI","1qCSsAGbri23_e41ovfnsBxjYc0g-mHiC",0,image/jpeg,224539,active,,"2025-07-23 11:11:00","2025-07-23 11:11:00"
AUS11763,3070,1853,1763,4,IMG_9970.jpeg,english_certificate_1853_0.jpeg,"1aGUv1j08o-WS2fIQvGxqPabwO1JdTIM8","1qCSsAGbri23_e41ovfnsBxjYc0g-mHiC",0,image/jpeg,322741,active,,"2025-07-23 11:11:18","2025-07-23 11:11:18"
AUS16189,3075,6376,6189,8,z6570033830313_909a49590d8605825f7c22c47f76e256.jpg,student_photo_6376_0.jpg,"1zc0NcavvsauGhpRdTeXZPPkOZbAnnX1N","12yPIYh9zJypaQL_tMN4g56Ix50G51IzH",0,image/jpeg,67081,active,,"2025-07-23 13:35:12","2025-07-23 13:35:12"
AUS16189,3076,6376,6189,6,hb.jpg,transcript_1_6376_0.jpg,"1PfOBgWgde8BZWj4x7OipU9J3BRR1VL3F","12yPIYh9zJypaQL_tMN4g56Ix50G51IzH",0,image/jpeg,67442,active,,"2025-07-23 13:38:36","2025-07-23 13:38:36"
AUS16189,3077,6376,6189,6,hb11.jpg,transcript_1_6376_1.jpg,"1Mu1cOJf1T3de9q6vygOx_JB8pGjZT_yK","12yPIYh9zJypaQL_tMN4g56Ix50G51IzH",1,image/jpeg,95654,active,,"2025-07-23 13:38:48","2025-07-23 13:38:48"
AUS16189,3078,6376,6189,6,hb10.jpg,transcript_1_6376_2.jpg,"1QKCB1-5-ipNKml4WsacBT3rePNLmaZ2f","12yPIYh9zJypaQL_tMN4g56Ix50G51IzH",2,image/jpeg,87610,active,,"2025-07-23 13:39:01","2025-07-23 13:39:01"
AUS16189,3079,6376,6189,6,hb101.jpg,transcript_1_6376_3.jpg,"13199Kj1cz_iCOx5hgLFYaYgcC9cUPSnn","12yPIYh9zJypaQL_tMN4g56Ix50G51IzH",3,image/jpeg,91051,active,,"2025-07-23 13:39:10","2025-07-23 13:39:10"
AUS16189,3080,6376,6189,6,hb111.jpg,transcript_1_6376_4.jpg,"1SKgzA8wNYoOXPkCkuUpCLEhHjzPzFVWc","12yPIYh9zJypaQL_tMN4g56Ix50G51IzH",4,image/jpeg,84171,active,,"2025-07-23 13:39:18","2025-07-23 13:39:18"
AUS16189,3081,6376,6189,6,hb112.jpg,transcript_1_6376_5.jpg,"1TCVuaXfTbFJPKZR6axH7xeroLEh8FOuv","12yPIYh9zJypaQL_tMN4g56Ix50G51IzH",5,image/jpeg,91896,active,,"2025-07-23 13:39:25","2025-07-23 13:39:25"
AUS16189,3082,6376,6189,6,hb113.jpg,transcript_1_6376_6.jpg,"1kTqEYtzf_W8rj5ybEpA5K-nwDCFYkOZp","12yPIYh9zJypaQL_tMN4g56Ix50G51IzH",6,image/jpeg,90288,active,,"2025-07-23 13:39:34","2025-07-23 13:39:34"
AUS16189,3083,6376,6189,6,hb114.jpg,transcript_1_6376_7.jpg,"105fHciYxH9RtI19I5vycqaECYGq_Jxu5","12yPIYh9zJypaQL_tMN4g56Ix50G51IzH",7,image/jpeg,84584,active,,"2025-07-23 13:39:41","2025-07-23 13:39:41"
AUS16189,3084,6376,6189,7,cntn.jpg,diploma_6376_0.jpg,"1-jJLesD_yE6PY6HqeTreRA-CC5JHI2Qs","12yPIYh9zJypaQL_tMN4g56Ix50G51IzH",0,image/jpeg,62004,active,,"2025-07-23 13:40:10","2025-07-23 13:40:10"
AUS16189,3085,6376,6189,9,VSTEP.jpg,english_certificare_6376_0.jpg,"1Z1TsBCw9aLZDJ8eqs_znPkunfdVvmJr7","12yPIYh9zJypaQL_tMN4g56Ix50G51IzH",0,image/jpeg,129428,active,,"2025-07-23 13:40:20","2025-07-23 13:40:20"
AUS16189,3086,6376,6189,10,ks.jpg,birth_certificate_6376_0.jpg,"14Le3f4avNe5yToXtdkTeAjGTP549sbqB","12yPIYh9zJypaQL_tMN4g56Ix50G51IzH",0,image/jpeg,188120,active,,"2025-07-23 13:41:43","2025-07-23 13:41:43"
AUS15124,3087,5252,5124,8,DSC_6822.jpg,student_photo_5252_0.jpg,"1wFjKHQNgRQsiS0oMWUAI6sHYcilmViP_","1XSxyWSoKzxR_JHo3hDjBmSC5OVdedj8h",0,image/jpeg,40835,active,,"2025-07-23 13:54:30","2025-07-23 13:54:30"
AUS15124,3088,5252,5124,9,z6512310829415_785f9d963f2a204a5432d4a0fa496904.jpg,english_certificare_5252_0.jpg,"1VyfudrdDEg5WYmbeURzO0f255mH0UAEs","1XSxyWSoKzxR_JHo3hDjBmSC5OVdedj8h",0,image/jpeg,179233,active,,"2025-07-23 13:54:38","2025-07-23 13:54:38"
AUS15124,3089,5252,5124,6,Học bạ.pdf,transcript_1_5252_0.pdf,"1DefIj7rwYCVxPi-nZ7XzSduf7TvtfYcB","1XSxyWSoKzxR_JHo3hDjBmSC5OVdedj8h",0,application/pdf,1552080,active,,"2025-07-23 13:54:51","2025-07-23 13:54:51"
AUS15124,3091,5252,5124,10,"20250716_214811 (1).jpg",birth_certificate_5252_0.jpg,"1__2gyZbY3mSap3a58W_7nIWsMahoSxY1","1XSxyWSoKzxR_JHo3hDjBmSC5OVdedj8h",0,image/jpeg,187524,active,,"2025-07-23 13:55:31","2025-07-23 13:55:31"
AUH15085,3107,5213,5085,6,Học bạ - Trần Chí Thanh.pdf,transcript_1_5213_0.pdf,"1EmJJd-H1H7cZVqKqM3bWA-qBHz2nLASQ","1JilG6yqLf8n9cg-csmV7K64La7vJrTHO",0,application/pdf,2232613,active,,"2025-07-23 14:45:37","2025-07-23 14:45:37"
AUS19927,3142,10234,9927,4,IMG_2584.jpeg,english_certificate_10234_0.jpeg,"1rJ6l9DuprwHiKDcI8EkDRqiJAVXraHVs","1bDnPVn-MloGxiEq85RYcoBoyYX7V7gmi",0,image/jpeg,363465,active,,"2025-07-24 00:10:31","2025-07-24 00:10:31"
AUS19927,3143,10234,9927,3,IMG_2582.jpeg,transcript_10234_0.jpeg,"1V5ZrYfWGaiGlOeWrdCD26tg4KthIOuRo","1bDnPVn-MloGxiEq85RYcoBoyYX7V7gmi",0,image/jpeg,263501,active,,"2025-07-24 00:14:31","2025-07-24 00:14:31"
AUS19927,3144,10234,9927,1,IMG_2590.jpeg,id_card_front_10234_0.jpeg,"1ZclgQ8SmfSFzN4-WIRqCEtRwpfyaVARh","1bDnPVn-MloGxiEq85RYcoBoyYX7V7gmi",0,image/jpeg,250342,active,,"2025-07-24 00:15:22","2025-07-24 00:15:22"
AUS19927,3145,10234,9927,2,IMG_2591.jpeg,id_card_back_10234_0.jpeg,"1voeE-IKosn_2D-7iFEpbEcydGrCWQy_o","1bDnPVn-MloGxiEq85RYcoBoyYX7V7gmi",0,image/jpeg,319101,active,,"2025-07-24 00:15:25","2025-07-24 00:15:25"
AUH18865,3146,9134,8865,1,att.eIDRBTO43nrZdggoZVcYsuAZ3S8O6UN_d7ryqITvTlE.jpeg,id_card_front_9134_0.jpeg,"1E6IQ6rzgLs3BLWdTgvx0Haja2F0HZ6EV","16Q6XCu0RZ1NvSy470_IaHaRrpKwP131l",0,image/jpeg,156914,active,,"2025-07-24 01:54:49","2025-07-24 01:54:49"
AUH18865,3147,9134,8865,2,att.qUcT3s8O4mPGFc9V5ONpP3xsuiTrMIzKVVljMRF6LoY.jpeg,id_card_back_9134_0.jpeg,"18_Tzumef2jVZ-laEMuORIIvzBlt2JvMt","16Q6XCu0RZ1NvSy470_IaHaRrpKwP131l",0,image/jpeg,164655,active,,"2025-07-24 01:54:56","2025-07-24 01:54:56"
AUH18865,3148,9134,8865,3,CamScanner 30-06-2025 20.46.pdf,transcript_9134_0.pdf,"159LlwZ6mvscyGcThR_mOgUDaQba6mHsS","16Q6XCu0RZ1NvSy470_IaHaRrpKwP131l",0,application/pdf,4353103,active,,"2025-07-24 01:55:29","2025-07-24 01:55:29"
AUH16667,3149,6859,6667,6,Hoc ba_Tran Viet Cuong_Trang 1.jpg,transcript_1_6859_0.jpg,"13P-cSjhjle6Vep9u8I3-SytsGp6BQZj3","1TuFjtIiX5EoAqKK54dmlFAykDqDSe2dn",0,image/jpeg,73233,active,,"2025-07-24 01:56:50","2025-07-24 01:56:50"
AUH16667,3150,6859,6667,6,Hoc ba_Tran Viet Cuong_Trang 2.jpg,transcript_1_6859_1.jpg,"1dFNR7XSAEjyK5agJ8Znv_sAcYp0ZYRrs","1TuFjtIiX5EoAqKK54dmlFAykDqDSe2dn",1,image/jpeg,124723,active,,"2025-07-24 01:56:59","2025-07-24 01:56:59"
AUH16667,3151,6859,6667,6,Hoc ba_Tran Viet Cuong_Trang 3.jpg,transcript_1_6859_2.jpg,"1KLRBhwjiAyDFn_8bRLjVavxZlWpNYZaD","1TuFjtIiX5EoAqKK54dmlFAykDqDSe2dn",2,image/jpeg,109316,active,,"2025-07-24 01:57:11","2025-07-24 01:57:11"
AUH16667,3152,6859,6667,6,Hoc ba_Tran Viet Cuong_Trang 4.jpg,transcript_1_6859_3.jpg,"12u2wrVE83LFfIJuwd0Cg4B_dFKWp6ybC","1TuFjtIiX5EoAqKK54dmlFAykDqDSe2dn",3,image/jpeg,146340,active,,"2025-07-24 01:57:19","2025-07-24 01:57:19"
AUH16667,3153,6859,6667,6,Hoc ba_Tran Viet Cuong_Trang 5.jpg,transcript_1_6859_4.jpg,"1xJ6FOCTyepWb28PSVRDRNE_bD3THcuci","1TuFjtIiX5EoAqKK54dmlFAykDqDSe2dn",4,image/jpeg,139409,active,,"2025-07-24 01:57:28","2025-07-24 01:57:28"
AUH16667,3154,6859,6667,6,Hoc ba_Tran Viet Cuong_Trang 6.jpg,transcript_1_6859_5.jpg,"1F9JCPA--sA-ZzxKV16c-UhSxOFSvZtC1","1TuFjtIiX5EoAqKK54dmlFAykDqDSe2dn",5,image/jpeg,95635,active,,"2025-07-24 01:57:37","2025-07-24 01:57:37"
AUH16667,3155,6859,6667,11,Trần Việt Cường - Giải khuyến khích cuộc thi Khoa Học Kỹ Thuật (Lĩnh vực CNTT) - Lớp 8.jpg,other_achievements_2_6859_0.jpg,"1VnX6rvgP6J3AE71s2_f8IL2AcRVxWgh1","1TuFjtIiX5EoAqKK54dmlFAykDqDSe2dn",0,image/jpeg,117594,active,,"2025-07-24 01:58:08","2025-07-24 01:58:08"
AUH16667,3156,6859,6667,11,Trần Việt Cường - Giải khuyến khích cuộc thi Khoa Học Kỹ Thuật (Lĩnh vực Vật lý) - Lớp 9.jpg,other_achievements_2_6859_1.jpg,"1CyI2L6jOltPx2TV90Fr5bidEE4-E8oxB","1TuFjtIiX5EoAqKK54dmlFAykDqDSe2dn",1,image/jpeg,135885,active,,"2025-07-24 01:58:18","2025-07-24 01:58:18"
AUH16609,3157,6802,6609,8,(3x4) - BAO CHAU 12A5  _3020.JPG,student_photo_6802_0.JPG,"19Nj5GgyCC_q3FCzQHAk2lJ-UPJCkALu_","1A-IElah1mbIPdAbBotnYJcxtItAXOaUD",0,image/jpeg,22792,active,,"2025-07-24 02:12:14","2025-07-24 02:12:14"
AUS15046,3164,5174,5046,7,"20250724_092230.jpg",diploma_5174_0.jpg,"1PSaXxb5Q7PtX_s-KXg7rFCiHOSjyhUqf","1TEIdWXcqmxbH5kUaif7JqKu2GCwbwnDN",0,image/jpeg,65747,active,,"2025-07-24 02:23:22","2025-07-24 02:23:22"
AUS15046,3166,5174,5046,10,"20250724_092616.jpg",birth_certificate_5174_0.jpg,"1PBkGhNjV_2eMvb9BJBwhEdIhobxvlZg5","1TEIdWXcqmxbH5kUaif7JqKu2GCwbwnDN",0,image/jpeg,147988,active,,"2025-07-24 02:26:48","2025-07-24 02:26:48"
AUS15046,3168,5174,5046,6,"20250724_093230.jpg",transcript_1_5174_0.jpg,"1khnDheSin06rVd-WEDpqpltkaj4jmi9m","1TEIdWXcqmxbH5kUaif7JqKu2GCwbwnDN",0,image/jpeg,86602,active,,"2025-07-24 02:37:11","2025-07-24 02:37:11"
AUS15046,3169,5174,5046,6,"20250724_093245.jpg",transcript_1_5174_1.jpg,"1FYlRiAwfZGcAGQRLw-GVwR4vLmcZAa_q","1TEIdWXcqmxbH5kUaif7JqKu2GCwbwnDN",1,image/jpeg,108996,active,,"2025-07-24 02:37:23","2025-07-24 02:37:23"
AUS15046,3170,5174,5046,6,"20250724_093253.jpg",transcript_1_5174_2.jpg,"1GmifQk3F0nmFTkKzdWXrKEOmm9wuRaEU","1TEIdWXcqmxbH5kUaif7JqKu2GCwbwnDN",2,image/jpeg,87623,active,,"2025-07-24 02:37:38","2025-07-24 02:37:38"
AUS15046,3171,5174,5046,6,"20250724_093310.jpg",transcript_1_5174_3.jpg,"1lIlGzOqzl14nJqr1eCyN4Z646-nXsMSS","1TEIdWXcqmxbH5kUaif7JqKu2GCwbwnDN",3,image/jpeg,110554,active,,"2025-07-24 02:37:50","2025-07-24 02:37:50"
AUS15046,3172,5174,5046,6,"20250724_093319.jpg",transcript_1_5174_4.jpg,"1KT5nqoGuG8y-bVDzCPcVwWyjyoUrIrda","1TEIdWXcqmxbH5kUaif7JqKu2GCwbwnDN",4,image/jpeg,92291,active,,"2025-07-24 02:38:01","2025-07-24 02:38:01"
AUS15046,3173,5174,5046,6,"20250724_093328.jpg",transcript_1_5174_5.jpg,"1abTh3S6aYxzrfrCvtmtqWgngEvRhSK5V","1TEIdWXcqmxbH5kUaif7JqKu2GCwbwnDN",5,image/jpeg,117897,active,,"2025-07-24 02:38:11","2025-07-24 02:38:11"
AUS15046,3174,5174,5046,6,"20250724_093339.jpg",transcript_1_5174_6.jpg,"10RWyc5qJS5riCtcLla9RUTF1utF4_sYw","1TEIdWXcqmxbH5kUaif7JqKu2GCwbwnDN",6,image/jpeg,81855,active,,"2025-07-24 02:38:21","2025-07-24 02:38:21"
AUS15046,3175,5174,5046,11,"20250724_094117.jpg",other_achievements_2_5174_0.jpg,"12OsHj5hLCmlwNbzFAO6zyjLckfVBAPUL","1TEIdWXcqmxbH5kUaif7JqKu2GCwbwnDN",0,image/jpeg,97987,active,,"2025-07-24 02:42:08","2025-07-24 02:42:08"
AUS15046,3178,5174,5046,9,"20250724_095953.jpg",english_certificare_5174_0.jpg,"1d3PgKIleTxWxGF3Y0cc5MLmfuRuUNxJT","1TEIdWXcqmxbH5kUaif7JqKu2GCwbwnDN",0,image/jpeg,101407,active,,"2025-07-24 03:01:14","2025-07-24 03:01:14"
AUH16609,3186,6802,6609,6,Học bạ (1).jpg,transcript_1_6802_0.jpg,"17e0SqzI2Z8C5lVuwS6pSXbAAAiU21o0b","1A-IElah1mbIPdAbBotnYJcxtItAXOaUD",0,image/jpeg,58339,active,,"2025-07-24 04:15:26","2025-07-24 04:15:26"
AUH16609,3187,6802,6609,6,Học bạ (2).jpg,transcript_1_6802_1.jpg,"1xqPSlrsuGfPHGnbo2h3koi8VOXT5bAfk","1A-IElah1mbIPdAbBotnYJcxtItAXOaUD",1,image/jpeg,75634,active,,"2025-07-24 04:15:53","2025-07-24 04:15:53"
AUH16609,3188,6802,6609,6,Học bạ (3).jpg,transcript_1_6802_2.jpg,"1TMTrezlJ8dmIczZBtY2oCqBlmsUt1SCb","1A-IElah1mbIPdAbBotnYJcxtItAXOaUD",2,image/jpeg,98510,active,,"2025-07-24 04:16:17","2025-07-24 04:16:17"
AUH16609,3189,6802,6609,6,Học bạ (4).jpg,transcript_1_6802_3.jpg,"19Gw-9f-GDYOxhhL0_m3DRnJDBUTRmTmh","1A-IElah1mbIPdAbBotnYJcxtItAXOaUD",3,image/jpeg,86105,active,,"2025-07-24 04:18:17","2025-07-24 04:18:17"
AUH16609,3190,6802,6609,6,Học bạ (5).jpg,transcript_1_6802_4.jpg,"11VEEjQSE8XeCRaW7hViHZWN7AsZDCyoX","1A-IElah1mbIPdAbBotnYJcxtItAXOaUD",4,image/jpeg,100227,active,,"2025-07-24 04:18:27","2025-07-24 04:18:27"
AUH16609,3191,6802,6609,6,Học bạ (6).jpg,transcript_1_6802_5.jpg,"1ymBkOt-rrBa35bVSTdh0fOaGgWc7kaN6","1A-IElah1mbIPdAbBotnYJcxtItAXOaUD",5,image/jpeg,78374,active,,"2025-07-24 04:18:34","2025-07-24 04:18:34"
AUH16609,3192,6802,6609,6,Học bạ (7).jpg,transcript_1_6802_6.jpg,"13IcnrGk-QX4B7hgHhskJUpWT10orPUIw","1A-IElah1mbIPdAbBotnYJcxtItAXOaUD",6,image/jpeg,103074,active,,"2025-07-24 04:18:40","2025-07-24 04:18:40"
AUH16609,3193,6802,6609,6,Học bạ (8).jpg,transcript_1_6802_7.jpg,"1nk0U9-I43IOUJ8Ez8UNMMv2HAKoVSGXW","1A-IElah1mbIPdAbBotnYJcxtItAXOaUD",7,image/jpeg,78402,active,,"2025-07-24 04:18:47","2025-07-24 04:18:47"
AUS15092,3202,5220,5092,6,"1000025262-đã gộp-đã nén.pdf",transcript_1_5220_0.pdf,"1CgHQ1f6n_1u4V0w-ofv8loPT6We50iWl","1Z3z9wFpeWqXrParDxYiEZeBSMElEL23m",0,application/pdf,512596,active,,"2025-07-24 05:23:48","2025-07-24 05:23:48"
AUS15092,3203,5220,5092,8,gen-h-z6836153330809_3ea4afe780e0adb6ff63964f35dddd9d.jpg,student_photo_5220_0.jpg,"16gV3N6YFSWP13mmutUfN34oySNWQb83F","1Z3z9wFpeWqXrParDxYiEZeBSMElEL23m",0,image/jpeg,66900,active,,"2025-07-24 05:25:06","2025-07-24 05:25:06"
AUH14980,3204,5108,4980,8,IMG_2735.jpeg,student_photo_5108_0.jpeg,"1PaquuWgZ-lsk1lscNn86KtFWBezQ1Ht0","1_bloyuzymI3D7jGKxlUN5TiuiRKV3fNT",0,image/jpeg,200404,active,,"2025-07-24 05:59:03","2025-07-24 05:59:03"
AUH14981,3206,5109,4981,8,SML06627.jpeg,student_photo_5109_1.jpeg,"1igiRJ5jPBdK-03t_SZxcqGGLpq8fAGNY","1Wg_b4jRZBtsYdEjWcOrUeAPQmLuvEM6K",1,image/jpeg,48288,active,,"2025-07-24 06:00:00","2025-07-24 06:00:00"
AUS15065,3207,5193,5065,6,CamScanner 24-07-2025 13.02.pdf,transcript_1_5193_0.pdf,"1kxwDhw49IpXqfid2fvb022zdpQ_FaiD1","15jMihGL1hkC615wRYoKbCQaql2vNXXgQ",0,application/pdf,5616344,active,,"2025-07-24 06:06:50","2025-07-24 06:06:50"
AUH14981,3209,5109,4981,9,IMG_0099.jpeg,english_certificare_5109_0.jpeg,"1edBMatViiBVtDzGJDYXFfwf89a3CQxjt","1Wg_b4jRZBtsYdEjWcOrUeAPQmLuvEM6K",0,image/jpeg,384222,active,,"2025-07-24 06:09:59","2025-07-24 06:09:59"
AUH14981,3210,5109,4981,10,IMG_0101.jpeg,birth_certificate_5109_0.jpeg,"1IKF3G0ZEyqPSs8iktslSr20AjG6pRL9u","1Wg_b4jRZBtsYdEjWcOrUeAPQmLuvEM6K",0,image/jpeg,296218,active,,"2025-07-24 06:10:32","2025-07-24 06:10:32"
AUS15065,3211,5193,5065,10,CamScanner 24-07-2025 13.09.jpg,birth_certificate_5193_0.jpg,"1UmOrQMryWYIm3wO88MKO-38xXhBMwXyB","15jMihGL1hkC615wRYoKbCQaql2vNXXgQ",0,image/jpeg,153436,active,,"2025-07-24 06:12:41","2025-07-24 06:12:41"
AUS15065,3212,5193,5065,7,CamScanner 24-07-2025 13.15.jpg,diploma_5193_0.jpg,"1Ae5nhomKf7MoxVmQVktUHUSWCD60b-Rj","15jMihGL1hkC615wRYoKbCQaql2vNXXgQ",0,image/jpeg,68086,active,,"2025-07-24 06:16:30","2025-07-24 06:16:30"
AUS15065,3213,5193,5065,8,"4 (2).jpg",student_photo_5193_0.jpg,"1tPTnxhSrW2ZX0UNnjEJuAGGgKjI7bl3U","15jMihGL1hkC615wRYoKbCQaql2vNXXgQ",0,image/jpeg,40090,active,,"2025-07-24 06:22:20","2025-07-24 06:22:20"
AUS15065,3214,5193,5065,9,CamScanner 24-07-2025 13.15_3.jpg,english_certificare_5193_0.jpg,"13AiQjc_xmTozJS1--rN3TOxg53GbkNNB","15jMihGL1hkC615wRYoKbCQaql2vNXXgQ",0,image/jpeg,165256,active,,"2025-07-24 06:24:28","2025-07-24 06:24:28"
AUS14984,3215,5112,4984,8,z6836428439057_3f31fc9d15991bb12711bfaeeec91e51.jpg,student_photo_5112_0.jpg,"1B-MyoUep5f8n9nmA_qeUgl19WxpPVo_Z","1L9-Ojpz8WJuh8i4Ly6W5gdqoD8fwwOIL",0,image/jpeg,51574,active,,"2025-07-24 06:58:09","2025-07-24 06:58:09"
AUS14984,3216,5112,4984,6,Default folder_compressed.pdf,transcript_1_5112_0.pdf,"1WNKipNO6gco7Z2xy2GTc8R1T41-EkrDf","1L9-Ojpz8WJuh8i4Ly6W5gdqoD8fwwOIL",0,application/pdf,6421800,active,,"2025-07-24 07:05:30","2025-07-24 07:05:30"
AUS14984,3219,5112,4984,9,IMG_2903.pdf,english_certificare_5112_0.pdf,"1bCvMJuV23RZG8hO0C5vuxTG43hBNoZsP","1L9-Ojpz8WJuh8i4Ly6W5gdqoD8fwwOIL",0,application/pdf,417674,active,,"2025-07-24 07:13:46","2025-07-24 07:13:46"
AUS14984,3220,5112,4984,7,z6836485942261_117ac33423dee423398407883626a847.jpg,diploma_5112_0.jpg,"1ZKHFMtxtnsEYaU6As4vFdeyRASSuTy_G","1L9-Ojpz8WJuh8i4Ly6W5gdqoD8fwwOIL",0,image/jpeg,63483,active,,"2025-07-24 07:14:59","2025-07-24 07:14:59"
AUS14984,3228,5112,4984,10,khai sinh.jpg,birth_certificate_5112_0.jpg,"1wioQRNoIyf4wnxnYblWewySvG7c5Tmpt","1L9-Ojpz8WJuh8i4Ly6W5gdqoD8fwwOIL",0,image/jpeg,96680,active,,"2025-07-24 07:16:44","2025-07-24 07:16:44"
AUS14984,3229,5112,4984,11,z6836496016244_bd5e7cdb44ff4033cd98b138503547b3.jpg,other_achievements_2_5112_0.jpg,"1IrtWIk8zEw7vT7EPA9AIfludCQD3bfTS","1L9-Ojpz8WJuh8i4Ly6W5gdqoD8fwwOIL",0,image/jpeg,59684,active,,"2025-07-24 07:18:07","2025-07-24 07:18:07"
AUH16667,3231,6859,6667,11,Trần Việt Cường_Điểm ĐGNL 2025(HSA).jpg,other_achievements_2_6859_2.jpg,"17SLrkfAdVi5BIXUi01Nde6SV6Szkd33r","1TuFjtIiX5EoAqKK54dmlFAykDqDSe2dn",2,image/jpeg,136435,active,,"2025-07-24 07:27:27","2025-07-24 07:27:27"
AUH17999,3232,5561,7999,8,IMG_9710.jpeg,student_photo_5561_0.jpeg,"1P2jUsnlL8fRYAsWUx5DtJAqRTmY-kSYk","1SgtlunmXiinWCA_nz0qP2eWX73O6bDRs",0,image/jpeg,65672,active,,"2025-07-24 09:07:21","2025-07-24 09:07:21"
AUS15092,3233,5220,5092,10,gen-h-z6836210154303_22d1ca054134588804e59240bb9eb82b.jpg,birth_certificate_5220_0.jpg,"1zORHyLMfc_skPfzCl4uS66ySa44zZLLR","1Z3z9wFpeWqXrParDxYiEZeBSMElEL23m",0,image/jpeg,118043,active,,"2025-07-24 09:17:48","2025-07-24 09:17:48"
AUH17999,3238,5561,7999,6,CamScanner 2025-06-05 09.03_7.jpeg,transcript_1_5561_0.jpeg,"1buYCYrbaMo5BfCDoKSugirrd90ZFMilG","1SgtlunmXiinWCA_nz0qP2eWX73O6bDRs",0,image/jpeg,201007,active,,"2025-07-24 10:27:18","2025-07-24 10:27:18"
AUH17999,3239,5561,7999,9,CamScanner 2025-06-06 12.42_1.jpeg,english_certificare_5561_0.jpeg,"1HCtD7FIaLqORPpIv_DcsW7vouMc0MHuV","1SgtlunmXiinWCA_nz0qP2eWX73O6bDRs",0,image/jpeg,353531,active,,"2025-07-24 10:27:38","2025-07-24 10:27:38"
AUH17999,3240,5561,7999,11,CamScanner ⁨30-6-25 13.27⁩_1.jpeg,other_achievements_2_5561_0.jpeg,"1gvoQ29CBEHuPAe8v-wKdfopx6FkLlEMZ","1SgtlunmXiinWCA_nz0qP2eWX73O6bDRs",0,image/jpeg,196556,active,,"2025-07-24 10:27:59","2025-07-24 10:27:59"
AUS15058,3241,5186,5058,8,anh1.png,student_photo_5186_0.png,"14BSygK7Rpa7nxc-KmxG8Mhl8qkvi_26K","1kb-jBtlKPcGjQO4QidqWIG9kJF3jUmbE",0,image/png,146993,active,,"2025-07-24 11:28:36","2025-07-24 11:28:36"
AUS15058,3243,5186,5058,7,z6837557048888_23e08d256b1b67aebe45fb30955e03e4.jpg,diploma_5186_0.jpg,"1NomUheJ1wyC2NW41d4a9BbfgTK7RuBPN","1kb-jBtlKPcGjQO4QidqWIG9kJF3jUmbE",0,image/jpeg,81643,active,,"2025-07-24 12:22:59","2025-07-24 12:22:59"
AUS15058,3244,5186,5058,6,z6837557048975_a4f1d8fcd7df1c2c4d78399f617cfbb2.jpg,transcript_1_5186_0.jpg,"1tsbmNL1rMlieM5aF_fpsW1zL70pwx8EB","1kb-jBtlKPcGjQO4QidqWIG9kJF3jUmbE",0,image/jpeg,66601,active,,"2025-07-24 12:24:46","2025-07-24 12:24:46"
AUS15058,3245,5186,5058,6,z6837557059343_1fd63493502b8d1d9176543e811866e0.jpg,transcript_1_5186_1.jpg,"1lzjTYKneSHQKwJ8AdfZXMHzv2HJGVDrj","1kb-jBtlKPcGjQO4QidqWIG9kJF3jUmbE",1,image/jpeg,122005,active,,"2025-07-24 12:25:03","2025-07-24 12:25:03"
AUS15058,3246,5186,5058,6,z6837557077203_168b0e2462346509feb1ef01a99638ed.jpg,transcript_1_5186_2.jpg,"1qlcvlNpocqzs4ggFtAbMptZrguD7gYIE","1kb-jBtlKPcGjQO4QidqWIG9kJF3jUmbE",2,image/jpeg,142511,active,,"2025-07-24 12:25:21","2025-07-24 12:25:21"
AUS15058,3247,5186,5058,6,z6837557073779_9e0c1ab60942943e8cc22bd062fbebf8.jpg,transcript_1_5186_3.jpg,"1VJAA4gT5oEpYqZb1gQtUtLCMr2hfVfKz","1kb-jBtlKPcGjQO4QidqWIG9kJF3jUmbE",3,image/jpeg,149419,active,,"2025-07-24 12:25:36","2025-07-24 12:25:36"
AUS15058,3248,5186,5058,10,z6837557076943_c2a9f798a7466adf4aa61d6444149309.jpg,birth_certificate_5186_0.jpg,"1v6bBRAD3VPZ_-rd0zZf449fMsqEugKSu","1kb-jBtlKPcGjQO4QidqWIG9kJF3jUmbE",0,image/jpeg,165289,active,,"2025-07-24 12:25:53","2025-07-24 12:25:53"
AUH14979,3249,5107,4979,7,z6837652264364_aab8cf6039891f222536411d9575768f.jpg,diploma_5107_0.jpg,"1iDeSuGe6_UKYsQQPqwbQKUR0dSLSYJoE","1EHfxZxuLYbSoToaCIvEGXsi1P-XBmDml",0,image/jpeg,76939,active,,"2025-07-24 12:54:57","2025-07-24 12:54:57"
AUH14979,3250,5107,4979,7,z6837652275619_f4623a14e3e0a1f0191aebe66a8227ae.jpg,diploma_5107_1.jpg,"1F2QpBJmIBX0yMFeGImstVYrxGNIXq0h2","1EHfxZxuLYbSoToaCIvEGXsi1P-XBmDml",1,image/jpeg,76454,active,,"2025-07-24 12:55:12","2025-07-24 12:55:12"
AUH15118,3251,5246,5118,6,image.jpg,transcript_1_5246_0.jpg,"1lMelGKXExJYekJEXeYKDEOx4E-AATZ8T","1_MxrKVeGFSw61fo2NVh7CVvfo9CD2OWt",0,image/jpeg,279513,active,,"2025-07-24 14:04:05","2025-07-24 14:04:05"
AUH15118,3252,5246,5118,6,image.jpg,transcript_1_5246_1.jpg,"1iWwKwQJpXlEDWtsJYBBhkml7vlpk_BuI","1_MxrKVeGFSw61fo2NVh7CVvfo9CD2OWt",1,image/jpeg,276531,active,,"2025-07-24 14:04:19","2025-07-24 14:04:19"
AUH15118,3253,5246,5118,6,image.jpg,transcript_1_5246_2.jpg,"1qjl4QWt4rls1wBBedMZvR3M_ULzG984g","1_MxrKVeGFSw61fo2NVh7CVvfo9CD2OWt",2,image/jpeg,276598,active,,"2025-07-24 14:04:40","2025-07-24 14:04:40"
AUH15118,3254,5246,5118,10,image.jpg,birth_certificate_5246_0.jpg,"16eSxTQnqMZ-GdLBdOGSciz1u6cpsqsEX","1_MxrKVeGFSw61fo2NVh7CVvfo9CD2OWt",0,image/jpeg,223287,active,,"2025-07-24 14:05:15","2025-07-24 14:05:15"
AUH15118,3255,5246,5118,7,image.jpg,diploma_5246_0.jpg,"1IKMxebmZybvg-YShIlHS2urGU3YjjiOe","1_MxrKVeGFSw61fo2NVh7CVvfo9CD2OWt",0,image/jpeg,294919,active,,"2025-07-24 14:06:21","2025-07-24 14:06:21"
AUH110042,3265,10350,10042,1,"48b230ba-1d60-472d-9e7a-627cb10ec095.jpg",id_card_front_10350_0.jpg,"1tDky5ypawJdTkd79WGOpvwDxHWidBxdq","1ABLyGQuCFbGxdBvEIqTVn2mv5VE5ygah",0,image/jpeg,83576,active,,"2025-07-24 16:27:12","2025-07-24 16:27:12"
AUH110042,3266,10350,10042,2,"4f58c1dc-243d-4cca-a7f7-0f0e32db2a1b.jpg",id_card_back_10350_0.jpg,"18epNJjrXv6OXVvxEG4Ms5HIyORhVr0b_","1ABLyGQuCFbGxdBvEIqTVn2mv5VE5ygah",0,image/jpeg,97267,active,,"2025-07-24 16:27:24","2025-07-24 16:27:24"
AUH110042,3267,10350,10042,3,"95e0cc6c-1af3-4f13-9e7c-3671d76cfd39.jpg",transcript_10350_0.jpg,"16Jx-qRNT6xU9Y9LTGBuuqECf3U-wx_GC","1ABLyGQuCFbGxdBvEIqTVn2mv5VE5ygah",0,image/jpeg,120553,active,,"2025-07-24 16:27:36","2025-07-24 16:27:36"
AUH15086,3268,5214,5086,8,anh MQ  25-07-2025 09.24.pdf,student_photo_5214_0.pdf,"1ldSdtEa0n6x3dt0txuGNH6FhixUYpodT","1O3FbPUMj7vPAxUc9zq4w6LF8Pne1ccUT",0,application/pdf,265913,active,,"2025-07-25 02:47:39","2025-07-25 02:47:39"
AUH15086,3269,5214,5086,6,Hoc bạ MQ 25-07-2025 09.33.pdf,transcript_1_5214_0.pdf,"1bJfngVTgjvtXPDTnn9dr0LZDEWkfnYT-","1O3FbPUMj7vPAxUc9zq4w6LF8Pne1ccUT",0,application/pdf,3489927,active,,"2025-07-25 02:48:09","2025-07-25 02:48:09"
AUH15086,3270,5214,5086,10,Khai sinh MQ 25-07-2025 09.29.pdf,birth_certificate_5214_0.pdf,"1YYD4SJsE11ypWFl6ev10jXoEfGSu1TlN","1O3FbPUMj7vPAxUc9zq4w6LF8Pne1ccUT",0,application/pdf,719332,active,,"2025-07-25 02:48:25","2025-07-25 02:48:25"
AUH15086,3271,5214,5086,7,CNTN MQ 25-07-2025 09.44.pdf,diploma_5214_0.pdf,"1Z37G1uQXJMFGuVVMdloJFOoAqv3o-Amf","1O3FbPUMj7vPAxUc9zq4w6LF8Pne1ccUT",0,application/pdf,354497,active,,"2025-07-25 02:48:42","2025-07-25 02:48:42"
AUH15086,3272,5214,5086,9,IELLS MQ 25-07-2025 09.31.pdf,english_certificare_5214_0.pdf,"1mwFDsHCwLrVsna1AlgRgPfDiKMSK-Ra1","1O3FbPUMj7vPAxUc9zq4w6LF8Pne1ccUT",0,application/pdf,949112,active,,"2025-07-25 02:48:55","2025-07-25 02:48:55"
AUH15115,3281,5243,5115,7,image.jpg,diploma_5243_0.jpg,"1aU8LnQqBRpQdOlYKWWoyp5QNuEf7rpdZ","1u363bkIbfyxdVuPmgtKgVXR2vzn7beGW",0,image/jpeg,198800,active,,"2025-07-25 03:21:55","2025-07-25 03:21:55"
AUH15115,3285,5243,5115,6,image.jpg,transcript_1_5243_0.jpg,"1EHNxS9O7f25w4urUni4SugmjacmuPv4j","1u363bkIbfyxdVuPmgtKgVXR2vzn7beGW",0,image/jpeg,198025,active,,"2025-07-25 03:23:48","2025-07-25 03:23:48"
AUH15115,3286,5243,5115,6,image.jpg,transcript_1_5243_1.jpg,"1UPKISvGxwN6Syj9Qdo_tmjTgyj7kGMaz","1u363bkIbfyxdVuPmgtKgVXR2vzn7beGW",1,image/jpeg,219762,active,,"2025-07-25 03:24:13","2025-07-25 03:24:13"
AUH15115,3287,5243,5115,6,image.jpg,transcript_1_5243_2.jpg,"1cSK3GDjSAtucYzEw7F43W_EBGY7DON0Y","1u363bkIbfyxdVuPmgtKgVXR2vzn7beGW",2,image/jpeg,231367,active,,"2025-07-25 03:24:34","2025-07-25 03:24:34"
AUH15115,3288,5243,5115,6,image.jpg,transcript_1_5243_3.jpg,"1YgrC-pjaHzD5tgtsvggrawUPPoFZOR5Q","1u363bkIbfyxdVuPmgtKgVXR2vzn7beGW",3,image/jpeg,225378,active,,"2025-07-25 03:24:52","2025-07-25 03:24:52"
AUH15115,3289,5243,5115,6,image.jpg,transcript_1_5243_4.jpg,"17FRj8e3EWJ_irlQzzJOaKCoMi1jqQ-Wi","1u363bkIbfyxdVuPmgtKgVXR2vzn7beGW",4,image/jpeg,206644,active,,"2025-07-25 03:25:08","2025-07-25 03:25:08"
AUH15115,3290,5243,5115,6,image.jpg,transcript_1_5243_5.jpg,"1PgLlWvvF9hYkxhuqDm1XLsqrnn2fpATC","1u363bkIbfyxdVuPmgtKgVXR2vzn7beGW",5,image/jpeg,237686,active,,"2025-07-25 03:25:22","2025-07-25 03:25:22"
AUH15115,3291,5243,5115,6,image.jpg,transcript_1_5243_6.jpg,"1X83-65SHR8EhdH6gDdmSrDOmZJo1zJJt","1u363bkIbfyxdVuPmgtKgVXR2vzn7beGW",6,image/jpeg,221622,active,,"2025-07-25 03:25:36","2025-07-25 03:25:36"
AUH15115,3292,5243,5115,9,image.jpg,english_certificare_5243_0.jpg,"1Ir50bSIO6Oy414AlzbMypwdE8yt0h8Te","1u363bkIbfyxdVuPmgtKgVXR2vzn7beGW",0,image/jpeg,383369,active,,"2025-07-25 03:27:02","2025-07-25 03:27:02"
AUH15115,3295,5243,5115,10,image.jpg,birth_certificate_5243_0.jpg,"1GuyobS8Bgz78gRJndBuHDYPhnCpVvz_Z","1u363bkIbfyxdVuPmgtKgVXR2vzn7beGW",0,image/jpeg,428288,active,,"2025-07-25 03:27:59","2025-07-25 03:27:59"
AUS15092,3303,5220,5092,10,CCCD Mặt Trước Sau.pdf,birth_certificate_5220_1.pdf,"1-8NXs3wyXA4V9tnVbj4tIPSBQ1BHBsgY","1Z3z9wFpeWqXrParDxYiEZeBSMElEL23m",1,application/pdf,2343868,active,,"2025-07-25 04:17:51","2025-07-25 04:17:51"
AUS18410,3306,8667,8410,8,DSC_0402.JPG,student_photo_8667_0.JPG,"14dsU_tWET3CYCqk-eM3Om2XEiz48IG3O","1jKrnyAfoeOWI1zuKoMXGssmxrHXKIxZJ",0,image/jpeg,22364,active,,"2025-07-25 04:45:08","2025-07-25 04:45:08"
AUS18410,3311,8667,8410,7,z6839553225981_f344248a39bc027d23f7d79d5d6f72ab.jpg,diploma_8667_0.jpg,"1LfI0sPhty19iqbiLZnYE2Fkj3dkqUrQy","1jKrnyAfoeOWI1zuKoMXGssmxrHXKIxZJ",0,image/jpeg,44067,active,,"2025-07-25 05:18:55","2025-07-25 05:18:55"
AUS18410,3313,8667,8410,6,z6839568200666_1c16a643d4dc35459c0b729ea92edfb4.jpg,transcript_1_8667_0.jpg,"1wKe0xlG9nHDnBG2duWdG6pW3XPFbeGSK","1jKrnyAfoeOWI1zuKoMXGssmxrHXKIxZJ",0,image/jpeg,63499,active,,"2025-07-25 05:19:22","2025-07-25 05:19:22"
AUS18410,3314,8667,8410,6,z6839567681558_5b29f9db50e74914e4f8a42d0c9ecb35.jpg,transcript_1_8667_0.jpg,"13WsiPFBLD0mdfHMltmgj7wG_aWS1bqdD","1jKrnyAfoeOWI1zuKoMXGssmxrHXKIxZJ",0,image/jpeg,59905,active,,"2025-07-25 05:19:24","2025-07-25 05:19:24"
AUS18410,3315,8667,8410,6,z6839566881271_ea987cc580dfb20fc38fbaa49d038711.jpg,transcript_1_8667_1.jpg,"1KchLYBvCekjVNpFf835j5Gwj3tVx6vPV","1jKrnyAfoeOWI1zuKoMXGssmxrHXKIxZJ",1,image/jpeg,57654,active,,"2025-07-25 05:19:32","2025-07-25 05:19:32"
AUS18410,3316,8667,8410,10,z6839575628810_93fc6910a70f5b108ebbfdd9a2dc7c37.jpg,birth_certificate_8667_0.jpg,"1EycdVKYxyO3SXLqmiBJ2FFGbm2u00BIn","1jKrnyAfoeOWI1zuKoMXGssmxrHXKIxZJ",0,image/jpeg,180126,active,,"2025-07-25 05:21:28","2025-07-25 05:21:28"
AUH15094,3321,2566,5094,1,CCCD cong chung Đat.pdf,id_card_front_2566_0.pdf,"1D7W0UKXd10u5PpGgsskAifWpZa2UyrXB","1yEWjbm_baaD2J6SRDSuujHjFJypp3kdp",0,application/pdf,9032034,active,,"2025-07-25 07:21:52","2025-07-25 07:21:52"
AUH15094,3322,2566,5094,6,HỌC BA CONG CHUNG HOANG TUAN DAT (1).pdf,transcript_1_2566_0.pdf,"1fSIL7202jGtvOHBILWbWPfiG8PopY_Xu","1yEWjbm_baaD2J6SRDSuujHjFJypp3kdp",0,application/pdf,3387816,active,,"2025-07-25 07:26:30","2025-07-25 07:26:30"
AUH16667,3328,6859,6667,7,Giấy chứng nhận tốt nghiệp_Trần Việt Cường.jpg,diploma_6859_0.jpg,"1HqGZeN8HNQSuwJQBdzPzYviI3ivXwOki","1TuFjtIiX5EoAqKK54dmlFAykDqDSe2dn",0,image/jpeg,116175,active,,"2025-07-25 08:09:44","2025-07-25 08:09:44"
AUH14980,3329,5108,4980,7,IMG_2900.jpeg,diploma_5108_0.jpeg,"163wEL7u0kXjAHILIf5-Pc97GPFeN5u7x","1_bloyuzymI3D7jGKxlUN5TiuiRKV3fNT",0,image/jpeg,182266,active,,"2025-07-25 08:14:10","2025-07-25 08:14:10"
AUS15046,3330,5174,5046,8,QUOC BAO 250725.jpg,student_photo_5174_0.jpg,"1oDF7N41X7kaPVLLqoPzR25bo2sUfy4Ps","1TEIdWXcqmxbH5kUaif7JqKu2GCwbwnDN",0,image/jpeg,48481,active,,"2025-07-25 08:14:47","2025-07-25 08:14:47"
AUH14980,3334,5108,4980,6,IMG_2907.jpeg,transcript_1_5108_0.jpeg,"10vQs9mC0zPTbTH6X6padpqw8GGOG6KhJ","1_bloyuzymI3D7jGKxlUN5TiuiRKV3fNT",0,image/jpeg,220328,active,,"2025-07-25 08:21:13","2025-07-25 08:21:13"
AUH14980,3335,5108,4980,6,IMG_2908.jpeg,transcript_1_5108_1.jpeg,"1hHZEKaE3Yx8IsIOHqVX-XuKHAPg9Ii6y","1_bloyuzymI3D7jGKxlUN5TiuiRKV3fNT",1,image/jpeg,201589,active,,"2025-07-25 08:21:29","2025-07-25 08:21:29"
AUH14980,3336,5108,4980,6,IMG_2905.jpeg,transcript_1_5108_2.jpeg,"1_ZYUy1kxx8Yx952FBiR1QLvowT-5aRmi","1_bloyuzymI3D7jGKxlUN5TiuiRKV3fNT",2,image/jpeg,232197,active,,"2025-07-25 08:21:42","2025-07-25 08:21:42"
AUH14980,3337,5108,4980,6,IMG_2906.jpeg,transcript_1_5108_2.jpeg,"1nZw6AgFrXb26SUDpM1z2XUxsWjJsS3gx","1_bloyuzymI3D7jGKxlUN5TiuiRKV3fNT",2,image/jpeg,194901,active,,"2025-07-25 08:21:46","2025-07-25 08:21:46"
AUH14980,3338,5108,4980,6,IMG_2903.jpeg,transcript_1_5108_3.jpeg,"1UAdEGQwFX0hKNQ0Da_V1NaUhZ1qbnjf0","1_bloyuzymI3D7jGKxlUN5TiuiRKV3fNT",3,image/jpeg,226927,active,,"2025-07-25 08:21:50","2025-07-25 08:21:50"
AUH14980,3339,5108,4980,6,IMG_2904.jpeg,transcript_1_5108_4.jpeg,"10qufX62-FQUQxhjL280nXxbETEJ_2YBK","1_bloyuzymI3D7jGKxlUN5TiuiRKV3fNT",4,image/jpeg,213548,active,,"2025-07-25 08:21:59","2025-07-25 08:21:59"
AUH14980,3340,5108,4980,9,IMG_2909.jpeg,english_certificare_5108_0.jpeg,"198f5bYpe_EVo2WF4uOdOwsUdwJsmNS7Q","1_bloyuzymI3D7jGKxlUN5TiuiRKV3fNT",0,image/jpeg,264993,active,,"2025-07-25 08:23:35","2025-07-25 08:23:35"
AUH14980,3341,5108,4980,10,IMG_2911.jpeg,birth_certificate_5108_0.jpeg,"1jBDmjhbN9s-W8EMcU8N4D8_mtqg3i8nF","1_bloyuzymI3D7jGKxlUN5TiuiRKV3fNT",0,image/jpeg,243361,active,,"2025-07-25 08:25:25","2025-07-25 08:25:25"
AUS15034,3343,5162,5034,8,"53 PT.jpg",student_photo_5162_0.jpg,"12JrMSPAIsCs1HSkh86CPPTu6zAhQPk2A","1IeBAC99bcsnvt8u5Ha-1vHT3eXpwE_i4",0,image/jpeg,46279,active,,"2025-07-25 08:29:58","2025-07-25 08:29:58"
AUS15034,3344,5162,5034,9,ielts.pdf,english_certificare_5162_0.pdf,"1u7-Zwaf8k_KrsLXKQrvts4NLYXnCeb-Q","1IeBAC99bcsnvt8u5Ha-1vHT3eXpwE_i4",0,application/pdf,551364,active,,"2025-07-25 08:59:36","2025-07-25 08:59:36"
AUS15034,3345,5162,5034,6,hoc ba lop 10.pdf,transcript_1_5162_0.pdf,"1cpQhWr_dONrlIMGVvCQLhazaE6SRZjTN","1IeBAC99bcsnvt8u5Ha-1vHT3eXpwE_i4",0,application/pdf,1205328,active,,"2025-07-25 09:00:17","2025-07-25 09:00:17"
AUS15034,3346,5162,5034,6,hoc ba lop 11.pdf,transcript_1_5162_1.pdf,"1F3-uEnFoPAgZLBkeSAwngC6CYjNfCKsV","1IeBAC99bcsnvt8u5Ha-1vHT3eXpwE_i4",1,application/pdf,1221289,active,,"2025-07-25 09:00:46","2025-07-25 09:00:46"
AUS15034,3347,5162,5034,6,hoc ba lop 12.pdf,transcript_1_5162_2.pdf,"1o35p-IcYsv9kPxyGxFt-ZzK-ic_pUKq_","1IeBAC99bcsnvt8u5Ha-1vHT3eXpwE_i4",2,application/pdf,1184162,active,,"2025-07-25 09:01:01","2025-07-25 09:01:01"
AUS15034,3348,5162,5034,7,CamScanner 25-07-2025 15.39_4.pdf,diploma_5162_0.pdf,"1sLUQ2sznXOyxk89wvGa_Q0yhXFCIRRp4","1IeBAC99bcsnvt8u5Ha-1vHT3eXpwE_i4",0,application/pdf,741576,active,,"2025-07-25 09:01:27","2025-07-25 09:01:27"
AUS15034,3349,5162,5034,10,giay khai sinh.pdf,birth_certificate_5162_0.pdf,"1iP_BFbKeIibjcYBZxX4QYtUkf5RA_gbx","1IeBAC99bcsnvt8u5Ha-1vHT3eXpwE_i4",0,application/pdf,1873117,active,,"2025-07-25 09:01:55","2025-07-25 09:01:55"
AUH14960,3359,5088,4960,11,HSA.pdf,other_achievements_2_5088_0.pdf,"1ug6HRP5x_A7XylkcgiMzhMKep1PqjvAt","1oF4oqiGv1qp_DG9tJKzbofy69-b0sw91",0,application/pdf,233738,active,,"2025-07-25 09:36:25","2025-07-25 09:36:25"
AUH14960,3360,5088,4960,7,Chứng nhận tốt nghiệp.jpg,diploma_5088_0.jpg,"1QryK6rxSRmr1FNmkEaIYXdRryFf9K11p","1oF4oqiGv1qp_DG9tJKzbofy69-b0sw91",0,image/jpeg,71717,active,,"2025-07-25 09:37:19","2025-07-25 09:37:19"
AUH14960,3361,5088,4960,6,Học bạ PTTH - Bạch Quốc Hưng.pdf,transcript_1_5088_0.pdf,"1TuxIVVzuR0cJ4Y0maYXYOJc5WJDcBFU0","1oF4oqiGv1qp_DG9tJKzbofy69-b0sw91",0,application/pdf,6178015,active,,"2025-07-25 09:42:35","2025-07-25 09:42:35"
AUH19378,3362,9658,9378,1,Messenger_creation_B284AC4F-CAFD-47A5-9114-F3908EDBEBDD.jpeg,id_card_front_9658_0.jpeg,"1HuDagvte_jlsUeUb2PXWU8tFoFmIsGNT","1DfUb0qM2DhbTCigZBcNC-qMtsVd9WTXd",0,image/jpeg,90849,active,,"2025-07-25 09:47:58","2025-07-25 09:47:58"
AUH19378,3363,9658,9378,2,Messenger_creation_B844E558-F071-4682-9420-114192CE8ACA.jpeg,id_card_back_9658_0.jpeg,"1QBKKaXb0Jwh4yrjc119hl7hS84o_LyAf","1DfUb0qM2DhbTCigZBcNC-qMtsVd9WTXd",0,image/jpeg,104934,active,,"2025-07-25 09:48:09","2025-07-25 09:48:09"
AUH19378,3364,9658,9378,3,Messenger_creation_F2AC6859-0B21-4E4F-9E07-C882A411831B.jpeg,transcript_9658_0.jpeg,"1oSX0XogRmUf27wnh3HX_trMqJ52Bvcoe","1DfUb0qM2DhbTCigZBcNC-qMtsVd9WTXd",0,image/jpeg,112943,active,,"2025-07-25 09:49:52","2025-07-25 09:49:52"
AUS110135,3365,10444,10135,1,"1753441065886401847253766591513.jpg",id_card_front_10444_0.jpg,"1sq3Ai1lXKeycr8xyMDzLpR6yCAzFc8Ib","1m-6vAknUEBU5z2BrOmB0QyFaIfFYdBEn",0,image/jpeg,112641,active,,"2025-07-25 10:58:23","2025-07-25 10:58:23"
AUS110135,3366,10444,10135,2,"17534410986078478541174720130159.jpg",id_card_back_10444_0.jpg,"11I5-BdPV80UnjX0Rz2V6C2GwP8GdFl07","1m-6vAknUEBU5z2BrOmB0QyFaIfFYdBEn",0,image/jpeg,115928,active,,"2025-07-25 10:58:40","2025-07-25 10:58:40"
AUS110135,3367,10444,10135,3,"17534417273723524023613041988383.jpg",transcript_10444_0.jpg,"1jOCtaGR_KEp_r4kzS60wYCj9jVzAlNYu","1m-6vAknUEBU5z2BrOmB0QyFaIfFYdBEn",0,image/jpeg,86298,active,,"2025-07-25 11:09:15","2025-07-25 11:09:15"
AUS110135,3368,10444,10135,4,"17534417571473493089492807509321.jpg",english_certificate_10444_0.jpg,"1mgu96CgE9ba-NAMiX-B_Wd184dkN1EBx","1m-6vAknUEBU5z2BrOmB0QyFaIfFYdBEn",0,image/jpeg,108210,active,,"2025-07-25 11:09:55","2025-07-25 11:09:55"
AUH15109,3369,5237,5109,8,Gia Hung (1).JPG,student_photo_5237_0.JPG,"1siIQeCKeCdPhXVqQi5DIkL0ud6fgbvQ3","1Myvea5x3IvCPKucHWx4UXVJW4gwXGE4n",0,image/jpeg,49434,active,,"2025-07-25 11:14:33","2025-07-25 11:14:33"
AUH15109,3370,5237,5109,7,image_2025-07-25_181556685.png,diploma_5237_0.png,"1IBlbvmso6L6VrNbcVjZhgdivvUfc8hio","1Myvea5x3IvCPKucHWx4UXVJW4gwXGE4n",0,image/png,401047,active,,"2025-07-25 11:16:03","2025-07-25 11:16:03"
AUH15109,3372,5237,5109,6,z6735573334188_2971f5e60741d953ec1f28e17bd1ca0e.jpg,transcript_1_5237_0.jpg,"1RgjyJPd2EKchl7Fgq18AdaZ__n62dkJh","1Myvea5x3IvCPKucHWx4UXVJW4gwXGE4n",0,image/jpeg,141415,active,,"2025-07-25 11:16:54","2025-07-25 11:16:54"
AUH15109,3373,5237,5109,6,z6735573334674_9f492024e062a34c95dd673626ef1ee0.jpg,transcript_1_5237_1.jpg,"1OArNV7shnbj2uHXHiUnGiWVGl1hUfJkm","1Myvea5x3IvCPKucHWx4UXVJW4gwXGE4n",1,image/jpeg,162406,active,,"2025-07-25 11:17:00","2025-07-25 11:17:00"
AUH15109,3374,5237,5109,6,z6735573328418_ecec55eeb42fc2b1d1e5d4df0a264cd2.jpg,transcript_1_5237_1.jpg,"1LGnWch32QbAHcKL7kEQF1LlyaORBbeaB","1Myvea5x3IvCPKucHWx4UXVJW4gwXGE4n",1,image/jpeg,133104,active,,"2025-07-25 11:17:02","2025-07-25 11:17:02"
AUH15109,3375,5237,5109,6,z6735573332855_0984ac16c48e5d8ca78199837e7ab6ff.jpg,transcript_1_5237_2.jpg,"1ze0SRAM2spmo0yM7-dxngFu-I_mWV7FN","1Myvea5x3IvCPKucHWx4UXVJW4gwXGE4n",2,image/jpeg,159149,active,,"2025-07-25 11:17:07","2025-07-25 11:17:07"
AUH15109,3376,5237,5109,6,z6735573334391_1b78839d87b4f1e8c65620acfaba9861.jpg,transcript_1_5237_3.jpg,"1qDiRM8SfpikL5xTVSMHaXZ8713tUsq_b","1Myvea5x3IvCPKucHWx4UXVJW4gwXGE4n",3,image/jpeg,153713,active,,"2025-07-25 11:17:12","2025-07-25 11:17:12"
AUH15109,3377,5237,5109,6,z6735573337312_3f100c220b20f5e79037ffeacc6f7d5c.jpg,transcript_1_5237_4.jpg,"1bBApFcW7VNGwBY-IwVd9G8rQBYJBp2eT","1Myvea5x3IvCPKucHWx4UXVJW4gwXGE4n",4,image/jpeg,135968,active,,"2025-07-25 11:17:23","2025-07-25 11:17:23"
AUH15109,3378,5237,5109,6,z6735573339052_3f15c0509fc1be69df3b3165d2b2215b.jpg,transcript_1_5237_5.jpg,"1GqhwKgWSoho1KJ50bmBPaKvnTH08v1oW","1Myvea5x3IvCPKucHWx4UXVJW4gwXGE4n",5,image/jpeg,131421,active,,"2025-07-25 11:17:38","2025-07-25 11:17:38"
AUH15109,3380,5237,5109,9,CamScanner ⁨24-6-25 00.27⁩.pdf,english_certificare_5237_0.pdf,"1sKF4OzxYVt5CsjxGyeeo38YkOFIRUywK","1Myvea5x3IvCPKucHWx4UXVJW4gwXGE4n",0,application/pdf,1457747,active,,"2025-07-25 11:18:01","2025-07-25 11:18:01"
AUH15109,3381,5237,5109,10,image_2025-07-25_181821498.png,birth_certificate_5237_0.png,"1hakcQrU7W2MtlRboVWQhYChbxxHdkOZa","1Myvea5x3IvCPKucHWx4UXVJW4gwXGE4n",0,image/png,1258922,active,,"2025-07-25 11:18:27","2025-07-25 11:18:27"
AUH15109,3382,5237,5109,11,z6840774597608_7261e53352dfa49278e14bcc618e4373.jpg,other_achievements_2_5237_0.jpg,"14Riv2cw-nCdwcFXgOH00cOGQDi8z9mh1","1Myvea5x3IvCPKucHWx4UXVJW4gwXGE4n",0,image/jpeg,114085,active,,"2025-07-25 11:21:06","2025-07-25 11:21:06"
AUH15109,3383,5237,5109,11,z6840774598906_4baf5fd1ae46ba868cc5fac5592025bb.jpg,other_achievements_2_5237_0.jpg,"1HICFaPjnZGax99z-tnPedB1Z-7ypUQxo","1Myvea5x3IvCPKucHWx4UXVJW4gwXGE4n",0,image/jpeg,139256,active,,"2025-07-25 11:21:08","2025-07-25 11:21:08"
AUH15109,3384,5237,5109,11,z6840774599146_8260fd5f4bd60ea5909bfbac49e77002.jpg,other_achievements_2_5237_1.jpg,"1oVCNx0JuugsQWxFO_0Wu8_DFXI3Rcp7T","1Myvea5x3IvCPKucHWx4UXVJW4gwXGE4n",1,image/jpeg,132229,active,,"2025-07-25 11:21:17","2025-07-25 11:21:17"
AUH15109,3385,5237,5109,11,z6840774605929_3e55f5aaf3f7280733b2103813da4534.jpg,other_achievements_2_5237_1.jpg,"1HE8wJKTAcrjCRJ7JlEwIFDJNme3daD9Z","1Myvea5x3IvCPKucHWx4UXVJW4gwXGE4n",1,image/jpeg,99870,active,,"2025-07-25 11:21:19","2025-07-25 11:21:19"
AUH15109,3386,5237,5109,11,z6840774608775_7c1edb7d7c7019c9eb2906e4582f5b7a.jpg,other_achievements_2_5237_2.jpg,"1j9JXpntPP35hRMnm_QHiaTDudkU7Ja17","1Myvea5x3IvCPKucHWx4UXVJW4gwXGE4n",2,image/jpeg,94337,active,,"2025-07-25 11:21:25","2025-07-25 11:21:25"
AUH15109,3387,5237,5109,11,z6840774617890_83f392ef18759bb66f3fd386fbfc8158.jpg,other_achievements_2_5237_3.jpg,"1wSX-41CGbtRnLsVmdocse8MO1Xtcc_dy","1Myvea5x3IvCPKucHWx4UXVJW4gwXGE4n",3,image/jpeg,89765,active,,"2025-07-25 11:21:30","2025-07-25 11:21:30"
AUH15109,3388,5237,5109,11,z6840774622500_3c6b254e23c231994cf260cdde952c43.jpg,other_achievements_2_5237_4.jpg,"1AgAFu7hKecjRV7UFOUfSZhLZTMk0iXXR","1Myvea5x3IvCPKucHWx4UXVJW4gwXGE4n",4,image/jpeg,117918,active,,"2025-07-25 11:21:34","2025-07-25 11:21:34"
AUH15109,3389,5237,5109,11,z6840774625886_eb18b4c4882b89e49f311825475abfef.jpg,other_achievements_2_5237_5.jpg,"1l_8lS2ktfH1gcAYDC7hPmmiYNx-WU1sY","1Myvea5x3IvCPKucHWx4UXVJW4gwXGE4n",5,image/jpeg,146416,active,,"2025-07-25 11:21:38","2025-07-25 11:21:38"
AUH15109,3390,5237,5109,11,z6840774589331_70e123f2c0412238b084c79ded58dbd6.jpg,other_achievements_2_5237_6.jpg,"1pfX1chjdXya587w4Kctmuwr2kw3_Yne1","1Myvea5x3IvCPKucHWx4UXVJW4gwXGE4n",6,image/jpeg,129614,active,,"2025-07-25 11:21:41","2025-07-25 11:21:41"
AUH15109,3391,5237,5109,11,z6840774634043_0619b9ecb29129f8f47d614ac12002c9.jpg,other_achievements_2_5237_6.jpg,"1Fv6Vs3Nu7pjcy5IiDiOWR9IFIa4UVziO","1Myvea5x3IvCPKucHWx4UXVJW4gwXGE4n",6,image/jpeg,151614,active,,"2025-07-25 11:21:45","2025-07-25 11:21:45"
AUS15037,3396,5165,5037,8,Ảnh học sinh.jpg,student_photo_5165_0.jpg,"1j2w6yrn3fie-YkL-rdhJpsMXruu-iuXo","1cmI_6rMsuFm8YxvirTeuDRE0aCFsR8CH",0,image/jpeg,38294,active,,"2025-07-25 12:09:36","2025-07-25 12:09:36"
AUS15037,3397,5165,5037,7,Giấy chứng nhận tốt nghiệp tạm thời.jpg,diploma_5165_0.jpg,"1YvUTrZly4qE1CmUvohW2u4k-DU3YlN8t","1cmI_6rMsuFm8YxvirTeuDRE0aCFsR8CH",0,image/jpeg,83645,active,,"2025-07-25 12:09:42","2025-07-25 12:09:42"
AUS15037,3398,5165,5037,6,học bạ (1).jpg,transcript_1_5165_0.jpg,"1t6y-bU33rqY6MCD0sXvFvm1ot7Vt7znM","1cmI_6rMsuFm8YxvirTeuDRE0aCFsR8CH",0,image/jpeg,60055,active,,"2025-07-25 12:09:46","2025-07-25 12:09:46"
AUS15037,3399,5165,5037,6,học bạ (2).jpg,transcript_1_5165_0.jpg,"1eEXOPOYw0RjwvJkKeAdqMpUrLCvSF8ca","1cmI_6rMsuFm8YxvirTeuDRE0aCFsR8CH",0,image/jpeg,107304,active,,"2025-07-25 12:09:49","2025-07-25 12:09:49"
AUS15037,3400,5165,5037,6,học bạ (3).jpg,transcript_1_5165_1.jpg,"1-HSnHCNkngA0wL8sTDDCVXTveAEN1QQr","1cmI_6rMsuFm8YxvirTeuDRE0aCFsR8CH",1,image/jpeg,114681,active,,"2025-07-25 12:09:52","2025-07-25 12:09:52"
AUS15037,3401,5165,5037,6,học bạ (4).jpg,transcript_1_5165_1.jpg,"14W2jREPzU3YfO3SXbRQ_OL8CqTwJ19Bz","1cmI_6rMsuFm8YxvirTeuDRE0aCFsR8CH",1,image/jpeg,104185,active,,"2025-07-25 12:09:54","2025-07-25 12:09:54"
AUS15037,3402,5165,5037,6,học bạ (5).jpg,transcript_1_5165_2.jpg,"1oZM9RXjAdOokSiSeyQSo-v4eYCqetmE_","1cmI_6rMsuFm8YxvirTeuDRE0aCFsR8CH",2,image/jpeg,128645,active,,"2025-07-25 12:09:56","2025-07-25 12:09:56"
AUS15037,3403,5165,5037,6,học bạ (6).jpg,transcript_1_5165_2.jpg,"1XBwGMoJBpweqhAZ3JoAJl1NfHwgoQQKN","1cmI_6rMsuFm8YxvirTeuDRE0aCFsR8CH",2,image/jpeg,97057,active,,"2025-07-25 12:09:58","2025-07-25 12:09:58"
AUS15037,3404,5165,5037,6,học bạ (7).jpg,transcript_1_5165_3.jpg,"1VEROPKPAKwoa26HIqwy4CA9DCH4Im6S1","1cmI_6rMsuFm8YxvirTeuDRE0aCFsR8CH",3,image/jpeg,125889,active,,"2025-07-25 12:10:00","2025-07-25 12:10:00"
AUS15037,3405,5165,5037,6,học bạ (8).jpg,transcript_1_5165_3.jpg,"1v_JxNSBSBVzOYJhPbTD11u7kPVrL41x6","1cmI_6rMsuFm8YxvirTeuDRE0aCFsR8CH",3,image/jpeg,94411,active,,"2025-07-25 12:10:04","2025-07-25 12:10:04"
AUS15037,3406,5165,5037,9,Bằng cứng ielts.jpg,english_certificare_5165_0.jpg,"1F2T3UaoOcRVnAN5fs41E8wZcF5mCjmBk","1cmI_6rMsuFm8YxvirTeuDRE0aCFsR8CH",0,image/jpeg,194252,active,,"2025-07-25 12:10:16","2025-07-25 12:10:16"
AUS15037,3407,5165,5037,10,Khai sinh.jpg,birth_certificate_5165_0.jpg,"1p0Wl06WSgRxfs_npJ_hxDssRszC21iPO","1cmI_6rMsuFm8YxvirTeuDRE0aCFsR8CH",0,image/jpeg,185890,active,,"2025-07-25 12:10:24","2025-07-25 12:10:24"
AUS17403,3426,7612,7403,8,ảnh.jpg,student_photo_7612_0.jpg,"1LxDBI0F1pFIEikqybEpmj-XtztQh18_z","1wMm8w5yiK2dqRAJ2-cHtPzZvH3XEKlgm",0,image/jpeg,49348,active,,"2025-07-25 14:38:59","2025-07-25 14:38:59"
AUS17403,3427,7612,7403,7,chứng nhận tốt nghiệp.jpg,diploma_7612_0.jpg,"1A97Z21XF2M_vs8tKoCjlKcVNxb5IQTPl","1wMm8w5yiK2dqRAJ2-cHtPzZvH3XEKlgm",0,image/jpeg,70166,active,,"2025-07-25 14:39:01","2025-07-25 14:39:01"
AUS17403,3428,7612,7403,6,học bạ 10.jpg,transcript_1_7612_0.jpg,"1a2gOMyakVLE7WAn2TAqjWQyLsLHH2765","1wMm8w5yiK2dqRAJ2-cHtPzZvH3XEKlgm",0,image/jpeg,127139,active,,"2025-07-25 14:39:33","2025-07-25 14:39:33"
AUS17403,3429,7612,7403,6,học bạ 11.jpg,transcript_1_7612_1.jpg,"1FvK2j5Kdi3H9x4C7mJcdZCVHd2HkVw4w","1wMm8w5yiK2dqRAJ2-cHtPzZvH3XEKlgm",1,image/jpeg,125323,active,,"2025-07-25 14:39:38","2025-07-25 14:39:38"
AUS17403,3430,7612,7403,6,học bạ 12.jpg,transcript_1_7612_1.jpg,"1SJVCm5ybVOLvqUkCeqBx3sB24Bjvp1G6","1wMm8w5yiK2dqRAJ2-cHtPzZvH3XEKlgm",1,image/jpeg,123885,active,,"2025-07-25 14:39:43","2025-07-25 14:39:43"
AUS17403,3431,7612,7403,10,khai sinh.jpg,birth_certificate_7612_0.jpg,"1phU3ahgPyNnHeKr6P9Crk7iRbj9liGug","1wMm8w5yiK2dqRAJ2-cHtPzZvH3XEKlgm",0,image/jpeg,95639,active,,"2025-07-25 14:39:46","2025-07-25 14:39:46"
AUH15113,3443,5241,5113,8,IMG_6084.jpeg,student_photo_5241_0.jpeg,"1GmvzVTHBWKlNj_sDnqOGfy_6vKLGqhEW","1jGgJprPrnwC5rlc819LZOFkXg-q7RVCo",0,image/jpeg,150231,active,,"2025-07-26 03:28:08","2025-07-26 03:28:08"
AUH15113,3445,5241,5113,6,CamScanner ⁨23-6-25 08.44⁩(1)_1.jpeg,transcript_1_5241_1.jpeg,"1cr5cSHQHzJLD0pfCygn4OOPhIgm0DtpL","1jGgJprPrnwC5rlc819LZOFkXg-q7RVCo",1,image/jpeg,186244,active,,"2025-07-26 03:31:58","2025-07-26 03:31:58"
AUH15113,3446,5241,5113,6,CamScanner ⁨23-6-25 08.45⁩_1.jpeg,transcript_1_5241_2.jpeg,"1FYmzduLBaE_klx-dFySXcHdXn92SdbfM","1jGgJprPrnwC5rlc819LZOFkXg-q7RVCo",2,image/jpeg,176609,active,,"2025-07-26 03:32:05","2025-07-26 03:32:05"
AUH15113,3447,5241,5113,6,CamScanner ⁨23-6-25 08.44⁩_1.jpeg,transcript_1_5241_3.jpeg,"1S36MvjhW4-HR8yAAXvOVUwTa-xdFsjHY","1jGgJprPrnwC5rlc819LZOFkXg-q7RVCo",3,image/jpeg,181797,active,,"2025-07-26 03:32:33","2025-07-26 03:32:33"
AUH15113,3448,5241,5113,6,CamScanner ⁨23-6-25 08.47⁩_1.jpeg,transcript_1_5241_4.jpeg,"13F2d3eEbMRiO40lhOa40YdeoWRdqxF4P","1jGgJprPrnwC5rlc819LZOFkXg-q7RVCo",4,image/jpeg,193269,active,,"2025-07-26 03:32:38","2025-07-26 03:32:38"
AUH15113,3449,5241,5113,6,CamScanner ⁨23-6-25 08.48⁩_1.jpeg,transcript_1_5241_5.jpeg,"16k7ULt-CLBczCUCfPXgYSSYBKPNaQx7e","1jGgJprPrnwC5rlc819LZOFkXg-q7RVCo",5,image/jpeg,163220,active,,"2025-07-26 03:32:42","2025-07-26 03:32:42"
AUH15113,3450,5241,5113,6,CamScanner ⁨23-6-25 08.48⁩(1)_1.jpeg,transcript_1_5241_6.jpeg,"13EIK4VDH0PiK7Aa5M7dbX6DOy_gYcwic","1jGgJprPrnwC5rlc819LZOFkXg-q7RVCo",6,image/jpeg,167262,active,,"2025-07-26 03:32:48","2025-07-26 03:32:48"
AUH15113,3451,5241,5113,7,CamScanner 26-7-25 10.33_1.jpeg,diploma_5241_0.jpeg,"1T3Ohv0asveQx0ajRyDU0Mll8DajtI3lV","1jGgJprPrnwC5rlc819LZOFkXg-q7RVCo",0,image/jpeg,138982,active,,"2025-07-26 03:34:19","2025-07-26 03:34:19"
AUH15113,3452,5241,5113,9,CamScanner 26-7-25 10.34_1.jpeg,english_certificare_5241_0.jpeg,"1hkNuy_vhlaVmVkSepWJPk8XKl7Ons5D3","1jGgJprPrnwC5rlc819LZOFkXg-q7RVCo",0,image/jpeg,369569,active,,"2025-07-26 03:35:13","2025-07-26 03:35:13"
AUH15113,3453,5241,5113,10,CamScanner 26-7-25 10.35_1.jpeg,birth_certificate_5241_0.jpeg,"1EAu2JxsiSEPIKWShQ6OuRFwJ0dd_m3C8","1jGgJprPrnwC5rlc819LZOFkXg-q7RVCo",0,image/jpeg,461095,active,,"2025-07-26 03:36:27","2025-07-26 03:36:27"
AUS16612,3483,6805,6612,8,dd.jpg,student_photo_6805_0.jpg,"1Lyb5OfbfG1nXqwAtTR2khtWdM3QRjWKG","1d9sowhCeaZIznmm0sI6nKcXZ39d2WEUK",0,image/jpeg,13961,active,,"2025-07-26 13:37:30","2025-07-26 13:37:30"
AUS110277,3499,10589,10277,1,mặt trước.jpg,id_card_front_10589_0.jpg,"1CRFEsf0kcvRNwLbba7WJVG3lUAmpxA3M","1XL5vHHbO0_vnzFOlQWGKeowfIFk9Z4TS",0,image/jpeg,97765,active,,"2025-07-26 14:36:53","2025-07-26 14:36:53"
AUS110277,3500,10589,10277,2,mặt sau.jpg,id_card_back_10589_0.jpg,"1ml0mUyGZfbsnRvpB3a-FdH0bAKkFFcaL","1XL5vHHbO0_vnzFOlQWGKeowfIFk9Z4TS",0,image/jpeg,92474,active,,"2025-07-26 14:36:55","2025-07-26 14:36:55"
AUS110277,3501,10589,10277,4,VN10125519891-23-07-2025-ETRF-1.png,english_certificate_10589_0.png,"1ZJ_q1tTXHwFIeve3qg3IgJtNiUo3aWBx","1XL5vHHbO0_vnzFOlQWGKeowfIFk9Z4TS",0,image/png,234983,active,,"2025-07-26 14:37:08","2025-07-26 14:37:08"
AUS110277,3502,10589,10277,3,"6.jpg",transcript_10589_0.jpg,"1FXnH56RmMBqPUph-OgzxlqlGztXyDROx","1XL5vHHbO0_vnzFOlQWGKeowfIFk9Z4TS",0,image/jpeg,74211,active,,"2025-07-26 14:37:22","2025-07-26 14:37:22"
AUH14950,3504,5078,4950,8,IMG_1743165750071_1743168423436.jpg,student_photo_5078_0.jpg,"1ISesH2ypr0dFgjUiEhlnE3c5Kf7QFNdA","1vTTURLSo24EVFTwPAzYLS9IOT3kJsXVo",0,image/jpeg,31959,active,,"2025-07-27 02:20:31","2025-07-27 02:20:31"
AUH14950,3505,5078,4950,8,Screenshot_20250727-090403.jpg,student_photo_5078_1.jpg,"15RkkhYK2fPjcDQZvsSnIkRuqRVokXNJi","1vTTURLSo24EVFTwPAzYLS9IOT3kJsXVo",1,image/jpeg,81919,active,,"2025-07-27 02:22:03","2025-07-27 02:22:03"
AUH14950,3506,5078,4950,6,Học bạ cấp 3- Nguyễn Khánh Duy-SY2022-2025.pdf,transcript_1_5078_0.pdf,"1HxGfcpllRltt7j-1kyLCsW6vtkCKfOeR","1vTTURLSo24EVFTwPAzYLS9IOT3kJsXVo",0,application/pdf,5867769,active,,"2025-07-27 02:27:30","2025-07-27 02:27:30"
AUH14950,3507,5078,4950,9,IELTS SCORES-NGUYEN KHANH DUY-NOV. 2024.pdf,english_certificare_5078_0.pdf,"1j7EgS2Gr74QGiS2s7jgJ6fg58cjWLNqi","1vTTURLSo24EVFTwPAzYLS9IOT3kJsXVo",0,application/pdf,1013355,active,,"2025-07-27 02:28:00","2025-07-27 02:28:00"
AUH14950,3508,5078,4950,10,IMG_1743166278145_1743168428686.jpg,birth_certificate_5078_0.jpg,"18bbaRbpXBTXMOeA5aytLQvMzGZ73wwfQ","1vTTURLSo24EVFTwPAzYLS9IOT3kJsXVo",0,image/jpeg,53193,active,,"2025-07-27 02:28:30","2025-07-27 02:28:30"
AUH14990,3509,5118,4990,8,IMG_0632.jpeg,student_photo_5118_0.jpeg,"18BK4a8xtWcqQXbJySFXb8H9ySnM1zIXb","1ucAH5chzo-z9G4ibcYJmS40EnK1tC1lv",0,image/jpeg,27284,active,,"2025-07-27 04:07:57","2025-07-27 04:07:57"
AUH14990,3511,5118,4990,7,Tốt nghiệp .pdf,diploma_5118_1.pdf,"1SW2OuAK-ZXQdp5vtethYbwdwNKzpzRFX","1ucAH5chzo-z9G4ibcYJmS40EnK1tC1lv",1,application/pdf,208037,active,,"2025-07-27 04:08:59","2025-07-27 04:08:59"
AUH14990,3512,5118,4990,6,Học bạ .pdf,transcript_1_5118_0.pdf,"1I_a4-HwsGFFyfJCP7PS4tNuESD1cS9Tm","1ucAH5chzo-z9G4ibcYJmS40EnK1tC1lv",0,application/pdf,2403141,active,,"2025-07-27 04:09:17","2025-07-27 04:09:17"
AUH14990,3513,5118,4990,10,Giấy khai sinh .pdf,birth_certificate_5118_0.pdf,"1D86JEryl8fVypGpQ5AvVRPktya29pIlZ","1ucAH5chzo-z9G4ibcYJmS40EnK1tC1lv",0,application/pdf,402535,active,,"2025-07-27 04:09:31","2025-07-27 04:09:31"
AUH14990,3514,5118,4990,11,Toán 12- nhất tỉnh .pdf,other_achievements_2_5118_0.pdf,"1-binq3854A9q6Wq-9gYa8C0w7VzQxw_V","1ucAH5chzo-z9G4ibcYJmS40EnK1tC1lv",0,application/pdf,289306,active,,"2025-07-27 04:09:54","2025-07-27 04:09:54"
AUH14964,3515,5092,4964,8,IMG_4030.png,student_photo_5092_0.png,"1PuCDOJXoziVak_ml9TWwEtH2kezDTaN0","1JZT5yrAHhQFA2mWiFtLZ7zzrLYo11NLx",0,image/png,520190,active,,"2025-07-27 05:55:55","2025-07-27 05:55:55"
AUH14964,3516,5092,4964,7,IMG_0858[1].HEIC,diploma_5092_0.HEIC,"1Pzf8d7qjhBulQXTe9VW4JgJl6jETPle8","1JZT5yrAHhQFA2mWiFtLZ7zzrLYo11NLx",0,image/heic,901370,active,,"2025-07-27 05:56:45","2025-07-27 05:56:45"
AUH14964,3517,5092,4964,10,IMG_0859[1].HEIC,birth_certificate_5092_0.HEIC,"1fA6xH0U5PCXP9Iqc2AlST3qE4g54aHKD","1JZT5yrAHhQFA2mWiFtLZ7zzrLYo11NLx",0,image/heic,1395146,active,,"2025-07-27 05:59:40","2025-07-27 05:59:40"
AUH14964,3518,5092,4964,6,IMG_0860[1].HEIC,transcript_1_5092_0.HEIC,"12KJIM0YUX49ByveQ5BofxvOnKjQMtf5S","1JZT5yrAHhQFA2mWiFtLZ7zzrLYo11NLx",0,image/heic,1192541,active,,"2025-07-27 06:02:48","2025-07-27 06:02:48"
AUH14964,3519,5092,4964,6,IMG_0861[1].HEIC,transcript_1_5092_1.HEIC,"1IGVQj3DQO9i59sSRAgzpEX_6BXlE65i-","1JZT5yrAHhQFA2mWiFtLZ7zzrLYo11NLx",1,image/heic,1108243,active,,"2025-07-27 06:03:02","2025-07-27 06:03:02"
AUH14964,3520,5092,4964,9,VN10424509230-11-07-2024-ETRF (1).pdf,english_certificare_5092_0.pdf,"1wIUTzKxAx9lVVJ28TXvyUck4ol7nEeLz","1JZT5yrAHhQFA2mWiFtLZ7zzrLYo11NLx",0,application/pdf,1022481,active,,"2025-07-27 06:05:31","2025-07-27 06:05:31"
AUS16613,3521,6806,6613,8,anh 3x4.jpg,student_photo_6806_0.jpg,"1zvuPTkeLGLQu5wZI6VK8DjqctuRTK-H4","16PKeOheWlFP5oW8cVgwgDeY6EL8kJn2h",0,image/jpeg,104404,active,,"2025-07-27 06:51:03","2025-07-27 06:51:03"
AUH14948,3522,5076,4948,8,"5.jpeg",student_photo_5076_0.jpeg,"1im46_3966tOF-qHY8E51_jjMmOPykbwl","1ZsRkxAKeh92iFRq2DcXpZOksTZXY7xd1",0,image/jpeg,66273,active,,"2025-07-27 06:53:57","2025-07-27 06:53:57"
AUH14948,3523,5076,4948,7,IMG_6257.jpeg,diploma_5076_0.jpeg,"1iv6hlpZfGWvF8zNK_QpgtVh3PLDVsPIx","1ZsRkxAKeh92iFRq2DcXpZOksTZXY7xd1",0,image/jpeg,347562,active,,"2025-07-27 06:54:34","2025-07-27 06:54:34"
AUH14948,3524,5076,4948,6,IMG_6251.jpeg,transcript_1_5076_0.jpeg,"1TmtZ1hb3V5KXXt6BECOvjaxfpPuYQAZ6","1ZsRkxAKeh92iFRq2DcXpZOksTZXY7xd1",0,image/jpeg,266793,active,,"2025-07-27 06:54:50","2025-07-27 06:54:50"
AUH14948,3525,5076,4948,6,IMG_6255.jpeg,transcript_1_5076_1.jpeg,"1LpAKJNyl7_guvoav3stlbn7IB-r6HaJw","1ZsRkxAKeh92iFRq2DcXpZOksTZXY7xd1",1,image/jpeg,283975,active,,"2025-07-27 06:54:58","2025-07-27 06:54:58"
AUH14948,3526,5076,4948,6,IMG_6253.jpeg,transcript_1_5076_2.jpeg,"1hVWwcLjl-MDH9D2uFTTFaJepZjh3-jte","1ZsRkxAKeh92iFRq2DcXpZOksTZXY7xd1",2,image/jpeg,282948,active,,"2025-07-27 06:56:52","2025-07-27 06:56:52"
AUH14948,3527,5076,4948,9,IMG_6248.jpeg,english_certificare_5076_0.jpeg,"1r1O3-W2nP1yRHurwBlDJ6z4Uafp_8kBZ","1ZsRkxAKeh92iFRq2DcXpZOksTZXY7xd1",0,image/jpeg,275731,active,,"2025-07-27 06:57:34","2025-07-27 06:57:34"
AUH14948,3528,5076,4948,10,IMG_6249.jpeg,birth_certificate_5076_0.jpeg,"1O0PonT573IxIOB5TvAvo0GwQcy0eDpHx","1ZsRkxAKeh92iFRq2DcXpZOksTZXY7xd1",0,image/jpeg,307288,active,,"2025-07-27 06:57:43","2025-07-27 06:57:43"
AUH14948,3529,5076,4948,11,IMG_6258.jpeg,other_achievements_2_5076_0.jpeg,"1evgAJed8fOG5fLJ0rayE2lAU2GTZbWsx","1ZsRkxAKeh92iFRq2DcXpZOksTZXY7xd1",0,image/jpeg,335889,active,,"2025-07-27 06:58:52","2025-07-27 06:58:52"
AUH14948,3530,5076,4948,11,IMG_6259.jpeg,other_achievements_2_5076_1.jpeg,"1JrWt_I_OIuJb1YGCTH3kAkZyj8Ez_LNU","1ZsRkxAKeh92iFRq2DcXpZOksTZXY7xd1",1,image/jpeg,219626,active,,"2025-07-27 06:59:12","2025-07-27 06:59:12"
AUS16613,3531,6806,6613,7,BỘ GIÁO DỤC VÀ ĐÀO TẠO.pdf,diploma_6806_0.pdf,"1wOb8mnL7ShfMxyAb8fadu5OPw8qlu9Ef","16PKeOheWlFP5oW8cVgwgDeY6EL8kJn2h",0,application/pdf,4317434,active,,"2025-07-27 07:05:23","2025-07-27 07:05:23"
AUS16613,3536,6806,6613,6,Hoc Ba-đã nén.pdf,transcript_1_6806_0.pdf,"1i1JxUD9alJ6MHAczcixWST8JDVmcBPWz","16PKeOheWlFP5oW8cVgwgDeY6EL8kJn2h",0,application/pdf,1868949,active,,"2025-07-27 07:22:17","2025-07-27 07:22:17"
AUS16613,3538,6806,6613,9,Toeic.pdf,english_certificare_6806_0.pdf,"16NSPMcaJLUMPbRiUwZP0f5ABpS6YbCSf","16PKeOheWlFP5oW8cVgwgDeY6EL8kJn2h",0,application/pdf,3935823,active,,"2025-07-27 07:24:35","2025-07-27 07:24:35"
AUS16613,3539,6806,6613,10,giay Khai sinh.pdf,birth_certificate_6806_0.pdf,"1XKrr2ycFP2LyvEOM4WThCDXrM1WBxZ2o","16PKeOheWlFP5oW8cVgwgDeY6EL8kJn2h",0,application/pdf,4031044,active,,"2025-07-27 07:33:38","2025-07-27 07:33:38"
AUS16613,3540,6806,6613,11,TN ĐH.pdf,other_achievements_2_6806_0.pdf,"1bkTZqxFrJUjhqtGHk5AUjzLhmNZoyn80","16PKeOheWlFP5oW8cVgwgDeY6EL8kJn2h",0,application/pdf,6021683,active,,"2025-07-27 07:34:17","2025-07-27 07:34:17"
AUH15068,3541,5196,5068,8,z6846006632999_721a2d4cc5b3107754d5023ddf077966.jpg,student_photo_5196_0.jpg,"1FQpzbmkylMPBW5yopE2WO9xvVFjnpf69","14Mvj5oGEWwmAo78eoJ8dhhqc2WIxTgWb",0,image/jpeg,21112,active,,"2025-07-27 07:46:00","2025-07-27 07:46:00"
AUH15068,3542,5196,5068,7,tn.jpg,diploma_5196_0.jpg,"1Ej9AAsomVxA4kISN-JLu5loG70WlKxws","14Mvj5oGEWwmAo78eoJ8dhhqc2WIxTgWb",0,image/jpeg,70918,active,,"2025-07-27 07:54:11","2025-07-27 07:54:11"
AUH15068,3543,5196,5068,6,z6846025735844_27c78dc9f95f719cb501836ec3eec827.jpg,transcript_1_5196_0.jpg,"1w3pY-_o4oN5QydXG8RAou2_VBV_O9lSh","14Mvj5oGEWwmAo78eoJ8dhhqc2WIxTgWb",0,image/jpeg,97623,active,,"2025-07-27 07:54:32","2025-07-27 07:54:32"
AUH15068,3544,5196,5068,6,z6846025735985_083e7898aaf8b00f1416786d07ff38b6.jpg,transcript_1_5196_1.jpg,"1Ca4x8BzDIqTPfD7GTW2zNcxQGq4NrYIA","14Mvj5oGEWwmAo78eoJ8dhhqc2WIxTgWb",1,image/jpeg,117104,active,,"2025-07-27 07:54:40","2025-07-27 07:54:40"
AUH15068,3545,5196,5068,6,z6846025745850_1af7fe63df8a7262cca42d289fa1c302.jpg,transcript_1_5196_1.jpg,"1Bw3OuSxvUV7cNmyeg-sHtrcR0Z-TD_jo","14Mvj5oGEWwmAo78eoJ8dhhqc2WIxTgWb",1,image/jpeg,100191,active,,"2025-07-27 07:54:42","2025-07-27 07:54:42"
AUH15068,3546,5196,5068,6,z6846025755034_298dafaec748cdc9ce0c8a51f935a32d.jpg,transcript_1_5196_2.jpg,"1-I7sMDLDw5EKTDcsTwp3RLdgMCHCQOMG","14Mvj5oGEWwmAo78eoJ8dhhqc2WIxTgWb",2,image/jpeg,112971,active,,"2025-07-27 07:54:45","2025-07-27 07:54:45"
AUH15068,3547,5196,5068,6,z6846025766890_8e94d09afe51d7a1598959563f76dd48.jpg,transcript_1_5196_2.jpg,"1OT-xkwkXgLhnrI5VL16CwPH7kDfo7rm8","14Mvj5oGEWwmAo78eoJ8dhhqc2WIxTgWb",2,image/jpeg,121267,active,,"2025-07-27 07:54:47","2025-07-27 07:54:47"
AUH15068,3548,5196,5068,6,z6846025771598_76ad93d975fb0e5bb006c144ff5f51bc.jpg,transcript_1_5196_3.jpg,"1NSFNYTdmVaRl9XgeofUQWerbraVz9ax8","14Mvj5oGEWwmAo78eoJ8dhhqc2WIxTgWb",3,image/jpeg,98620,active,,"2025-07-27 07:54:49","2025-07-27 07:54:49"
AUH15068,3549,5196,5068,6,z6846025774039_2f0c5dc5546b6e9f5c43b96ab89d8140.jpg,transcript_1_5196_3.jpg,"18oeXkeByWR2_k6BLI2ykNzuElP66x3E6","14Mvj5oGEWwmAo78eoJ8dhhqc2WIxTgWb",3,image/jpeg,95932,active,,"2025-07-27 07:54:51","2025-07-27 07:54:51"
AUH15068,3550,5196,5068,9,ielts.jpg,english_certificare_5196_0.jpg,"1NxN18jQDn-PAKe3pgiRoo7n_jhxBIGv1","14Mvj5oGEWwmAo78eoJ8dhhqc2WIxTgWb",0,image/jpeg,101064,active,,"2025-07-27 07:55:00","2025-07-27 07:55:00"
AUH15068,3551,5196,5068,10,ks.jpg,birth_certificate_5196_0.jpg,"1aSLN8ZKSXUVpf7VBz3f7VF4gSa1q2v2l","14Mvj5oGEWwmAo78eoJ8dhhqc2WIxTgWb",0,image/jpeg,145437,active,,"2025-07-27 07:55:07","2025-07-27 07:55:07"
AUH15068,3552,5196,5068,11,cn.jpg,other_achievements_2_5196_0.jpg,"1g-Pk3NelKiJIEMrwahlOM04VWFvQAR4A","14Mvj5oGEWwmAo78eoJ8dhhqc2WIxTgWb",0,image/jpeg,72855,active,,"2025-07-27 07:56:36","2025-07-27 07:56:36"
AUS14987,3553,5115,4987,6,IMG20250727153659.jpg,transcript_1_5115_0.jpg,"1fnLLrzrX9Aqc3YpZcUbda0OjNvIPP9J9","13xW_93De_A4-DGIgA9lP5WqK-UzmbQ-4",0,image/jpeg,57680,active,,"2025-07-27 08:37:23","2025-07-27 08:37:23"
AUS14987,3554,5115,4987,7,IMG20250727153927.jpg,diploma_5115_0.jpg,"1b3ye8N5oS8AWkYBbPNMAiWQfa8dh4ruF","13xW_93De_A4-DGIgA9lP5WqK-UzmbQ-4",0,image/jpeg,68090,active,,"2025-07-27 08:39:48","2025-07-27 08:39:48"
AUS14987,3555,5115,4987,11,IMG_20250723_155115.jpg,other_achievements_2_5115_0.jpg,"1Q2Kr8uvFNxBMEX9bHswS2G_d861QMIVF","13xW_93De_A4-DGIgA9lP5WqK-UzmbQ-4",0,image/jpeg,72633,active,,"2025-07-27 08:53:49","2025-07-27 08:53:49"
AUH15032,3556,5160,5032,11,TSA2502_14453_LynSBlB8_6uHhPYh3_JbRjKHAX.pdf,other_achievements_2_5160_0.pdf,"1pcgR4Thm1OgUFvEKUsZ6xpQrT7Lnf6hO","1w9gfZOY1AsfJ0iDzV-HZOsrO_G9-pVCn",0,application/pdf,432909,active,,"2025-07-27 08:58:19","2025-07-27 08:58:19"
AUH15032,3557,5160,5032,9,VN10424523334-03-12-2024-ETRF.pdf,english_certificare_5160_0.pdf,"1mjIennsQDHTtwtTjyLRM7sBV2C0LIrsf","1w9gfZOY1AsfJ0iDzV-HZOsrO_G9-pVCn",0,application/pdf,1022167,active,,"2025-07-27 08:58:54","2025-07-27 08:58:54"
AUH14975,3567,5103,4975,9,IMG_20250725_165306.jpg,english_certificare_5103_0.jpg,"1zvVb3LM37bMQt8qdMRhMsF3GTKAGk7Mc","1rgOaOutMa50ZNE2hr1vEhj1tev42MnEy",0,image/jpeg,100496,active,,"2025-07-27 10:49:41","2025-07-27 10:49:41"
AUH14975,3568,5103,4975,8,IMG_20250727_175455.jpg,student_photo_5103_0.jpg,"1Es-qAMmCQPpaEli4aVI_ERNqVAMv0cn4","1rgOaOutMa50ZNE2hr1vEhj1tev42MnEy",0,image/jpeg,45015,active,,"2025-07-27 10:55:09","2025-07-27 10:55:09"
AUH14975,3569,5103,4975,7,"20250727_175701.jpg",diploma_5103_0.jpg,"1nzCPAiPgktJ3gasXuyAcv1yvPJdfqYKc","1rgOaOutMa50ZNE2hr1vEhj1tev42MnEy",0,image/jpeg,88125,active,,"2025-07-27 10:57:19","2025-07-27 10:57:19"
AUH14975,3570,5103,4975,6,"17536139320472121022129686146269.jpg",transcript_1_5103_0.jpg,"1mDZFKcTWTSTwiSMHvap2_W0gWZhWssXe","1rgOaOutMa50ZNE2hr1vEhj1tev42MnEy",0,image/jpeg,102878,active,,"2025-07-27 10:59:18","2025-07-27 10:59:18"
AUH14975,3571,5103,4975,6,"17536139536878421199293026531154.jpg",transcript_1_5103_1.jpg,"1iIQpFTr12zMT6wvuhpHAaF9UananRsEM","1rgOaOutMa50ZNE2hr1vEhj1tev42MnEy",1,image/jpeg,79668,active,,"2025-07-27 11:00:18","2025-07-27 11:00:18"
AUH14975,3572,5103,4975,6,"17536140155071730442164655818900.jpg",transcript_1_5103_2.jpg,"1glG9D7vQrnueuj1x4FJ11-nYxoN_Y1VS","1rgOaOutMa50ZNE2hr1vEhj1tev42MnEy",2,image/jpeg,94731,active,,"2025-07-27 11:00:31","2025-07-27 11:00:31"
AUH14975,3573,5103,4975,6,"17536140351752626624113612653946.jpg",transcript_1_5103_3.jpg,"1BSUsQJNmOBbrxYZqPYRdA5oTiny5bqzB","1rgOaOutMa50ZNE2hr1vEhj1tev42MnEy",3,image/jpeg,92932,active,,"2025-07-27 11:00:55","2025-07-27 11:00:55"
AUH14975,3574,5103,4975,6,"17536140506901728305362581201533.jpg",transcript_1_5103_4.jpg,"1K_m8LEN_Ica1Bza9N_JudV0Ao_588n6A","1rgOaOutMa50ZNE2hr1vEhj1tev42MnEy",4,image/jpeg,106362,active,,"2025-07-27 11:01:09","2025-07-27 11:01:09"
AUH14975,3575,5103,4975,6,"17536140683225620319861813761268.jpg",transcript_1_5103_5.jpg,"14nKUP58pQykwH9z6VTUuMOI7orFQEvIW","1rgOaOutMa50ZNE2hr1vEhj1tev42MnEy",5,image/jpeg,94859,active,,"2025-07-27 11:03:03","2025-07-27 11:03:03"
AUH14975,3576,5103,4975,10,"17536142059772532736406146234174.jpg",birth_certificate_5103_0.jpg,"1CWcPdfPZU7LFzrakoGmmjWfVFvQIjq3B","1rgOaOutMa50ZNE2hr1vEhj1tev42MnEy",0,image/jpeg,165811,active,,"2025-07-27 11:03:45","2025-07-27 11:03:45"
AUH18594,3579,8856,8594,9,Bằng IELTS.pdf,english_certificare_8856_0.pdf,"19lBaag0kJpSNoCSfZVJ1Et5OThuE8yPx","1fhREyfPHYlU5QMMQzYlLjiNOrZtmhHnL",0,application/pdf,701113,active,,"2025-07-27 13:55:15","2025-07-27 13:55:15"
AUH18594,3580,8856,8594,6,Học bạ THPT.pdf,transcript_1_8856_0.pdf,"17Fv-RhSeuQRIKoytJwkxGf3mwVjJqKFQ","1fhREyfPHYlU5QMMQzYlLjiNOrZtmhHnL",0,application/pdf,1855164,active,,"2025-07-27 13:55:58","2025-07-27 13:55:58"
AUH18594,3581,8856,8594,7,Giấy chứng nhận tốt nghiệp THPT.pdf,diploma_8856_0.pdf,"1uAXOKcUiznZg8z29fkz6RN2spJHc6pXY","1fhREyfPHYlU5QMMQzYlLjiNOrZtmhHnL",0,application/pdf,218230,active,,"2025-07-27 14:03:12","2025-07-27 14:03:12"
AUH18594,3582,8856,8594,8,Ảnh học sinh.jpg,student_photo_8856_0.jpg,"1wgXr4z_fsL0DnBc-zZSWLYb-iJkjK8-Z","1fhREyfPHYlU5QMMQzYlLjiNOrZtmhHnL",0,image/jpeg,41272,active,,"2025-07-27 14:06:14","2025-07-27 14:06:14"
AUS15047,3583,5175,5047,8,h9862.jpg,student_photo_5175_0.jpg,"1SRHGSyw64G_QL6fWdDCIHai3GlOqmNhB","1n6hUpQlLmJ7AwcdhU3Rn6UapN2F7g2se",0,image/jpeg,45730,active,,"2025-07-27 14:24:48","2025-07-27 14:24:48"
AUS15047,3584,5175,5047,6,"6e950c7cf164783a2175.jpg",transcript_1_5175_0.jpg,"1UY1oIDHm1oQbc2UqnIlvTqKIlWuNjx0h","1n6hUpQlLmJ7AwcdhU3Rn6UapN2F7g2se",0,image/jpeg,123010,active,,"2025-07-27 14:25:42","2025-07-27 14:25:42"
AUS15047,3585,5175,5047,6,f9cf4c54b14c3812615d.jpg,transcript_1_5175_1.jpg,"1fTukeFR-fzUoI7GfI6G9DRS1wDPInyoT","1n6hUpQlLmJ7AwcdhU3Rn6UapN2F7g2se",1,image/jpeg,84300,active,,"2025-07-27 14:26:51","2025-07-27 14:26:51"
AUS15047,3586,5175,5047,6,a80a158ee89661c83887.jpg,transcript_1_5175_2.jpg,"15NHLaMPyl27798zc4fOyocEoY07yNXa8","1n6hUpQlLmJ7AwcdhU3Rn6UapN2F7g2se",2,image/jpeg,138703,active,,"2025-07-27 14:27:09","2025-07-27 14:27:09"
AUS15047,3587,5175,5047,6,d02180ab7db3f4edada2.jpg,transcript_1_5175_3.jpg,"1eVFjIhMw9hATM1BRhtdC1PFUQ1vVkSwN","1n6hUpQlLmJ7AwcdhU3Rn6UapN2F7g2se",3,image/jpeg,138762,active,,"2025-07-27 14:27:18","2025-07-27 14:27:18"
AUS15047,3588,5175,5047,6,"7b3feac917d19e8fc7c0.jpg",transcript_1_5175_4.jpg,"1vMhESMXd1NziT09Yj_0QRliV_S8A9MiN","1n6hUpQlLmJ7AwcdhU3Rn6UapN2F7g2se",4,image/jpeg,126746,active,,"2025-07-27 14:27:27","2025-07-27 14:27:27"
AUS15047,3589,5175,5047,6,"2d0647f9bae133bf6af0.jpg",transcript_1_5175_5.jpg,"1LqZGDjtcgDPcfDRDjSLwumzPg7Y3OKZh","1n6hUpQlLmJ7AwcdhU3Rn6UapN2F7g2se",5,image/jpeg,137977,active,,"2025-07-27 14:27:41","2025-07-27 14:27:41"
AUS15047,3590,5175,5047,6,a02ea8c755dfdc8185ce.jpg,transcript_1_5175_6.jpg,"1a-NhlqfcwIGtOGMMkeCg9-Yjyd7Fm3Ty","1n6hUpQlLmJ7AwcdhU3Rn6UapN2F7g2se",6,image/jpeg,141508,active,,"2025-07-27 14:29:15","2025-07-27 14:29:15"
AUS15047,3591,5175,5047,6,"6e950c7cf164783a2175.jpg",transcript_1_5175_7.jpg,"1Sz0ORgl8F7xbcjq_35vDO573hPZ6jvXH","1n6hUpQlLmJ7AwcdhU3Rn6UapN2F7g2se",7,image/jpeg,123010,active,,"2025-07-27 14:29:29","2025-07-27 14:29:29"
AUS15047,3592,5175,5047,9,f0850410f90870562919.jpg,english_certificare_5175_0.jpg,"1tzl-rAOIratAnEVzbvq5ezToCYqaWAfr","1n6hUpQlLmJ7AwcdhU3Rn6UapN2F7g2se",0,image/jpeg,251402,active,,"2025-07-27 14:30:03","2025-07-27 14:30:03"
AUS15047,3593,5175,5047,10,"5bfabd8f4197c8c99186.jpg",birth_certificate_5175_0.jpg,"1V6fIGty0CAJFIDa67_Skp_7r5m67YzCL","1n6hUpQlLmJ7AwcdhU3Rn6UapN2F7g2se",0,image/jpeg,239063,active,,"2025-07-27 14:30:20","2025-07-27 14:30:20"
AUS15047,3594,5175,5047,11,"74b1385b5040d91e8051.jpg",other_achievements_2_5175_0.jpg,"1BHCkeWPPJa_08PETp3sw-G4RcipTcldH","1n6hUpQlLmJ7AwcdhU3Rn6UapN2F7g2se",0,image/jpeg,81220,active,,"2025-07-27 14:34:57","2025-07-27 14:34:57"
AUH14968,3601,5096,4968,8,ảnh cá nhân.jpg,student_photo_5096_0.jpg,"1SRxIsBWCsnyBIESoSNpoyKWLmP7dNlKS","1vSpdraYsVeTHkfUniibmG7ejrtPlCmxU",0,image/jpeg,47504,active,,"2025-07-27 14:46:03","2025-07-27 14:46:03"
AUH14968,3603,5096,4968,9,scan.pdf.jpg,english_certificare_5096_0.jpg,"1O6O87tU4u46DPfywARlx6rRyYCxoa2Bn","1vSpdraYsVeTHkfUniibmG7ejrtPlCmxU",0,image/jpeg,165332,active,,"2025-07-27 14:49:12","2025-07-27 14:49:12"
AUH14968,3604,5096,4968,10,khai sinh.jpg,birth_certificate_5096_0.jpg,"1wj1-gx3JxVKVBZsqEGRTXR6hykcA70Ca","1vSpdraYsVeTHkfUniibmG7ejrtPlCmxU",0,image/jpeg,70186,active,,"2025-07-27 15:02:08","2025-07-27 15:02:08"
AUH14968,3605,5096,4968,7,giay.jpg,diploma_5096_0.jpg,"1qajntMV1a4N0RVIF6pghAxcbWhVBxspW","1vSpdraYsVeTHkfUniibmG7ejrtPlCmxU",0,image/jpeg,60453,active,,"2025-07-27 15:02:09","2025-07-27 15:02:09"
AUH14968,3606,5096,4968,6,z6847202515919_5e2c5c9305cf5ba90fe22738c5c8a13c.jpg,transcript_1_5096_0.jpg,"1BUDcJsYhIOYwWEno9p3yTIdPnvd0Evc6","1vSpdraYsVeTHkfUniibmG7ejrtPlCmxU",0,image/jpeg,67684,active,,"2025-07-27 15:02:15","2025-07-27 15:02:15"
AUH14968,3607,5096,4968,6,l10.jpg,transcript_1_5096_1.jpg,"1ec-6qqA0_NOZHEtqt3C2hPlsnlqL_Qnh","1vSpdraYsVeTHkfUniibmG7ejrtPlCmxU",1,image/jpeg,89602,active,,"2025-07-27 15:02:27","2025-07-27 15:02:27"
AUH14968,3608,5096,4968,6,l10a.jpg,transcript_1_5096_1.jpg,"1_KaaypQxamz7flE21BzSwW8ExL1a89Lq","1vSpdraYsVeTHkfUniibmG7ejrtPlCmxU",1,image/jpeg,81946,active,,"2025-07-27 15:02:29","2025-07-27 15:02:29"
AUH14968,3609,5096,4968,6,l11.jpg,transcript_1_5096_2.jpg,"1rg130HRoRRGBUqmu12UsFvVch_rFDzjc","1vSpdraYsVeTHkfUniibmG7ejrtPlCmxU",2,image/jpeg,97008,active,,"2025-07-27 15:02:32","2025-07-27 15:02:32"
AUH14968,3610,5096,4968,6,l11a.jpg,transcript_1_5096_2.jpg,"1OowiOOhvX103E8LcXA3L_r5epMKEsckF","1vSpdraYsVeTHkfUniibmG7ejrtPlCmxU",2,image/jpeg,76509,active,,"2025-07-27 15:02:32","2025-07-27 15:02:32"
AUH14968,3611,5096,4968,6,l12.jpg,transcript_1_5096_2.jpg,"1RqTR8xTzz9Y9uaEmHmntM1YGyVSBECNQ","1vSpdraYsVeTHkfUniibmG7ejrtPlCmxU",2,image/jpeg,79537,active,,"2025-07-27 15:02:35","2025-07-27 15:02:35"
AUH14968,3612,5096,4968,6,l12a.jpg,transcript_1_5096_3.jpg,"17Ha-lRQN0BHK7zbvDh1aagU42mMGKwmw","1vSpdraYsVeTHkfUniibmG7ejrtPlCmxU",3,image/jpeg,71438,active,,"2025-07-27 15:02:37","2025-07-27 15:02:37"
AUH110307,3613,10620,10307,1,IMG_2497.jpeg,id_card_front_10620_0.jpeg,"1hC679xO_I-K2HpBI8F5vfK8dTUOFwORi","1uPf9t86qqHGIv-5g54xBQRItmiowRKpT",0,image/jpeg,168399,active,,"2025-07-27 15:26:01","2025-07-27 15:26:01"
AUH110307,3614,10620,10307,2,IMG_2498.jpeg,id_card_back_10620_0.jpeg,"1QTtIiyBqb-01GnPiN-Cc0DygNCMyNQL-","1uPf9t86qqHGIv-5g54xBQRItmiowRKpT",0,image/jpeg,184423,active,,"2025-07-27 15:26:16","2025-07-27 15:26:16"
AUH110307,3615,10620,10307,3,att.7aYiymFMbxMRrWzN3q7to43BwmeY0OgVdjZLS_J3g0M.jpeg,transcript_10620_0.jpeg,"1iS3kidcXs1mOh6ztiY0wQnCo0g3G1fSY","1uPf9t86qqHGIv-5g54xBQRItmiowRKpT",0,image/jpeg,163484,active,,"2025-07-27 15:27:13","2025-07-27 15:27:13"
AUH18594,3617,8856,8594,10,Giấy khai sinh.pdf,birth_certificate_8856_0.pdf,"1RTuYQlOJ3iBxRfx0g0y4IZ2dmeYSttEk","1fhREyfPHYlU5QMMQzYlLjiNOrZtmhHnL",0,application/pdf,485719,active,,"2025-07-27 16:17:57","2025-07-27 16:17:57"
AUH18298,3629,8549,8298,8,anh bill.jpg,student_photo_8549_0.jpg,"1zLo-IGFyHuUJvRvs5iJ84qvs-fHCz5hf","1QSv9ssOQ9c9jW_Epeqh7vTe8MRve4oYA",0,image/jpeg,38351,active,,"2025-07-28 00:54:27","2025-07-28 00:54:27"
AUH18298,3630,8549,8298,6,"20_HS_THPT_HocBaHocSinh_NguyenDucHoang.pdf",transcript_1_8549_0.pdf,"1oskTKvRi2P2Ap-SO7f62JuNcctZBS3f1","1QSv9ssOQ9c9jW_Epeqh7vTe8MRve4oYA",0,application/pdf,180523,active,,"2025-07-28 00:58:35","2025-07-28 00:58:35"
AUH18298,3631,8549,8298,7,CN tot nghiep.jpg,diploma_8549_0.jpg,"1tZh0dvYTnYWU84YANtbOMfPBfQkaakwj","1QSv9ssOQ9c9jW_Epeqh7vTe8MRve4oYA",0,image/jpeg,67913,active,,"2025-07-28 01:09:14","2025-07-28 01:09:14"
AUH18298,3632,8549,8298,10,G Khai Sinh.jpg,birth_certificate_8549_0.jpg,"1B8RFLyY9w7xsa0_bwEHngQhNhEVKqltl","1QSv9ssOQ9c9jW_Epeqh7vTe8MRve4oYA",0,image/jpeg,214428,active,,"2025-07-28 01:21:04","2025-07-28 01:21:04"
AUH14950,3633,5078,4950,7,Messenger_creation_DD7D572E-83E6-4FFE-B494-43EA4743D815.jpeg,diploma_5078_0.jpeg,"1ncyujkO1GNwwIMoWSCcs7b5s5TKATpVt","1vTTURLSo24EVFTwPAzYLS9IOT3kJsXVo",0,image/jpeg,103148,active,,"2025-07-28 01:43:07","2025-07-28 01:43:07"
AUH15011,3634,5139,5011,8,"491000115_1215414513260598_3170892111737610123_n.jpg",student_photo_5139_0.jpg,"1PCXJ6mQCIXkPmi9CUwrhPgHfQL5L5A4b","1tPVCToeMmSPenXinphhspDfidLkph8ta",0,image/jpeg,115730,active,,"2025-07-28 02:55:42","2025-07-28 02:55:42"
AUH15011,3635,5139,5011,7,z6848147231153_d682a380e76e9b0c52dc74cf90697ff9.jpg,diploma_5139_0.jpg,"1Wi9qTtljnPvJf1xnUboGHq0NWMt8G5oA","1tPVCToeMmSPenXinphhspDfidLkph8ta",0,image/jpeg,226233,active,,"2025-07-28 03:00:38","2025-07-28 03:00:38"
AUH15011,3636,5139,5011,10,z6848155900838_d102d6dbdf6c9f747ad323ecb354f13b.jpg,birth_certificate_5139_0.jpg,"1X5K_1up5SwltpHM4L2absQym6RCkCVpZ","1tPVCToeMmSPenXinphhspDfidLkph8ta",0,image/jpeg,227645,active,,"2025-07-28 03:02:10","2025-07-28 03:02:10"
AUH15011,3637,5139,5011,6,z6754467629421_d429fb13a9498417aaba306e38cb5e87.jpg,transcript_1_5139_0.jpg,"197Mt-RyYFEcp74w8kVuaBMQA5Kt5b3zX","1tPVCToeMmSPenXinphhspDfidLkph8ta",0,image/jpeg,244421,active,,"2025-07-28 03:04:49","2025-07-28 03:04:49"
AUH15011,3638,5139,5011,6,z6754467630227_68d41fa164158baccd6e3620ac19df10.jpg,transcript_1_5139_1.jpg,"134pQaHLZvfpbHRrlmwQoDm09iCITRnYt","1tPVCToeMmSPenXinphhspDfidLkph8ta",1,image/jpeg,250748,active,,"2025-07-28 03:04:59","2025-07-28 03:04:59"
AUH15011,3639,5139,5011,6,z6754467624240_b385c9358f87a00adaf2c6f76e0a477b.jpg,transcript_1_5139_2.jpg,"1o9RPMhKFcfLHOXphBlm2JjQ9EmjrnXU0","1tPVCToeMmSPenXinphhspDfidLkph8ta",2,image/jpeg,257018,active,,"2025-07-28 03:05:05","2025-07-28 03:05:05"
AUH15011,3640,5139,5011,6,z6754467617471_1c9b50bd5f963955ea9e9903e935d117.jpg,transcript_1_5139_3.jpg,"1cCEEDpKt078ImZzzVr5mWwBwT9Bz7bvl","1tPVCToeMmSPenXinphhspDfidLkph8ta",3,image/jpeg,257682,active,,"2025-07-28 03:05:10","2025-07-28 03:05:10"
AUH110281,3643,10594,10281,1,IMG_3829.jpeg,id_card_front_10594_0.jpeg,"19l9Yd_ioDUTv494-QfTst_sq08ozEcgF","1YlBEPZLsgtcJC0FjG1BtSgfIPEx3x6mc",0,image/jpeg,391492,active,,"2025-07-28 04:46:45","2025-07-28 04:46:45"
AUH110281,3644,10594,10281,2,IMG_3828.jpeg,id_card_back_10594_0.jpeg,"1LE078z98Mhz1hcIL88pYRoU8AtsJRWGB","1YlBEPZLsgtcJC0FjG1BtSgfIPEx3x6mc",0,image/jpeg,511220,active,,"2025-07-28 04:46:58","2025-07-28 04:46:58"
AUH110281,3645,10594,10281,3,IMG_3822.jpeg,transcript_10594_0.jpeg,"1o6tw8R0IaCjGBJrouqEXxrGHD_lIjyCz","1YlBEPZLsgtcJC0FjG1BtSgfIPEx3x6mc",0,image/jpeg,302978,active,,"2025-07-28 04:47:25","2025-07-28 04:47:25"
AUS110369,3648,10682,10369,1,FE926975-ADA2-4BF5-9ACB-9C819A552E56.jpeg,id_card_front_10682_0.jpeg,"13zgrULVD7qxq9sI8B6nsNGX6rrvLOOGx","1o906_34FiAe2ukZSywUIFXo1PAJY4LCl",0,image/jpeg,181128,active,,"2025-07-28 06:00:40","2025-07-28 06:00:40"
AUS110369,3649,10682,10369,2,"2AF55BF4-D760-4F62-905B-8C1A33CF7B11.jpeg",id_card_back_10682_0.jpeg,"1aZ1MnMM99l81yyu5_rkW9vCd_DAtrKz1","1o906_34FiAe2ukZSywUIFXo1PAJY4LCl",0,image/jpeg,171274,active,,"2025-07-28 06:00:40","2025-07-28 06:00:40"
AUS110369,3650,10682,10369,3,A147E818-AD35-499D-9E21-317F4C4A3718.jpeg,transcript_10682_0.jpeg,"1MxECBgmdKjxnqfJ8x_x0XlJyvuTrnBTz","1o906_34FiAe2ukZSywUIFXo1PAJY4LCl",0,image/jpeg,209207,active,,"2025-07-28 06:00:46","2025-07-28 06:00:46"
AUH15017,3651,5145,5017,6,Học bạ Trần Tấn Dũng.pdf,transcript_1_5145_0.pdf,"1UKoSA6HpCBZ7huwTH0VZUyH5orhHKk9i","1DL24AMw2-b4VDK0Du8IQOGcWyyoXUzs9",0,application/pdf,4122660,active,,"2025-07-28 06:27:11","2025-07-28 06:27:11"
AUH15017,3652,5145,5017,7,giay chung nhan tam thoi.jpg,diploma_5145_0.jpg,"1HvWfmJx4I6KDjMCqkx7EJeVQEvWWQM4E","1DL24AMw2-b4VDK0Du8IQOGcWyyoXUzs9",0,image/jpeg,71515,active,,"2025-07-28 06:28:36","2025-07-28 06:28:36"
AUH15017,3653,5145,5017,8,ảnh thẻ 3x4.pdf,student_photo_5145_0.pdf,"1fmWgDxokjIgLiaFrpTOhmAp0k4VUDeln","1DL24AMw2-b4VDK0Du8IQOGcWyyoXUzs9",0,application/pdf,3107894,active,,"2025-07-28 06:47:15","2025-07-28 06:47:15"
AUS14985,3654,5113,4985,6,HOCBA.pdf,transcript_1_5113_0.pdf,"11QlfqUyATi4zPoI9qwUUD8RZm3V9BM3u","1DG1o6vpiks7ldm4cWgcjX_2Yvr0ixQz3",0,application/pdf,1038668,active,,"2025-07-28 07:31:12","2025-07-28 07:31:12"
AUS14985,3655,5113,4985,10,giấy khai sinh.pdf,birth_certificate_5113_0.pdf,"1oA8CRuRhVXhMtd7bQLysOgrE2WCjuqeX","1DG1o6vpiks7ldm4cWgcjX_2Yvr0ixQz3",0,application/pdf,707686,active,,"2025-07-28 07:32:43","2025-07-28 07:32:43"
AUS14985,3656,5113,4985,9,IELTS.pdf,english_certificare_5113_0.pdf,"1kJ_jFPxlLqdFVR2KcXVlGzMxWvz2C_JX","1DG1o6vpiks7ldm4cWgcjX_2Yvr0ixQz3",0,application/pdf,1484999,active,,"2025-07-28 07:33:02","2025-07-28 07:33:02"
AUS14985,3657,5113,4985,7,Giay CN tot nghiep.pdf,diploma_5113_0.pdf,"1u1_-zjMNH_aerOYXrfZNs3MP2PqMCtE9","1DG1o6vpiks7ldm4cWgcjX_2Yvr0ixQz3",0,application/pdf,519384,active,,"2025-07-28 07:33:53","2025-07-28 07:33:53"
AUH14944,3658,5072,4944,8,Ảnh thẻ.pdf,student_photo_5072_0.pdf,"1R7kCK3ikEA9LxaSPY81Ih9xqTVFKzoJX","1_EoXPzTJXCXIPIfrTjrzWquq6MthOXxl",0,application/pdf,171319,active,,"2025-07-28 07:41:09","2025-07-28 07:41:09"
AUH14944,3659,5072,4944,7,Giấy chứng nhận TN tạm thời.pdf,diploma_5072_0.pdf,"1lBUsM1vM9s2Jkoe_cy79JmSL4dgJRVz5","1_EoXPzTJXCXIPIfrTjrzWquq6MthOXxl",0,application/pdf,398340,active,,"2025-07-28 07:41:24","2025-07-28 07:41:24"
AUH14944,3660,5072,4944,6,Bản scan học bạ 1.pdf,transcript_1_5072_0.pdf,"1OTpvT1TgATXVZjFtyChkj7mTSOzScvlz","1_EoXPzTJXCXIPIfrTjrzWquq6MthOXxl",0,application/pdf,6730850,active,,"2025-07-28 07:41:45","2025-07-28 07:41:45"
AUH14944,3661,5072,4944,10,Giấy khai sinh.pdf,birth_certificate_5072_0.pdf,"1tHhgmjoh1y_6tuqc16Xz8UKAH4aGrRLm","1_EoXPzTJXCXIPIfrTjrzWquq6MthOXxl",0,application/pdf,775511,active,,"2025-07-28 07:42:02","2025-07-28 07:42:02"
AUS14985,3662,5113,4985,8,Dung.JPG,student_photo_5113_0.JPG,"139MG8-3tS-jmSoT4B7t7qppJgn9z9ByN","1DG1o6vpiks7ldm4cWgcjX_2Yvr0ixQz3",0,image/jpeg,43104,active,,"2025-07-28 07:43:50","2025-07-28 07:43:50"
AUS16612,3687,6805,6612,7,ảnh tốt nghiệp.jpg,diploma_6805_0.jpg,"1dt9dioDl8k9TAbXr9J3zE_rMhFxbt4ZK","1d9sowhCeaZIznmm0sI6nKcXZ39d2WEUK",0,image/jpeg,74174,active,,"2025-07-28 09:15:14","2025-07-28 09:15:14"
AUH14961,3696,5089,4961,7,CNTotNghiep.jpg,diploma_5089_0.jpg,"1RB4CXgtBGX8lRfDdFJmC5q8MAMj75Pqv","1whadEs0GqQV5I0RZ5xXHGEjbd4tJ9V4n",0,image/jpeg,46871,active,,"2025-07-28 11:50:06","2025-07-28 11:50:06"
AUS15102,3699,5230,5102,8,Ảnh Nguyễn Trí Việt.jpg,student_photo_5230_0.jpg,"1u2K7YWCxK5u2x60-sfkG_cFIOM1T-u-v","1yW4KVggkA1X3WW07n1iLo8pYKJ3zA3PX",0,image/jpeg,41417,active,,"2025-07-28 12:03:40","2025-07-28 12:03:40"
AUS15102,3700,5230,5102,7,Giấy Tốt Nghiệp.jpg,diploma_5230_0.jpg,"1-rUAv25tymbT5_TTt_UZMV8ni9LgJIa8","1yW4KVggkA1X3WW07n1iLo8pYKJ3zA3PX",0,image/jpeg,87627,active,,"2025-07-28 12:03:47","2025-07-28 12:03:47"
AUS15102,3701,5230,5102,9,Bằng IELTS.jpg,english_certificare_5230_0.jpg,"1Pt8JciEBmQQLC15ogZFXWElj2Ns6JrGc","1yW4KVggkA1X3WW07n1iLo8pYKJ3zA3PX",0,image/jpeg,127919,active,,"2025-07-28 12:04:00","2025-07-28 12:04:00"
AUS15102,3702,5230,5102,10,Giấy Khai Sinh.jpg,birth_certificate_5230_0.jpg,"1QpRTfHNDVvGeerrd6Qk6PaRfDTiy3U0S","1yW4KVggkA1X3WW07n1iLo8pYKJ3zA3PX",0,image/jpeg,121563,active,,"2025-07-28 12:04:14","2025-07-28 12:04:14"
AUS110352,3703,10665,10352,1,"20250728_190935.jpg",id_card_front_10665_0.jpg,"1SK-urDdCaHYZdx2fcvN1F946tXwSWoZ4","15QybUNXJWViKzNKadbt8GqUHEZbGAIy7",0,image/jpeg,82363,active,,"2025-07-28 12:10:21","2025-07-28 12:10:21"
AUS110352,3704,10665,10352,2,"20250728_190856.jpg",id_card_back_10665_0.jpg,"1t-wyflR2zgiN5dGEa3zZvmnf78fLeDnJ","15QybUNXJWViKzNKadbt8GqUHEZbGAIy7",0,image/jpeg,90545,active,,"2025-07-28 12:10:28","2025-07-28 12:10:28"
AUS15102,3705,5230,5102,6,Học Bạ (2).jpg,transcript_1_5230_0.jpg,"1vTmbdsKpmNpsH7fFaRMN7cPb-XEeZyEH","1yW4KVggkA1X3WW07n1iLo8pYKJ3zA3PX",0,image/jpeg,140681,active,,"2025-07-28 12:10:47","2025-07-28 12:10:47"
AUS15102,3706,5230,5102,6,Học Bạ (3).jpg,transcript_1_5230_1.jpg,"17pqbyyRgh5GC6PdjkBSS1AswZnxr6Ore","1yW4KVggkA1X3WW07n1iLo8pYKJ3zA3PX",1,image/jpeg,140187,active,,"2025-07-28 12:10:54","2025-07-28 12:10:54"
AUS15102,3707,5230,5102,6,Học Bạ (1).jpg,transcript_1_5230_1.jpg,"1WpNueF7oQyENgZG7zW1AZd_HMkq7Z0cf","1yW4KVggkA1X3WW07n1iLo8pYKJ3zA3PX",1,image/jpeg,144856,active,,"2025-07-28 12:10:57","2025-07-28 12:10:57"
AUS110352,3708,10665,10352,3,HB.pdf,transcript_10665_0.pdf,"15qutv7q5hTbR0uMQ-3laoEKO5ggdOWOu","15QybUNXJWViKzNKadbt8GqUHEZbGAIy7",0,application/pdf,5702162,active,,"2025-07-28 12:14:42","2025-07-28 12:14:42"
AUH15055,3711,5183,5055,8,"17537077204691048814185969812910.jpg",student_photo_5183_0.jpg,"18hsqfmPpUzqlyOdAL5PsFToB_L5i0Yp6","1jF42Fep0BZYTN4uFhq38kv27jIouMgq3",0,image/jpeg,73635,active,,"2025-07-28 13:03:03","2025-07-28 13:03:03"
AUH15055,3712,5183,5055,7,"17537078403206942911133860726504.jpg",diploma_5183_0.jpg,"1YEb7MoalNmuvCnYBu5-zbNcJ2dObK8Fu","1jF42Fep0BZYTN4uFhq38kv27jIouMgq3",0,image/jpeg,73542,active,,"2025-07-28 13:04:25","2025-07-28 13:04:25"
AUH15055,3713,5183,5055,6,"17537078820019115115049666019096.jpg",transcript_1_5183_0.jpg,"1hcqCG6A6aamWQpPDm0KOZxtutgKKR7tP","1jF42Fep0BZYTN4uFhq38kv27jIouMgq3",0,image/jpeg,111120,active,,"2025-07-28 13:04:57","2025-07-28 13:04:57"
AUH15055,3714,5183,5055,6,"17537078949776694557336875830828.jpg",transcript_1_5183_1.jpg,"1Ycz5Dt_EZUXJ_BbP8cwHl5HY8yiX1TQ-","1jF42Fep0BZYTN4uFhq38kv27jIouMgq3",1,image/jpeg,105188,active,,"2025-07-28 13:05:12","2025-07-28 13:05:12"
AUH15055,3715,5183,5055,6,"17537079099727681715355037496449.jpg",transcript_1_5183_2.jpg,"1en1jyRvaljpo097D5sU9HDS5xH3OcbKe","1jF42Fep0BZYTN4uFhq38kv27jIouMgq3",2,image/jpeg,104282,active,,"2025-07-28 13:05:23","2025-07-28 13:05:23"
AUH15055,3716,5183,5055,10,"17537079579497909626797350773153.jpg",birth_certificate_5183_0.jpg,"16wWZcQeUcgUWB2wjVhNocO8YzmuRe-6Y","1jF42Fep0BZYTN4uFhq38kv27jIouMgq3",0,image/jpeg,141511,active,,"2025-07-28 13:06:18","2025-07-28 13:06:18"
AUH16610,3717,6803,6610,8,z6343085624156_5333edc4c5acad278015223bd994688e.jpg,student_photo_6803_0.jpg,"1qyAmeB8yxEPz-l2lOH6a2RMkl1e26yio","19Y9wj0Jm34b9J7ULJeiJfSAzGZrWzcVC",0,image/jpeg,26789,active,,"2025-07-28 13:29:11","2025-07-28 13:29:11"
AUH16610,3719,6803,6610,6,z6768730669237_aecbbe519c4f28096edcd3c459f34b3d.jpg,transcript_1_6803_0.jpg,"1lqZUJ7zFm5HWM_684ENNZQoJmX5PGZom","19Y9wj0Jm34b9J7ULJeiJfSAzGZrWzcVC",0,image/jpeg,63179,active,,"2025-07-28 13:29:55","2025-07-28 13:29:55"
AUH16610,3720,6803,6610,6,z6768730672676_4ef642a43956e0861926ea283a907ba9.jpg,transcript_1_6803_0.jpg,"1iZt5lbBoiHLzcyEEsFVGZvL8PruRPCTi","19Y9wj0Jm34b9J7ULJeiJfSAzGZrWzcVC",0,image/jpeg,79797,active,,"2025-07-28 13:29:58","2025-07-28 13:29:58"
AUH16610,3721,6803,6610,6,z6768730674263_bf70833c68d2c96d49613691e41079f5.jpg,transcript_1_6803_1.jpg,"1t_3mtssigU9bMqUaXvyWmgTte7Q3cpkL","19Y9wj0Jm34b9J7ULJeiJfSAzGZrWzcVC",1,image/jpeg,115521,active,,"2025-07-28 13:30:01","2025-07-28 13:30:01"
AUH16610,3722,6803,6610,6,z6768730684126_27dcf3c8487380cae37fb9f1509373b3.jpg,transcript_1_6803_1.jpg,"1odHGk_e9hGCYfEi6zHRZd1LlmUHUzBfG","19Y9wj0Jm34b9J7ULJeiJfSAzGZrWzcVC",1,image/jpeg,105345,active,,"2025-07-28 13:30:03","2025-07-28 13:30:03"
AUH16610,3723,6803,6610,6,z6768730685805_28db3c4cce76f296faedc1d91a099404.jpg,transcript_1_6803_2.jpg,"1HxfPqLtXx26sFKhTl61Szf7ErLELSTIQ","19Y9wj0Jm34b9J7ULJeiJfSAzGZrWzcVC",2,image/jpeg,98692,active,,"2025-07-28 13:30:06","2025-07-28 13:30:06"
AUH16610,3724,6803,6610,6,z6768730691068_8ffd851c01918e243c6feeb6f2cc60a9.jpg,transcript_1_6803_3.jpg,"1PHOiVxcr78mYOQnYLMrW_6MlTSxXm4Ql","19Y9wj0Jm34b9J7ULJeiJfSAzGZrWzcVC",3,image/jpeg,85669,active,,"2025-07-28 13:30:10","2025-07-28 13:30:10"
AUH16610,3725,6803,6610,6,z6768730698720_e4ca96e28c4c94d84686888dc54c4932.jpg,transcript_1_6803_4.jpg,"1yLbVtdCiTUFj4WBSqOIYcvnlya7jsbW-","19Y9wj0Jm34b9J7ULJeiJfSAzGZrWzcVC",4,image/jpeg,103864,active,,"2025-07-28 13:30:17","2025-07-28 13:30:17"
AUH16610,3726,6803,6610,6,z6768730705883_f80b47f7705ec894ae0fc53890cf7481.jpg,transcript_1_6803_4.jpg,"1GBhSm-sCokLKPLxXWFng06mnlOoI6xf5","19Y9wj0Jm34b9J7ULJeiJfSAzGZrWzcVC",4,image/jpeg,87669,active,,"2025-07-28 13:30:18","2025-07-28 13:30:18"
AUH16610,3727,6803,6610,7,z6850329513385_ddfafb7efe796f5544a28195e34babf5.jpg,diploma_6803_0.jpg,"1DeqjEB5n9-3QHQu82AK6VaJ-Am7VPGos","19Y9wj0Jm34b9J7ULJeiJfSAzGZrWzcVC",0,image/jpeg,122444,active,,"2025-07-28 13:32:53","2025-07-28 13:32:53"
AUH16610,3728,6803,6610,10,z6850329523458_17ac99c6f3330a317369dc6dc568917a.jpg,birth_certificate_6803_0.jpg,"1-BVylYpdrQSUCTqouX9-ercXVF98Ks8-","19Y9wj0Jm34b9J7ULJeiJfSAzGZrWzcVC",0,image/jpeg,112413,active,,"2025-07-28 13:32:57","2025-07-28 13:32:57"
AUH15083,3739,5211,5083,8,IMG_1753716589218_1753716608162.jpg,student_photo_5211_0.jpg,"1DJceNW5pYNLnVssPcARMiAATLk32IWrp","1KaumvRi4XlzHZl6CETjNzG3zl-NMMNZS",0,image/jpeg,47043,active,,"2025-07-28 15:30:39","2025-07-28 15:30:39"
AUH15083,3741,5211,5083,7,"17537168012117497540706754722601.jpg",diploma_5211_0.jpg,"1TkNu4fhqOTVKbhVmCrImngn-6HnAXZz2","1KaumvRi4XlzHZl6CETjNzG3zl-NMMNZS",0,image/jpeg,148179,active,,"2025-07-28 15:33:53","2025-07-28 15:33:53"
AUH15083,3743,5211,5083,6,Học Bạ Phạm Anh Tuấn _1.jpg,transcript_1_5211_1.jpg,"16LUePgCZd3rs69ZEZ3dCjX9nJYvbh6Wa","1KaumvRi4XlzHZl6CETjNzG3zl-NMMNZS",1,image/jpeg,130853,active,,"2025-07-28 15:40:40","2025-07-28 15:40:40"
AUH15083,3744,5211,5083,6,Học Bạ Phạm Anh Tuấn _2.jpg,transcript_1_5211_2.jpg,"1rscBbsFSmKMOVQoMle6bHJpB2wFXhW7h","1KaumvRi4XlzHZl6CETjNzG3zl-NMMNZS",2,image/jpeg,147337,active,,"2025-07-28 15:41:05","2025-07-28 15:41:05"
AUH15083,3745,5211,5083,6,Học Bạ Phạm Anh Tuấn _4.jpg,transcript_1_5211_3.jpg,"1jzgF_CQ9VJJLtzbhTViKQjEXtzligZpo","1KaumvRi4XlzHZl6CETjNzG3zl-NMMNZS",3,image/jpeg,122534,active,,"2025-07-28 15:41:20","2025-07-28 15:41:20"
AUH15083,3747,5211,5083,6,Học Bạ Phạm Anh Tuấn _3.jpg,transcript_1_5211_4.jpg,"1vCQSWIC9fJZhhfOXP5oKbM0eW1-uoI63","1KaumvRi4XlzHZl6CETjNzG3zl-NMMNZS",4,image/jpeg,158665,active,,"2025-07-28 15:42:03","2025-07-28 15:42:03"
AUH15083,3748,5211,5083,6,Học Bạ Phạm Anh Tuấn _5.jpg,transcript_1_5211_4.jpg,"1hEmQjfjG15GKb2PdcvHuaOg6IM6lUTrZ","1KaumvRi4XlzHZl6CETjNzG3zl-NMMNZS",4,image/jpeg,111093,active,,"2025-07-28 15:42:03","2025-07-28 15:42:03"
AUH15083,3749,5211,5083,6,Học Bạ Phạm Anh Tuấn _7.jpg,transcript_1_5211_4.jpg,"1gOktEvBCfzTFTD8G84OZvkcLeyHAZNWI","1KaumvRi4XlzHZl6CETjNzG3zl-NMMNZS",4,image/jpeg,119570,active,,"2025-07-28 15:42:07","2025-07-28 15:42:07"
AUH15083,3750,5211,5083,6,Học Bạ Phạm Anh Tuấn _6.jpg,transcript_1_5211_5.jpg,"1sSIhIJNAhNqvMQW-wQn7Dm8scZfoZRBQ","1KaumvRi4XlzHZl6CETjNzG3zl-NMMNZS",5,image/jpeg,156046,active,,"2025-07-28 15:42:10","2025-07-28 15:42:10"
AUH15083,3751,5211,5083,10,Học Bạ Phạm Anh Tuấn _8.jpg,birth_certificate_5211_0.jpg,"1Y6zeRySSSTURHZmZKvP2B-6vGPpCdZs1","1KaumvRi4XlzHZl6CETjNzG3zl-NMMNZS",0,image/jpeg,103204,active,,"2025-07-28 15:43:33","2025-07-28 15:43:33"
AUH14956,3752,5084,4956,8,Đặng Minh Quang. Photo.jpg,student_photo_5084_0.jpg,"1cRom6N3dLxWqyvnAGQ82704ZvqLF8QNG","1H1uMudBFzNW9sqdppk1jHuQSNBksQv_R",0,image/jpeg,37170,active,,"2025-07-28 15:43:59","2025-07-28 15:43:59"
AUH15083,3753,5211,5083,9,Học Bạ Phạm Anh Tuấn _9.jpg,english_certificare_5211_0.jpg,"1BdYwYc20qln2F3dfMXsLkZIAvXcP1z5r","1KaumvRi4XlzHZl6CETjNzG3zl-NMMNZS",0,image/jpeg,176026,active,,"2025-07-28 15:46:20","2025-07-28 15:46:20"
AUH14956,3754,5084,4956,10,Đặng Minh Quang. Giấy khai sinh.jpg,birth_certificate_5084_0.jpg,"10c5jKf1ghpA6qFWou-k5PsIiJlLw6WhL","1H1uMudBFzNW9sqdppk1jHuQSNBksQv_R",0,image/jpeg,174823,active,,"2025-07-28 15:54:13","2025-07-28 15:54:13"
AUH14956,3755,5084,4956,6,"Đặng Minh Quang, Học bạ Lớp 12 (trang 1).jpg",transcript_1_5084_0.jpg,"1Nh_NOlneCrhWfd-dxl77eE3dFkZqFuP0","1H1uMudBFzNW9sqdppk1jHuQSNBksQv_R",0,image/jpeg,90330,active,,"2025-07-28 15:58:46","2025-07-28 15:58:46"
AUH14956,3756,5084,4956,7,Đặng Minh Quang. Giấy chứng nhận tốt nghiệp.jpg,diploma_5084_0.jpg,"1G-3qIaVpENyTRlpYVx6sV6BrouVmEKJt","1H1uMudBFzNW9sqdppk1jHuQSNBksQv_R",0,image/jpeg,77898,active,,"2025-07-28 16:00:12","2025-07-28 16:00:12"
AUH14956,3757,5084,4956,11,Đặng Minh Quang. MOS Certificate 2025.jpg,other_achievements_2_5084_0.jpg,"1EgOvp8NB6tHTKty-Zcu3_yO0kvRO2zpV","1H1uMudBFzNW9sqdppk1jHuQSNBksQv_R",0,image/jpeg,83225,active,,"2025-07-28 16:21:17","2025-07-28 16:21:17"
AUH15032,3763,5160,5032,10,giay khai sinh.jpg,birth_certificate_5160_0.jpg,"1twYtdMjPhFAMPDb27Z9Mv3gEKmPVQ15u","1w9gfZOY1AsfJ0iDzV-HZOsrO_G9-pVCn",0,image/jpeg,116905,active,,"2025-07-29 03:14:50","2025-07-29 03:14:50"
AUH15032,3764,5160,5032,8,"1.jpg",student_photo_5160_0.jpg,"1SQMhp8T9hRQgccPBCrNQRmD7Q-RUi8y9","1w9gfZOY1AsfJ0iDzV-HZOsrO_G9-pVCn",0,image/jpeg,14877,active,,"2025-07-29 03:15:32","2025-07-29 03:15:32"
AUH15032,3765,5160,5032,7,giay chung nhan.jpg,diploma_5160_0.jpg,"1qK2jklqLiH78PVHNomdQaaqrZHAz6MlP","1w9gfZOY1AsfJ0iDzV-HZOsrO_G9-pVCn",0,image/jpeg,107961,active,,"2025-07-29 03:15:39","2025-07-29 03:15:39"
AUH15032,3766,5160,5032,8,"2.jpg",student_photo_5160_1.jpg,"1mNMrqYb-ZZaMqYTHBB3qfVnClHmjwzRV","1w9gfZOY1AsfJ0iDzV-HZOsrO_G9-pVCn",1,image/jpeg,14504,active,,"2025-07-29 03:15:47","2025-07-29 03:15:47"
AUH15032,3767,5160,5032,6,"1.jpg",transcript_1_5160_0.jpg,"1e1Sj_OeW5Pn5dQhDHg8QJCt3lCA25wtR","1w9gfZOY1AsfJ0iDzV-HZOsrO_G9-pVCn",0,image/jpeg,49910,active,,"2025-07-29 03:21:31","2025-07-29 03:21:31"
AUH15032,3768,5160,5032,6,"2.jpg",transcript_1_5160_1.jpg,"1sV4BkIUyAdZwtG2yhg9z5qUr8oij0NMw","1w9gfZOY1AsfJ0iDzV-HZOsrO_G9-pVCn",1,image/jpeg,118833,active,,"2025-07-29 03:21:35","2025-07-29 03:21:35"
AUH15032,3769,5160,5032,6,"3.jpg",transcript_1_5160_2.jpg,"1nKQsSydK3tS_T1GqjwYrcv70oe9W6mt1","1w9gfZOY1AsfJ0iDzV-HZOsrO_G9-pVCn",2,image/jpeg,123261,active,,"2025-07-29 03:21:38","2025-07-29 03:21:38"
AUH15032,3770,5160,5032,6,"4.jpg",transcript_1_5160_2.jpg,"1rdI7PbQf40lHcbROfM34628BoT2kc_Yf","1w9gfZOY1AsfJ0iDzV-HZOsrO_G9-pVCn",2,image/jpeg,106973,active,,"2025-07-29 03:21:41","2025-07-29 03:21:41"
AUH15032,3771,5160,5032,6,"5.jpg",transcript_1_5160_3.jpg,"1YkA4Cvvsk9V8LsxouGGxLpafL2vbJ6V2","1w9gfZOY1AsfJ0iDzV-HZOsrO_G9-pVCn",3,image/jpeg,113720,active,,"2025-07-29 03:21:46","2025-07-29 03:21:46"
AUH15032,3772,5160,5032,6,"6.jpg",transcript_1_5160_4.jpg,"1n9JzroX_aSCUljpp82qRGobnNCoVr2No","1w9gfZOY1AsfJ0iDzV-HZOsrO_G9-pVCn",4,image/jpeg,100315,active,,"2025-07-29 03:21:50","2025-07-29 03:21:50"
AUH15032,3773,5160,5032,6,"7.jpg",transcript_1_5160_4.jpg,"1xwluoOoXoNGB6S_VXQ35O2KHkIsOMvcy","1w9gfZOY1AsfJ0iDzV-HZOsrO_G9-pVCn",4,image/jpeg,119168,active,,"2025-07-29 03:21:53","2025-07-29 03:21:53"
AUH15032,3774,5160,5032,6,"8.jpg",transcript_1_5160_5.jpg,"1SLlOmUAwD38NMF6lnhdmOPva7MXbT4WO","1w9gfZOY1AsfJ0iDzV-HZOsrO_G9-pVCn",5,image/jpeg,105276,active,,"2025-07-29 03:21:57","2025-07-29 03:21:57"
AUS15063,3775,5191,5063,6,_1.pdf,transcript_1_5191_0.pdf,"1mQB0_ByQYPTZxaKkwqtWBGtxzEmgyvoO","1DjdIVHBgVQWKzwR-WNwsxl5I3Sde99tL",0,application/pdf,2050348,active,,"2025-07-29 03:23:44","2025-07-29 03:23:44"
AUS15063,3776,5191,5063,11,"8963af62-2017-48b1-ac08-e1f0f09e0a3f (1).jpg",other_achievements_2_5191_0.jpg,"1hXMcYH4qjJNHvSIDGX5AkMgMZrB7dSgN","1DjdIVHBgVQWKzwR-WNwsxl5I3Sde99tL",0,image/jpeg,103733,active,,"2025-07-29 03:25:06","2025-07-29 03:25:06"
AUS15063,3777,5191,5063,7,chung nhan tot nghiep.jpg,diploma_5191_0.jpg,"1mkROMdq2optpoXsTOeDHowSPsbHyTvLc","1DjdIVHBgVQWKzwR-WNwsxl5I3Sde99tL",0,image/jpeg,93529,active,,"2025-07-29 03:25:21","2025-07-29 03:25:21"
AUS15092,3778,5220,5092,7,gen-h-z6851615542170_6e06ae84b997ee626e59f202a006ebf2.jpg,diploma_5220_0.jpg,"1_6JqndAQ2PfjBfONfmA2zUhCTAjt0Lci","1qEP1gqcDXUYMzIFhZY1L-5Kq3-yV7rFO",0,image/jpeg,49075,active,,"2025-07-29 03:42:01","2025-07-29 03:42:01"
AUS16135,3800,6316,6135,8,tải xuống.jpeg,student_photo_6316_0.jpeg,"1_1nZI8o10cxau4cbkdztiywUjTl_wf8w","1pV7uzjFpBTpzyAs1TZqf652pud6cs6L4",0,image/jpeg,25133,active,,"2025-07-29 06:24:45","2025-07-29 06:24:45"
AUS16135,3801,6316,6135,9,ChungChiNgoaiNgu.pdf,english_certificare_6316_0.pdf,"1oXrPI4y3un7J7WEyYLu9QwdgFiEYS4so","1pV7uzjFpBTpzyAs1TZqf652pud6cs6L4",0,application/pdf,1340374,active,,"2025-07-29 06:25:45","2025-07-29 06:25:45"
AUH15041,3802,5169,5041,8,IMG_3886.jpeg,student_photo_5169_0.jpeg,"15fSiAIeevWYlza_Eea1Iz2DVhSSpQ7EY","16eHEQsMtiMWb1VWiOOTMXMloxMsSKvjS",0,image/jpeg,75232,active,,"2025-07-29 06:45:53","2025-07-29 06:45:53"
AUH15041,3803,5169,5041,7,IMG_4878.jpeg,diploma_5169_0.jpeg,"1IB2OAO7Z8xsthmRnhcTlCxlwji9CClvd","16eHEQsMtiMWb1VWiOOTMXMloxMsSKvjS",0,image/jpeg,344166,active,,"2025-07-29 06:56:07","2025-07-29 06:56:07"
AUH15041,3805,5169,5041,10,IMG_4877.jpeg,birth_certificate_5169_0.jpeg,"1NYxfB9nUPzfDNtFK4TOfXeCAJVcI8oiZ","16eHEQsMtiMWb1VWiOOTMXMloxMsSKvjS",0,image/jpeg,309813,active,,"2025-07-29 06:58:23","2025-07-29 06:58:23"
AUH14956,3806,2564,4956,1,Minh Quang 2.jpg,id_card_front_2564_1.jpg,"1ywxJLTkK2xa17DZkCO24wo2hL2eAZzHF","1SnxS4TVr7PyF42xwClmhCoKxr6eOLBAF",1,image/jpeg,85242,active,,"2025-07-29 08:03:33","2025-07-29 08:03:33"
AUH14956,3807,2564,4956,2,Minh Quang.jpg,id_card_back_2564_1.jpg,"1Qv1qU_T-EzJdhkTcSdm_NwK97cJMmWtI","1SnxS4TVr7PyF42xwClmhCoKxr6eOLBAF",1,image/jpeg,111929,active,,"2025-07-29 08:03:34","2025-07-29 08:03:34"
AUH14889,3822,5017,4889,1,IMG_20250729_185308.jpg,id_card_front_5017_0.jpg,"16lz-5f5hD-UkYXTKSNoWE3jI3hgX4j8e","1bRhdUG2D7MWSaMLTL0a0XzAhLvbH9NHb",0,image/jpeg,84969,active,,"2025-07-29 11:54:33","2025-07-29 11:54:33"
AUH14889,3823,5017,4889,2,IMG_20250729_185350.jpg,id_card_back_5017_0.jpg,"1OEnOztaDAwtcyBSdhzDbsA4JZY5VDLxq","1bRhdUG2D7MWSaMLTL0a0XzAhLvbH9NHb",0,image/jpeg,101705,active,,"2025-07-29 11:54:46","2025-07-29 11:54:46"
AUH14889,3824,5017,4889,3,IMG_20250729_185224.jpg,transcript_5017_0.jpg,"173zzuonzjqbiFYl4g_jA0QZ9zyYTKtZF","1bRhdUG2D7MWSaMLTL0a0XzAhLvbH9NHb",0,image/jpeg,87093,active,,"2025-07-29 11:55:02","2025-07-29 11:55:02"
AUH14889,3825,5017,4889,5,IMG_20250729_185247.jpg,other_achievements_5017_0.jpg,"18jOApxk5SyuzflkbnqpywwuyGfEoaLgF","1bRhdUG2D7MWSaMLTL0a0XzAhLvbH9NHb",0,image/jpeg,90616,active,,"2025-07-29 11:55:12","2025-07-29 11:55:12"
AUS15049,3826,5177,5049,6,"825253dc-9c15-4eec-8ad1-3f31487511e8.jpg",transcript_1_5177_0.jpg,"1sLG8g3N4HxxPiKuogPI9VPFX1JEfhRgf","17vErJH8HUzxFOaLRVGaB4Z6DqpxqvtRk",0,image/jpeg,164255,active,,"2025-07-29 13:09:09","2025-07-29 13:09:09"
AUS15049,3827,5177,5049,6,"893b6b3b-9666-4934-9753-d7c2986ac470.jpg",transcript_1_5177_1.jpg,"13pWw7WGX4ReT0fljcBPs3O36qPx5ygtz","17vErJH8HUzxFOaLRVGaB4Z6DqpxqvtRk",1,image/jpeg,170719,active,,"2025-07-29 13:09:13","2025-07-29 13:09:13"
AUS15049,3828,5177,5049,6,"5de67d60-02a2-40ba-950b-01d680304c4d.jpg",transcript_1_5177_1.jpg,"1shHOi7uVWTWpp3VyGrdxZ7diiS9mh4_x","17vErJH8HUzxFOaLRVGaB4Z6DqpxqvtRk",1,image/jpeg,166693,active,,"2025-07-29 13:09:16","2025-07-29 13:09:16"
AUH110042,3829,10350,10042,8,"41 (1).jpg",student_photo_10350_0.jpg,"15sVXRldjVhTYP-9dXbw2k5T_wGx36UK8","1WKNaUa739UctEnBSEsa4eOdbs-S4npL_",0,image/jpeg,35954,active,,"2025-07-29 15:22:41","2025-07-29 15:22:41"
AUH110042,3830,10350,10042,7,"453abcfa-fd40-46cd-8152-089c4bad6ea6.jpg",diploma_10350_0.jpg,"17S9ZCcDeSKgiugaloSZSUiSXogB_vdRU","1WKNaUa739UctEnBSEsa4eOdbs-S4npL_",0,image/jpeg,106813,active,,"2025-07-29 15:22:59","2025-07-29 15:22:59"
AUH110042,3831,10350,10042,6,"9e63c91c-d6d5-400e-a94a-4cc4b047e5ef.jpg",transcript_1_10350_0.jpg,"15bo-YMiWYOH5kgqbutzjN58imaGWVNWd","1WKNaUa739UctEnBSEsa4eOdbs-S4npL_",0,image/jpeg,157470,active,,"2025-07-29 15:23:13","2025-07-29 15:23:13"
AUH110042,3832,10350,10042,6,cb708c55-ddee-4175-8c75-fc53e0b538be.jpg,transcript_1_10350_1.jpg,"1A_uhw4n23zuo2Kfjf3TOJYcN-55OFlRc","1WKNaUa739UctEnBSEsa4eOdbs-S4npL_",1,image/jpeg,160052,active,,"2025-07-29 15:23:33","2025-07-29 15:23:33"
AUH110042,3833,10350,10042,6,"9930a563-e542-416e-857f-dc0d32afb591.jpg",transcript_1_10350_2.jpg,"1dzqRMRr2ShZa1ol_KEZuZdMeTTB3bt5J","1WKNaUa739UctEnBSEsa4eOdbs-S4npL_",2,image/jpeg,152350,active,,"2025-07-29 15:23:50","2025-07-29 15:23:50"
AUH110042,3834,10350,10042,10,"6d624991-2a2b-49ef-a4ec-996838243f5c.jpg",birth_certificate_10350_0.jpg,"1jrkJ3Pamyqco5MrILSYJrr-rvixDzMMp","1WKNaUa739UctEnBSEsa4eOdbs-S4npL_",0,image/jpeg,132019,active,,"2025-07-29 15:24:13","2025-07-29 15:24:13"
AUH14961,3845,5089,4961,10,"20250728_214323.jpg",birth_certificate_5089_0.jpg,"1KZUJYwDuBsjuBCf7U_WpZuPMKiJE9_Vb","1whadEs0GqQV5I0RZ5xXHGEjbd4tJ9V4n",0,image/jpeg,51130,active,,"2025-07-29 20:11:26","2025-07-29 20:11:26"
AUS16135,3846,6316,6135,6,IMG20250730075647.jpg,transcript_1_6316_0.jpg,"1uhTXk8Hw3g0jv9eBlpe8m0y1EXjLUnHf","1pV7uzjFpBTpzyAs1TZqf652pud6cs6L4",0,image/jpeg,117192,active,,"2025-07-30 01:00:32","2025-07-30 01:00:32"
AUS16135,3847,6316,6135,6,IMG20250730075703.jpg,transcript_1_6316_1.jpg,"1Df8E_a6bu0XwlMfDQio1F82RnE7d-Vmr","1pV7uzjFpBTpzyAs1TZqf652pud6cs6L4",1,image/jpeg,111634,active,,"2025-07-30 01:00:41","2025-07-30 01:00:41"
AUS16135,3848,6316,6135,6,IMG20250730075729.jpg,transcript_1_6316_2.jpg,"1N2n-YgmEMhYSO0oIzaazbvNqFZnrSh3z","1pV7uzjFpBTpzyAs1TZqf652pud6cs6L4",2,image/jpeg,113781,active,,"2025-07-30 01:00:48","2025-07-30 01:00:48"
AUS16135,3849,6316,6135,6,IMG20250730075737.jpg,transcript_1_6316_2.jpg,"1GQknyv4XwvUNfCozfDdnDJQsPxKzQFM1","1pV7uzjFpBTpzyAs1TZqf652pud6cs6L4",2,image/jpeg,109027,active,,"2025-07-30 01:00:51","2025-07-30 01:00:51"
AUS16135,3850,6316,6135,6,IMG20250730075757.jpg,transcript_1_6316_3.jpg,"1T1tYY95dt9Uj-y0kaAI19cv9y9AdJL5-","1pV7uzjFpBTpzyAs1TZqf652pud6cs6L4",3,image/jpeg,119501,active,,"2025-07-30 01:00:55","2025-07-30 01:00:55"
AUS16135,3851,6316,6135,6,IMG20250730075814.jpg,transcript_1_6316_4.jpg,"12KvMnAG16GphQEWEmSq78KqPondSXpr-","1pV7uzjFpBTpzyAs1TZqf652pud6cs6L4",4,image/jpeg,111051,active,,"2025-07-30 01:00:59","2025-07-30 01:00:59"
AUS16135,3855,6316,6135,7,IMG20250730080220.jpg,diploma_6316_0.jpg,"1IGZibWUsuCSu5PgCmGxarC34B0J1tvez","1pV7uzjFpBTpzyAs1TZqf652pud6cs6L4",0,image/jpeg,81785,active,,"2025-07-30 01:02:36","2025-07-30 01:02:36"
AUS16135,3857,6316,6135,10,IMG20250730080423.jpg,birth_certificate_6316_0.jpg,"1FaIdvAtIUD7jR4_03XE9d566WB8ig_nf","1pV7uzjFpBTpzyAs1TZqf652pud6cs6L4",0,image/jpeg,106521,active,,"2025-07-30 01:04:44","2025-07-30 01:04:44"
AUS18192,3870,8439,8192,8,z6738759449333_4767d9b1dc5c8bd569834d21bf278983.jpg,student_photo_8439_0.jpg,"1i3um0tuDc3ScP7AUnb7vVnWo74ALQV8k","1tREGJwT4WCsErFs7fPuWjqsTcLiiDSch",0,image/jpeg,15901,active,,"2025-07-30 03:41:00","2025-07-30 03:41:00"
AUS18192,3871,8439,8192,7,z6855188411940_6da64909fcaed55e2dd1ab3624295db3.jpg,diploma_8439_0.jpg,"1-M1DcCoUiwttN9bI8bhCuhfDIOyrUMZ4","1tREGJwT4WCsErFs7fPuWjqsTcLiiDSch",0,image/jpeg,62236,active,,"2025-07-30 03:44:27","2025-07-30 03:44:27"
AUS18192,3872,8439,8192,10,z6855188827307_63fbc50cbcf38530332cf815303f4aa1.jpg,birth_certificate_8439_0.jpg,"1zogBMq_WRF5pFTE-BBZp5j-ph01ByA9W","1tREGJwT4WCsErFs7fPuWjqsTcLiiDSch",0,image/jpeg,105307,active,,"2025-07-30 03:44:40","2025-07-30 03:44:40"
AUS18192,3873,8439,8192,6,z6855189292021_691a9aa9bf3e51a21df55d5391fb1315.jpg,transcript_1_8439_0.jpg,"1_dT2izd2EIPrBB0202iiFR0tYiZ3-NR1","1tREGJwT4WCsErFs7fPuWjqsTcLiiDSch",0,image/jpeg,50771,active,,"2025-07-30 03:45:28","2025-07-30 03:45:28"
AUS18192,3874,8439,8192,6,z6855189292021_691a9aa9bf3e51a21df55d5391fb1315.jpg,transcript_1_8439_1.jpg,"1qfdHNslGyVXodgZALNDacnuKpyJABb_0","1tREGJwT4WCsErFs7fPuWjqsTcLiiDSch",1,image/jpeg,50771,active,,"2025-07-30 03:45:49","2025-07-30 03:45:49"
AUS18192,3875,8439,8192,6,z6855189318961_ae947fc701a8705516e790004edb7cb9.jpg,transcript_1_8439_2.jpg,"1B9UICfJ3lmNOI5ldUBIr6N34slyxS_Eg","1tREGJwT4WCsErFs7fPuWjqsTcLiiDSch",2,image/jpeg,91333,active,,"2025-07-30 03:45:55","2025-07-30 03:45:55"
AUS18192,3876,8439,8192,6,z6855189320792_6d3255233535c722999bdf663024bddc.jpg,transcript_1_8439_3.jpg,"10PK45yxkbJovw6gDZu_we5gRbDV1oWMt","1tREGJwT4WCsErFs7fPuWjqsTcLiiDSch",3,image/jpeg,99514,active,,"2025-07-30 03:46:03","2025-07-30 03:46:03"
AUS18192,3877,8439,8192,6,z6855189320430_64f326351cb5ddaf80dd908d8b867fde.jpg,transcript_1_8439_4.jpg,"13m4DriiBxYjVD24gd_UZf0KRTR4xASf2","1tREGJwT4WCsErFs7fPuWjqsTcLiiDSch",4,image/jpeg,92231,active,,"2025-07-30 03:46:08","2025-07-30 03:46:08"
AUS18192,3878,8439,8192,6,z6855189354125_7bd1b93d0e2b77aa6b7f4f44c81c6bfd.jpg,transcript_1_8439_5.jpg,"17qYrxiMgilRyS9rPiQpvDBWinsxcJvg6","1tREGJwT4WCsErFs7fPuWjqsTcLiiDSch",5,image/jpeg,56788,active,,"2025-07-30 03:46:32","2025-07-30 03:46:32"
AUS18192,3879,8439,8192,6,z6855189364819_2044536f27ccb780ffba30b5ad1db952.jpg,transcript_1_8439_6.jpg,"1zx3VpTPzaYb-UcSHka4ew4wzoBnbluxr","1tREGJwT4WCsErFs7fPuWjqsTcLiiDSch",6,image/jpeg,69355,active,,"2025-07-30 03:46:38","2025-07-30 03:46:38"
AUS18192,3881,8439,8192,6,z6855189362046_5be2042c79a17b86fc5e25b9e0f00768.jpg,transcript_1_8439_7.jpg,"1arvpIReShbRuRgm32AEybLr9CaC1Vzez","1tREGJwT4WCsErFs7fPuWjqsTcLiiDSch",7,image/jpeg,64568,active,,"2025-07-30 03:47:52","2025-07-30 03:47:52"
AUS18192,3882,8439,8192,6,z6855205287435_3870033c0b46e640b1f5028353a7dc48.jpg,transcript_1_8439_8.jpg,"1vmACoZxFOKRa8MfMoIrMJ2QPGGuFDLSR","1tREGJwT4WCsErFs7fPuWjqsTcLiiDSch",8,image/jpeg,66948,active,,"2025-07-30 03:48:04","2025-07-30 03:48:04"
AUH14969,3887,5097,4969,8,anhr long.jpg,student_photo_5097_0.jpg,"1F14AVQFabj_8VzU_wxlsTk85DDBL3_ky","1x5oXeVJBM5JVCd_jZdMPQnxtBORSbX9n",0,image/jpeg,43664,active,,"2025-07-30 05:22:44","2025-07-30 05:22:44"
AUH14969,3888,5097,4969,7,"7ec9d37623b1aaeff3a0.jpg",diploma_5097_0.jpg,"1bQ1eZC3S-Up8TQ48u1JDNbnZ22jxmJVf","1x5oXeVJBM5JVCd_jZdMPQnxtBORSbX9n",0,image/jpeg,60829,active,,"2025-07-30 05:23:26","2025-07-30 05:23:26"
AUH14969,3889,5097,4969,6,CH-07042025153308 (1).pdf,transcript_1_5097_0.pdf,"1a1HM7qvq-AVwOnY6mLQlydRfDRzLv6bS","1x5oXeVJBM5JVCd_jZdMPQnxtBORSbX9n",0,application/pdf,4698605,active,,"2025-07-30 05:25:11","2025-07-30 05:25:11"
AUH19118,3890,9392,9118,8,anh.JPG,student_photo_9392_0.JPG,"1cZuiHtaRzzjqlKmQN4bmQuZLAcUS1-yw","1HF422hTxY8ssMrWSWJDeXsE3e2PXQR3_",0,image/jpeg,27611,active,,"2025-07-30 05:26:17","2025-07-30 05:26:17"
AUH14969,3891,5097,4969,9,CH-10142024142507.pdf,english_certificare_5097_0.pdf,"1a58evQNOnOo5CMz0ym6xHo8UPuZFhrTb","1x5oXeVJBM5JVCd_jZdMPQnxtBORSbX9n",0,application/pdf,1474721,active,,"2025-07-30 05:28:04","2025-07-30 05:28:04"
AUH19118,3892,9392,9118,7,giấy chứng nhận tốt nghiệp thpt.pdf,diploma_9392_0.pdf,"1ab_3EltmYJaCoMYclKphYXlMz3H1x6Mc","1HF422hTxY8ssMrWSWJDeXsE3e2PXQR3_",0,application/pdf,413263,active,,"2025-07-30 05:31:05","2025-07-30 05:31:05"
AUH19118,3893,9392,9118,6,hocbaphamchihoang.pdf,transcript_1_9392_0.pdf,"1FyR1lbLu8JlFuSguQ1qcN30pCnZzot5t","1HF422hTxY8ssMrWSWJDeXsE3e2PXQR3_",0,application/pdf,5426876,active,,"2025-07-30 05:31:27","2025-07-30 05:31:27"
AUH19118,3894,9392,9118,10,giaykhaisinh.pdf,birth_certificate_9392_0.pdf,"18RfUc1oRLlaUuV-HsklVMHRWgrBLLN0i","1HF422hTxY8ssMrWSWJDeXsE3e2PXQR3_",0,application/pdf,1273116,active,,"2025-07-30 05:31:38","2025-07-30 05:31:38"
AUS15044,3895,5172,5044,8,"2222.JPG",student_photo_5172_0.JPG,"1RxlSWKu3hdK74PHmcvmfOySroTVMk8iJ","19hgBkrnfchENNtuRmxzPWP8IVtinijSY",0,image/jpeg,74989,active,,"2025-07-30 07:34:33","2025-07-30 07:34:33"
AUS15044,3896,5172,5044,7,IMG_2455.jpeg,diploma_5172_0.jpeg,"1jpM2KndwNu1tWTDWo_6yMrdFJcp6qX3G","19hgBkrnfchENNtuRmxzPWP8IVtinijSY",0,image/jpeg,157762,active,,"2025-07-30 07:37:00","2025-07-30 07:37:00"
AUS15044,3897,5172,5044,10,IMG_2457.jpeg,birth_certificate_5172_0.jpeg,"1TUOEncVK044wMONmpx8jraydUXOEURNZ","19hgBkrnfchENNtuRmxzPWP8IVtinijSY",0,image/jpeg,162183,active,,"2025-07-30 07:41:28","2025-07-30 07:41:28"
AUH14969,3904,5097,4969,10,"9023ebb13677bf29e666.jpg",birth_certificate_5097_0.jpg,"1iaKdZ1vrxWR51XDF4OxMAH0qeDu1qA51","1x5oXeVJBM5JVCd_jZdMPQnxtBORSbX9n",0,image/jpeg,108250,active,,"2025-07-30 08:45:51","2025-07-30 08:45:51"
AUH15075,3905,5203,5075,8,z6376605561801_9c484205286165d12abc0ee1518e8780.jpg,student_photo_5203_0.jpg,"1_oVIuEF3MZVPaZR-VIodjZxWAcsIqJKO","1RQh6UYn8YFpLjzyyeytKdD_YJSYCJvT2",0,image/jpeg,38880,active,,"2025-07-30 08:56:01","2025-07-30 08:56:01"
AUH15075,3906,5203,5075,6,TRUONG THPT Viet Nam - Ba Lan (ban hoan chinh).pdf,transcript_1_5203_0.pdf,"13fUmaS4RQwkN_PaTTh8mCEFwdIor3FkT","1RQh6UYn8YFpLjzyyeytKdD_YJSYCJvT2",0,application/pdf,3366604,active,,"2025-07-30 08:57:26","2025-07-30 08:57:26"
AUH15075,3907,5203,5075,7,bang tot nghiep tam thoi.pdf,diploma_5203_0.pdf,"1QxcP8OJyLjpqm2xwplvdr_AaSaX6cdnv","1RQh6UYn8YFpLjzyyeytKdD_YJSYCJvT2",0,application/pdf,285659,active,,"2025-07-30 08:59:24","2025-07-30 08:59:24"
AUH15075,3908,5203,5075,9,IELTS.pdf,english_certificare_5203_0.pdf,"1jaKxWMOb5KmcoeAM1X1hDsPW2XSBSCYD","1RQh6UYn8YFpLjzyyeytKdD_YJSYCJvT2",0,application/pdf,839218,active,,"2025-07-30 08:59:36","2025-07-30 08:59:36"
AUH15075,3909,5203,5075,10,giay khai sinh.pdf,birth_certificate_5203_0.pdf,"1_2nKAUO_h7ej_56r2CKF1EQ0V1A4Gi8r","1RQh6UYn8YFpLjzyyeytKdD_YJSYCJvT2",0,application/pdf,638892,active,,"2025-07-30 09:05:32","2025-07-30 09:05:32"
AUH15072,3916,5200,5072,6,Học bạ lớp 10 - Phạm Tiến Long.jfif,transcript_1_5200_0.jfif,"1OF_peyD4UJ_K6VYDstXePHNILjztfBg-","1jUWI5QO0kGSh721qGxORFLohnbhEjPV9",0,image/jpeg,101274,active,,"2025-07-30 09:45:41","2025-07-30 09:45:41"
AUH15072,3917,5200,5072,6,Học bạ lớp 11 - Phạm Tiến Long.jfif,transcript_1_5200_1.jfif,"1hFP6__8LfBhGx4JcvtrcZ8FBK1kExw4K","1jUWI5QO0kGSh721qGxORFLohnbhEjPV9",1,image/jpeg,99909,active,,"2025-07-30 09:45:52","2025-07-30 09:45:52"
AUH15072,3918,5200,5072,6,Học bạ lớp 12 - Phạm Tiến Long.jfif,transcript_1_5200_2.jfif,"1HZTdpKqZWxnqwi9eXG-dlqI8vRvC5Uak","1jUWI5QO0kGSh721qGxORFLohnbhEjPV9",2,image/jpeg,97390,active,,"2025-07-30 09:45:59","2025-07-30 09:45:59"
AUH15072,3920,5200,5072,11,Giải vàng Violympic Toán Cấp Thành Phố.jpg,other_achievements_2_5200_0.jpg,"1tH7IdmbevpQyTa9GXtFz2rK4X_4rcs4i","1jUWI5QO0kGSh721qGxORFLohnbhEjPV9",0,image/jpeg,77851,active,,"2025-07-30 09:48:32","2025-07-30 09:48:32"
AUH15072,3921,5200,5072,10,Giấy khai sinh - Long.jpg,birth_certificate_5200_0.jpg,"1veaKryzHhzlkSEtkI3gjWd8J_-SDgU0H","1jUWI5QO0kGSh721qGxORFLohnbhEjPV9",0,image/jpeg,174696,active,,"2025-07-30 09:51:43","2025-07-30 09:51:43"
AUH15072,3922,5200,5072,7,Giấy chứng nhận tốt nghiệp - Phạm Tiến Long.jpg,diploma_5200_0.jpg,"1gSj284ETWENm39bizLZgZXPwE9RJvI5x","1jUWI5QO0kGSh721qGxORFLohnbhEjPV9",0,image/jpeg,78382,active,,"2025-07-30 09:56:45","2025-07-30 09:56:45"
AUH14982,3923,5110,4982,8,"3N2A6810 (1).jpg",student_photo_5110_0.jpg,"1_ixJmGl-wNs80Gesbfqx_Tqa22g1aA5Q","1-cAitHCKbBDU6lUCKE4LdXX8f6Xdjp6Y",0,image/jpeg,37125,active,,"2025-07-30 09:57:23","2025-07-30 09:57:23"
AUH14982,3924,5110,4982,7,"8d27a640-53dc-449b-b9d0-4c34ea533dac.jpg",diploma_5110_0.jpg,"1ZLI3oXJn6Rv9BAc0QYeLvMgRJjvL_5Bz","1-cAitHCKbBDU6lUCKE4LdXX8f6Xdjp6Y",0,image/jpeg,91441,active,,"2025-07-30 09:59:17","2025-07-30 09:59:17"
AUH14982,3925,5110,4982,9,"1b2f33b5-edb1-4796-9b7f-8584e063fad1.jpg",english_certificare_5110_0.jpg,"1IfvlDhDw4UnJg7IjvfFeGgOIyNORfikZ","1-cAitHCKbBDU6lUCKE4LdXX8f6Xdjp6Y",0,image/jpeg,214343,active,,"2025-07-30 09:59:25","2025-07-30 09:59:25"
AUH14982,3926,5110,4982,10,e64e5659-b75c-4416-9ff8-1f03c2d5b5da.jpg,birth_certificate_5110_0.jpg,"1l3VkS3JSZrmoX70iacfYUqF9Ta001EdE","1-cAitHCKbBDU6lUCKE4LdXX8f6Xdjp6Y",0,image/jpeg,204116,active,,"2025-07-30 10:00:00","2025-07-30 10:00:00"
AUH15072,3927,5200,5072,8,Ảnh - Phạm Tiến Long.jpg,student_photo_5200_0.jpg,"1XKfnrQsgtNSTqx291dFWg38iUi2OUlzA","1jUWI5QO0kGSh721qGxORFLohnbhEjPV9",0,image/jpeg,89436,active,,"2025-07-30 10:00:58","2025-07-30 10:00:58"
AUH14982,3930,5110,4982,6,"9db039a8-e151-4ad3-800e-64f423cd1758.jpg",transcript_1_5110_0.jpg,"1zTtwsiWqKldoZDh86fob_DsW99_fe-cP","1-cAitHCKbBDU6lUCKE4LdXX8f6Xdjp6Y",0,image/jpeg,138692,active,,"2025-07-30 10:07:11","2025-07-30 10:07:11"
AUH14982,3931,5110,4982,6,"54d91929-f68a-4a84-8eb7-c99c141fca3c.jpg",transcript_1_5110_1.jpg,"19Fex1Mn4CP1SEF0CUHt8og2PQrM1-qXM","1-cAitHCKbBDU6lUCKE4LdXX8f6Xdjp6Y",1,image/jpeg,118482,active,,"2025-07-30 10:07:26","2025-07-30 10:07:26"
AUH14982,3932,5110,4982,6,"3650fee8-25a1-45fe-b0fb-08a2d8b3cb89.jpg",transcript_1_5110_2.jpg,"1Mdh0QpEApkW1KTzJFr0M76t_P7vOSps9","1-cAitHCKbBDU6lUCKE4LdXX8f6Xdjp6Y",2,image/jpeg,134271,active,,"2025-07-30 10:07:31","2025-07-30 10:07:31"
AUH14982,3933,5110,4982,6,cd5f96b7-607c-4668-a80b-0336ab419add.jpg,transcript_1_5110_3.jpg,"1SWdWTKIPAUsyuay7JrC9gh-h0soAA9kS","1-cAitHCKbBDU6lUCKE4LdXX8f6Xdjp6Y",3,image/jpeg,136964,active,,"2025-07-30 10:07:35","2025-07-30 10:07:35"
AUH14982,3934,5110,4982,6,d23c545f-c474-49e5-be48-9935f57dbac4.jpg,transcript_1_5110_4.jpg,"1EkW-X2vj0SOaCPv4FoBcPWO7pPHrNGE8","1-cAitHCKbBDU6lUCKE4LdXX8f6Xdjp6Y",4,image/jpeg,128168,active,,"2025-07-30 10:07:40","2025-07-30 10:07:40"
AUH14982,3935,5110,4982,6,"2ebe256c-23a0-4d4b-93ac-90b35ecb1b79.jpg",transcript_1_5110_5.jpg,"14mq3DfDIV3PvzQwYUdO3OQt7tXSrjGNZ","1-cAitHCKbBDU6lUCKE4LdXX8f6Xdjp6Y",5,image/jpeg,123153,active,,"2025-07-30 10:09:03","2025-07-30 10:09:03"
AUH15072,3936,2566,5072,1,PHẠM TIẾN LONG CCCD.jpg,id_card_front_2566_1.jpg,"13N77saL4KC6Tc1gtYZwnF7lW_P3-BogR","1e-95ivgoZltxirTiQUQfTNpS4c-TA5MA",1,image/jpeg,64175,active,,"2025-07-30 10:18:59","2025-07-30 10:18:59"
AUH15072,3937,2566,5072,2,PHẠM TIẾN LONG CCCD.jpg,id_card_back_2566_0.jpg,"1rsYcig1M0LPMKxalUTgormKMz7WX5uEj","1e-95ivgoZltxirTiQUQfTNpS4c-TA5MA",0,image/jpeg,64175,active,,"2025-07-30 10:19:00","2025-07-30 10:19:00"
AUH111165,3938,11493,11165,1,Messenger_creation_E990783F-BFF3-46E1-9F99-33C7B116C6B2.png,id_card_front_11493_0.png,"1b9no2qWWY2K1mRE6utFXhWLrDHTxet5A","1FukeiqMzmTx7zqZ4LGAodhy6viLGZ63c",0,image/png,1006104,active,,"2025-07-30 11:21:34","2025-07-30 11:21:34"
AUH111165,3939,11493,11165,2,Messenger_creation_D679AA8B-F961-4C6C-9091-DC7C4F308E39.png,id_card_back_11493_0.png,"1TiYF8ghBd19H4iBvypqdzIgHMDygQvAr","1FukeiqMzmTx7zqZ4LGAodhy6viLGZ63c",0,image/png,949850,active,,"2025-07-30 11:21:49","2025-07-30 11:21:49"
AUH111165,3940,11493,11165,4,Messenger_creation_19485143-A572-49B0-95AA-1FF2D7DEF909.jpeg,english_certificate_11493_0.jpeg,"1EMbyeL21uZRYcllmsD6JzFHioGrQnVgN","1FukeiqMzmTx7zqZ4LGAodhy6viLGZ63c",0,image/jpeg,113625,active,,"2025-07-30 11:24:24","2025-07-30 11:24:24"
AUH111165,3941,11493,11165,3,"12B_DAO NGOC BAO KHANH.pdf",transcript_11493_0.pdf,"16knSvMnYYezyUa_WadtkdPMXJOKY6VRC","1FukeiqMzmTx7zqZ4LGAodhy6viLGZ63c",0,application/pdf,3861864,active,,"2025-07-30 11:25:04","2025-07-30 11:25:04"
AUH19424,3962,9709,9424,8,"3×4.pdf",student_photo_9709_0.pdf,"1XY7zY37iQVLk0ZQPypAWPN7kObWNBiTy","1jk8bLqChUdfHEjMr6iVZEaztPi-0JJye",0,application/pdf,273454,active,,"2025-07-30 18:04:22","2025-07-30 18:04:22"
AUH19424,3963,9709,9424,6,Vũ Đức Trọng.pdf,transcript_1_9709_0.pdf,"13e8ugGW8HckW2eAtEj9tiKNAg8DC0kA1","1jk8bLqChUdfHEjMr6iVZEaztPi-0JJye",0,application/pdf,5903099,active,,"2025-07-30 18:06:55","2025-07-30 18:06:55"
AUH15439,3967,5580,5439,8,ảnh 3x4.jpg,student_photo_5580_0.jpg,"1zgUCQoZvi9_IKqH8WxQXzwcU5sfkpcPq","1pK985Gsaj31_M7NkFLHFszKHuSrVjaGI",0,image/jpeg,78717,active,,"2025-07-31 01:31:58","2025-07-31 01:31:58"
AUH15439,3968,5580,5439,7,chứng nhận tốt nghiệp.jpg,diploma_5580_0.jpg,"1WhKVtfmpi97qc9_8Y1e4x__g1uhm8Awm","1pK985Gsaj31_M7NkFLHFszKHuSrVjaGI",0,image/jpeg,58526,active,,"2025-07-31 01:32:58","2025-07-31 01:32:58"
AUH15439,3969,5580,5439,6,Học bạ trang bìa.jpg,transcript_1_5580_0.jpg,"1gpFd5skgE5K46LfjPf5Npd_KypkqNHBj","1pK985Gsaj31_M7NkFLHFszKHuSrVjaGI",0,image/jpeg,116468,active,,"2025-07-31 01:33:14","2025-07-31 01:33:14"
AUH15439,3970,5580,5439,6,Học bạ lớp 10.jpg,transcript_1_5580_1.jpg,"1tOGZ-5FNj_238_gfwHy3-0W947cj_Fe_","1pK985Gsaj31_M7NkFLHFszKHuSrVjaGI",1,image/jpeg,117598,active,,"2025-07-31 01:33:21","2025-07-31 01:33:21"
AUH15439,3971,5580,5439,6,Học bạ lớp 11.jpg,transcript_1_5580_2.jpg,"1Bd8IgTqacdyIyboRLGv3cCFHVIdHplSn","1pK985Gsaj31_M7NkFLHFszKHuSrVjaGI",2,image/jpeg,116046,active,,"2025-07-31 01:33:31","2025-07-31 01:33:31"
AUH15439,3972,5580,5439,6,Học bạ lớp 12.jpg,transcript_1_5580_3.jpg,"1S9BgIub_GdpDitgZCsybkogZ92kTxuIw","1pK985Gsaj31_M7NkFLHFszKHuSrVjaGI",3,image/jpeg,120165,active,,"2025-07-31 01:33:40","2025-07-31 01:33:40"
AUH15439,3973,5580,5439,9,IELTS.jpg,english_certificare_5580_0.jpg,"1AkzeG6yI2wXjaCjvvaXzp_0xmVoooe-U","1pK985Gsaj31_M7NkFLHFszKHuSrVjaGI",0,image/jpeg,140924,active,,"2025-07-31 01:33:51","2025-07-31 01:33:51"
AUH15439,3974,5580,5439,10,Giấy khai sinh.jpg,birth_certificate_5580_0.jpg,"1SudmXfZoaZ2W6jUSNwIBb4z-q9X1Xw_U","1pK985Gsaj31_M7NkFLHFszKHuSrVjaGI",0,image/jpeg,119161,active,,"2025-07-31 01:34:03","2025-07-31 01:34:03"
AUH15439,3975,5580,5439,11,Chứng nhận HSG.jpg,other_achievements_2_5580_0.jpg,"1uYc9OgE7v2P_0HY-UAtjogLtk9cvgxpn","1pK985Gsaj31_M7NkFLHFszKHuSrVjaGI",0,image/jpeg,181046,active,,"2025-07-31 01:34:21","2025-07-31 01:34:21"
AUH15083,3976,2566,5083,1,phạm anh tuấn cccd.jpg,id_card_front_2566_2.jpg,"1Uu-nBjmqkIv-2OWvqliayTyEfQwJYor0","1e-95ivgoZltxirTiQUQfTNpS4c-TA5MA",2,image/jpeg,52273,active,,"2025-07-31 01:53:19","2025-07-31 01:53:19"
AUH15083,3977,2566,5083,2,phạm anh tuấn cccd.jpg,id_card_back_2566_1.jpg,"1vzyHzo_jkXpSiUlPKoOyKdd5Q6AVnV25","1e-95ivgoZltxirTiQUQfTNpS4c-TA5MA",1,image/jpeg,52273,active,,"2025-07-31 01:53:19","2025-07-31 01:53:19"
AUH16171,3991,6358,6171,9,IELTS.pdf,english_certificare_6358_0.pdf,"1U1pfg_dmy8L0-2uMyZAXdFjKrxBkDiUj","1TTKmLx7ANGtqcaTR-z4Gyii6zThfn1YA",0,application/pdf,412123,active,,"2025-07-31 02:11:56","2025-07-31 02:11:56"
AUH16171,3998,6358,6171,6,HỌC BẠ.pdf,transcript_1_6358_0.pdf,"1WDGsdQnh-8I51vgls2PqVVhZYGd0lWZj","1TTKmLx7ANGtqcaTR-z4Gyii6zThfn1YA",0,application/pdf,1345729,active,,"2025-07-31 02:17:55","2025-07-31 02:17:55"
AUH16171,3999,6358,6171,10,giay khai sinh.jpg,birth_certificate_6358_0.jpg,"1V3TuVlkqOJmShzE0_-dY28U3lGS8oQMU","1TTKmLx7ANGtqcaTR-z4Gyii6zThfn1YA",0,image/jpeg,177745,active,,"2025-07-31 02:20:49","2025-07-31 02:20:49"
AUH16171,4000,6358,6171,7,bang tot nghiep.jpg,diploma_6358_0.jpg,"1rwftSIY17ZUhwwWy3GztAPBe8BgTyxaJ","1TTKmLx7ANGtqcaTR-z4Gyii6zThfn1YA",0,image/jpeg,69302,active,,"2025-07-31 02:21:15","2025-07-31 02:21:15"
AUH16171,4001,6358,6171,8,IMG_05431.jpg,student_photo_6358_0.jpg,"1w8Ahbzxkb5ic-8M57EyFUrXFLZPDcb-X","1TTKmLx7ANGtqcaTR-z4Gyii6zThfn1YA",0,image/jpeg,43520,active,,"2025-07-31 02:23:19","2025-07-31 02:23:19"
AUS110369,4002,10682,10369,7,"876E3241-07EB-4A1B-9AF4-344EBD98E862.jpeg",diploma_10682_0.jpeg,"1yu1eSaT_HWO-yE1G2rRdaBpjvdqsbwhN","1o906_34FiAe2ukZSywUIFXo1PAJY4LCl",0,image/jpeg,214635,active,,"2025-07-31 02:36:59","2025-07-31 02:36:59"
AUS110369,4003,10682,10369,10,"95DA5CD6-CF15-4AB4-96A1-0D6E61529561.jpeg",birth_certificate_10682_0.jpeg,"1qFkTdjgIqy5WyqLVSRFDLbZeOW0TJGFg","1o906_34FiAe2ukZSywUIFXo1PAJY4LCl",0,image/jpeg,200979,active,,"2025-07-31 02:39:33","2025-07-31 02:39:33"
AUH111555,4041,11895,11555,1,IMG_0919.jpeg,id_card_front_11895_0.jpeg,"1TZdBPTR03GgItXLG2smGARAYpY7VbP00","1XM3lUHttHKcM0mEOvx952AiSX8YKEChM",0,image/jpeg,374214,active,,"2025-07-31 13:50:20","2025-07-31 13:50:20"
AUH111555,4042,11895,11555,2,IMG_0920.jpeg,id_card_back_11895_0.jpeg,"1l5fgjiBbdLczK_yA0CjM0VYT_vZcgG89","1XM3lUHttHKcM0mEOvx952AiSX8YKEChM",0,image/jpeg,342551,active,,"2025-07-31 13:50:21","2025-07-31 13:50:21"
AUH111555,4043,11895,11555,3,"7_HS_THPT_HocBaHocSinh_VuDucAnh.pdf",transcript_11895_0.pdf,"1JBV9ZayjDRVPsU9OJNXjnoCqdP_Jap8w","1XM3lUHttHKcM0mEOvx952AiSX8YKEChM",0,application/pdf,177952,active,,"2025-07-31 13:50:51","2025-07-31 13:50:51"
AUS18002,4080,2557,8002,1,gia tú CC mặt trước.jpg,id_card_front_2557_0.jpg,"1xHIT8_aFNotYmDVdOlL_64zJ9eAiSZ-Y","1ihZpViBqXzHbhAvalj7mgEn5JZO5wxqi",0,image/jpeg,138531,active,,"2025-08-01 03:57:00","2025-08-01 03:57:00"
AUS18002,4081,2557,8002,2,gia tú CCCD mặt sau .jpg,id_card_back_2557_0.jpg,"1MKZDKRaMF6WzV74kwZveFL61MF3YgzbQ","1ihZpViBqXzHbhAvalj7mgEn5JZO5wxqi",0,image/jpeg,160899,active,,"2025-08-01 03:57:15","2025-08-01 03:57:15"
AUS18002,4082,2557,8002,6,"1.jpg",transcript_1_2557_0.jpg,"1AvbwArrWds1DP6EwFReW5KjcOlb_2IsN","1ihZpViBqXzHbhAvalj7mgEn5JZO5wxqi",0,image/jpeg,148614,active,,"2025-08-01 03:58:16","2025-08-01 03:58:16"
AUS18002,4084,2557,8002,4,ie gia tú.jpg,english_certificate_2557_0.jpg,"1xjrjuyG3x8E8sDQYgzdvs0CgVQYEEhHc","1ihZpViBqXzHbhAvalj7mgEn5JZO5wxqi",0,image/jpeg,175377,active,,"2025-08-01 03:58:38","2025-08-01 03:58:38"
AUS18002,4085,2557,8002,6,"2.jpg",transcript_1_2557_1.jpg,"1CCcJ8uWQcxRlRza2UKpbV8jbAAdPoJpf","1ihZpViBqXzHbhAvalj7mgEn5JZO5wxqi",1,image/jpeg,143260,active,,"2025-08-01 03:58:47","2025-08-01 03:58:47"
AUS18002,4086,2557,8002,6,"3.jpg",transcript_1_2557_2.jpg,"1ghjCKSEz25lUGD9RJTjWju0YxrKvIJ_N","1ihZpViBqXzHbhAvalj7mgEn5JZO5wxqi",2,image/jpeg,145385,active,,"2025-08-01 03:58:52","2025-08-01 03:58:52"
AUH111841,4099,12183,11841,1,C111BE70-40FA-498E-B779-5F619863381F.jpeg,id_card_front_12183_0.jpeg,"1-YrPg6eHDRIadpqzFzjRyQxQYgMh5-9J","14_p6kHY2Rn7ZgeyzcxPnCxM_dirOSz_x",0,image/jpeg,406186,active,,"2025-08-02 02:56:48","2025-08-02 02:56:48"
AUH111841,4100,12183,11841,2,F2D2EF01-6BE0-46CB-BCB4-C2509A7CEB99.jpeg,id_card_back_12183_0.jpeg,"1fLMIgXrzJeYNmWoubukBEeWM1HK5GHAj","14_p6kHY2Rn7ZgeyzcxPnCxM_dirOSz_x",0,image/jpeg,371038,active,,"2025-08-02 02:57:07","2025-08-02 02:57:07"
AUH111841,4101,12183,11841,3,E92DEA2F-85E6-47C1-9F4B-D71635E6D350.jpeg,transcript_12183_0.jpeg,"1GciVBDGUAt1vs7jVhHaSWQ-PqM8v7r9C","14_p6kHY2Rn7ZgeyzcxPnCxM_dirOSz_x",0,image/jpeg,215280,active,,"2025-08-02 02:58:15","2025-08-02 02:58:15"
AUH15099,4111,2566,5099,7,hà bảo châu giấy tn.jpg,diploma_2566_0.jpg,"1sqLGw7DwdmIDE-bGlgEQpYoQPy2Cjp43","1e-95ivgoZltxirTiQUQfTNpS4c-TA5MA",0,image/jpeg,81081,active,,"2025-08-02 08:51:25","2025-08-02 08:51:25"
AUH15099,4115,2566,5099,6,HBC HB1.jpg,transcript_1_2566_1.jpg,"1kP3Ygdqq56nkUQ1EGkTBbMFX8zl1DcP5","1e-95ivgoZltxirTiQUQfTNpS4c-TA5MA",1,image/jpeg,114162,active,,"2025-08-02 08:52:06","2025-08-02 08:52:06"
AUH15099,4116,2566,5099,6,HBC HB.jpg,transcript_1_2566_2.jpg,"1Zc9kfNPNAxKmuwJ9uDtJhEiiEy8gy1TH","1e-95ivgoZltxirTiQUQfTNpS4c-TA5MA",2,image/jpeg,106253,active,,"2025-08-02 08:52:11","2025-08-02 08:52:11"
AUH15099,4117,2566,5099,6,HBC HB2.jpg,transcript_1_2566_2.jpg,"1-si4-rsFnLbYbJqucjy75h8PAYIGofoU","1e-95ivgoZltxirTiQUQfTNpS4c-TA5MA",2,image/jpeg,104170,active,,"2025-08-02 08:52:14","2025-08-02 08:52:14"
AUH15099,4118,2566,5099,6,HBC HB3.jpg,transcript_1_2566_3.jpg,"1R_EL8RtA__T-ROdu7nbA3uIJxE1CnXKw","1e-95ivgoZltxirTiQUQfTNpS4c-TA5MA",3,image/jpeg,107416,active,,"2025-08-02 08:52:17","2025-08-02 08:52:17"
AUH15099,4119,2566,5099,6,HBC HB4.jpg,transcript_1_2566_3.jpg,"1jb-iBbkfxWBxJYMszSbT1Q86Niyn5VUU","1e-95ivgoZltxirTiQUQfTNpS4c-TA5MA",3,image/jpeg,111606,active,,"2025-08-02 08:52:19","2025-08-02 08:52:19"
AUH15099,4120,2566,5099,6,HBC HB5.jpg,transcript_1_2566_4.jpg,"1QNNq0gQoSaHNRpKzy0_pod2zYQ-NtTdE","1e-95ivgoZltxirTiQUQfTNpS4c-TA5MA",4,image/jpeg,106991,active,,"2025-08-02 08:52:23","2025-08-02 08:52:23"
AUH15099,4123,2566,5099,9,IELTS HBC.jpg,english_certificare_2566_0.jpg,"1L8eK9TrHkouZEbmNpaGHZzpouLFZTxZF","1e-95ivgoZltxirTiQUQfTNpS4c-TA5MA",0,image/jpeg,161700,active,,"2025-08-02 08:52:57","2025-08-02 08:52:57"
AUS17403,4154,7612,7403,1,cccd mặt trước.jpg,id_card_front_7612_0.jpg,"1XtSlgHQChkSuhqOT3OKts0joYclsv8M7","1_cfcOTQFPOFCIFQWtFA-roNeKe7hIUlm",0,image/jpeg,123410,active,,"2025-08-04 07:03:47","2025-08-04 07:03:47"
AUS17403,4155,7612,7403,3,học bạ 10.jpg,transcript_7612_0.jpg,"1qgP0VHYZMArbVcq0VsXAJaNZcR4-xzAl","1_cfcOTQFPOFCIFQWtFA-roNeKe7hIUlm",0,image/jpeg,127139,active,,"2025-08-04 07:04:16","2025-08-04 07:04:16"
AUS17403,4156,7612,7403,3,học bạ 11.jpg,transcript_7612_1.jpg,"1wq9EuvXXnhTV6LMh-f0_APe-JgnLfFCZ","1_cfcOTQFPOFCIFQWtFA-roNeKe7hIUlm",1,image/jpeg,125323,active,,"2025-08-04 07:04:21","2025-08-04 07:04:21"
AUS17403,4157,7612,7403,3,học bạ 12.jpg,transcript_7612_2.jpg,"1CYDDSg_FYqbQr9QfUTptEQ7Q4nk9EMh9","1_cfcOTQFPOFCIFQWtFA-roNeKe7hIUlm",2,image/jpeg,123885,active,,"2025-08-04 07:04:35","2025-08-04 07:04:35"
AUS17403,4158,7612,7403,2,cccd mặt sau.jpg,id_card_back_7612_0.jpg,"1C4DXQdgCgAPf-iTs0P2eme7OVIY55Zyv","1_cfcOTQFPOFCIFQWtFA-roNeKe7hIUlm",0,image/jpeg,159840,active,,"2025-08-04 07:09:54","2025-08-04 07:09:54"
AUH14990,4159,6510,4990,9,Ảnh màn hình 2025-08-04 lúc 14.24.15.png,english_certificare_6510_1.png,"1TD4ziNy4HgRFxxOgNYjGQx51bHMLyfim","1akC_s1O4UNh2Fiw8ragj5oNdO4s0OE_m",1,image/png,177429,active,,"2025-08-04 07:24:39","2025-08-04 07:24:39"
AUS111774,4160,12114,11774,1,IMG_3094.jpeg,id_card_front_12114_0.jpeg,"1pXrghS8KDjYduKGE6owKuAdnbpOJdBeQ","1cOs6vfDf16Ewanz2h1MaJnm8U7ayiqn9",0,image/jpeg,339376,active,,"2025-08-04 07:26:07","2025-08-04 07:26:07"
AUS111774,4161,12114,11774,2,IMG_2853.jpeg,id_card_back_12114_0.jpeg,"1QRYtGpy-2OGZtbDu7DiV0-UFDlkZrGyz","1cOs6vfDf16Ewanz2h1MaJnm8U7ayiqn9",0,image/jpeg,300367,active,,"2025-08-04 07:26:33","2025-08-04 07:26:33"
AUS111774,4162,12114,11774,3,IMG_2415.jpeg,transcript_12114_0.jpeg,"1Ck8armVkEtpfKPnB2hYN55B0fEzSAPQv","1cOs6vfDf16Ewanz2h1MaJnm8U7ayiqn9",0,image/jpeg,245360,active,,"2025-08-04 07:26:47","2025-08-04 07:26:47"
AUS110687,4202,11005,10687,1,IMG_1566.jpeg,id_card_front_11005_0.jpeg,"1PHbva6Yjs4vLY97odgcz1rZlgU7RFwVZ","1rNbwm4qr_dRL-s9KsAueOsSQHwI-aBdT",0,image/jpeg,274521,active,,"2025-08-06 03:17:24","2025-08-06 03:17:24"
AUS110687,4203,11005,10687,2,IMG_1567.jpeg,id_card_back_11005_0.jpeg,"1vTnHp3NFGBwNM7yCV6Pk9r5PKeHuYV4o","1rNbwm4qr_dRL-s9KsAueOsSQHwI-aBdT",0,image/jpeg,270094,active,,"2025-08-06 03:17:49","2025-08-06 03:17:49"
AUS110687,4204,11005,10687,3,IMG_0770.jpeg,transcript_11005_0.jpeg,"1Ggt8oaPsZb6PocFO8_eeTvcZTxCr16SG","1rNbwm4qr_dRL-s9KsAueOsSQHwI-aBdT",0,image/jpeg,221677,active,,"2025-08-06 03:21:26","2025-08-06 03:21:26"
AUH112917,4248,13276,12917,1,CamScanner 16-04-25 16.56_1.jpg,id_card_front_13276_0.jpg,"1MU373sKn7YKH9vJEyn6x6a2uEFgkQ8CZ","1nWc7gHvlNAMuqbYJSeytS35AQufYVmZ0",0,image/jpeg,207846,active,,"2025-08-06 15:20:14","2025-08-06 15:20:14"
AUH112917,4249,13276,12917,2,CamScanner 16-04-25 16.56_2.jpg,id_card_back_13276_0.jpg,"1k0Ycg4ZdWm5f5y_Ix2fd9XmAeg2QUF29","1nWc7gHvlNAMuqbYJSeytS35AQufYVmZ0",0,image/jpeg,165855,active,,"2025-08-06 15:20:17","2025-08-06 15:20:17"
AUH112917,4251,13276,12917,3,HỌC BẠ THPT CỦA NGUYỄN THỊ MỸ DUNG.pdf,transcript_13276_0.pdf,"16opLM4jlEILvkhCnlMDbjO7XsXqR0tBg","1nWc7gHvlNAMuqbYJSeytS35AQufYVmZ0",0,application/pdf,5024325,active,,"2025-08-06 15:28:41","2025-08-06 15:28:41"
AUH112969,4262,13329,12969,1,JPEG_20250807_091349_742802566879318484.jpg,id_card_front_13329_0.jpg,"1Oz1cJkB5bEWTIn6Ud0jM99eRP_goiYi8","12MFAKkzjWriqbXjyDUQUrylVUJaRdupC",0,image/jpeg,113395,active,,"2025-08-07 02:14:11","2025-08-07 02:14:11"
AUH112969,4263,13329,12969,2,JPEG_20250807_091408_6333782839866368437.jpg,id_card_back_13329_0.jpg,"1nYLdGoXm7_Va_Xaz4Zj_Nx4LWHSmo4sY","12MFAKkzjWriqbXjyDUQUrylVUJaRdupC",0,image/jpeg,97191,active,,"2025-08-07 02:14:26","2025-08-07 02:14:26"
AUH112969,4264,13329,12969,3,JPEG_20250807_091511_9088000311275493778.jpg,transcript_13329_0.jpg,"1krcpjElv9mPR5ADcRGzMphWlr-mqHakI","12MFAKkzjWriqbXjyDUQUrylVUJaRdupC",0,image/jpeg,119465,active,,"2025-08-07 02:15:40","2025-08-07 02:15:40"
AUH112969,4265,13329,12969,4,JPEG_20250807_091553_5266219585982361647.jpg,english_certificate_13329_0.jpg,"1dz0uBOrpGPJkuRSl9yKp_cz_BqNbkbHP","12MFAKkzjWriqbXjyDUQUrylVUJaRdupC",0,image/jpeg,129797,active,,"2025-08-07 02:16:14","2025-08-07 02:16:14"
AUH113020,4280,13380,13020,1,PhiTuanPhong_CCCD (2).png,id_card_front_13380_0.png,"1MNGaS16lvqbgwllued_58k2gkBdJ64aW","1X7WNzBWr6x7DWyomkfVz1yn81svMfjPN",0,image/png,64251,active,,"2025-08-07 07:58:36","2025-08-07 07:58:36"
AUH113020,4281,13380,13020,2,"17545535929036363280744622693592.jpg",id_card_back_13380_0.jpg,"1vm2lG1wRlsAdWS0E9sY5Wncx9AtSLQa-","1X7WNzBWr6x7DWyomkfVz1yn81svMfjPN",0,image/jpeg,179611,active,,"2025-08-07 08:00:34","2025-08-07 08:00:34"
AUH113020,4282,13380,13020,3,PhiTuanPhong_HocBa_Lop10.jpg,transcript_13380_0.jpg,"1rpA1co6ZKBttGQ9DQyjEfQpEuiVsSUxG","1X7WNzBWr6x7DWyomkfVz1yn81svMfjPN",0,image/jpeg,128448,active,,"2025-08-07 08:02:17","2025-08-07 08:02:17"
AUH113020,4283,13380,13020,3,PhiTuanPhong_HocBa_Lop11.jpg,transcript_13380_0.jpg,"18m9KN3IkOZ3gBEfwftS1mwpNPP4Jw8L7","1X7WNzBWr6x7DWyomkfVz1yn81svMfjPN",0,image/jpeg,118917,active,,"2025-08-07 08:02:20","2025-08-07 08:02:20"
AUH113020,4284,13380,13020,3,PhiTuanPhong_HocBa_Lop12.jpg,transcript_13380_1.jpg,"1XIjDz0JVY67D6T648VEUZ8TNDgsLL1fP","1X7WNzBWr6x7DWyomkfVz1yn81svMfjPN",1,image/jpeg,122310,active,,"2025-08-07 08:02:24","2025-08-07 08:02:24"
AUH113020,4285,13380,13020,4,IMG_20250807_150406.jpg,english_certificate_13380_0.jpg,"1_TnkwrnnO3jrBFrp9o_kSg3at-7t_FbR","1X7WNzBWr6x7DWyomkfVz1yn81svMfjPN",0,image/jpeg,249482,active,,"2025-08-07 08:04:59","2025-08-07 08:04:59"
AUH113031,4287,13392,13031,1,b341d8d3c70e1edba393e91051b5ebbb_Original.jpeg,id_card_front_13392_1.jpeg,"12p0KNmt8Lam314BNZ_Fg9OPm68EUvf0X","1QzDLYbh6-n4xjy5a7djxQn8FC5bzLGnm",1,image/jpeg,241584,active,,"2025-08-07 08:41:21","2025-08-07 08:41:21"
AUH113031,4288,13392,13031,2,ab7e35415978b1cd7c6400971eb80ac5_Original.jpeg,id_card_back_13392_0.jpeg,"1YVniU9x9OXdoBcS7l123N4UI_ckD4Vvw","1QzDLYbh6-n4xjy5a7djxQn8FC5bzLGnm",0,image/jpeg,271076,active,,"2025-08-07 08:41:37","2025-08-07 08:41:37"
AUH113031,4289,13392,13031,3,IMG_0012.jpeg,transcript_13392_0.jpeg,"1PrfZ9NYFrVLfoIYoLl5a3cVxmzLPE65S","1QzDLYbh6-n4xjy5a7djxQn8FC5bzLGnm",0,image/jpeg,248883,active,,"2025-08-07 08:43:53","2025-08-07 08:43:53"
AUH113031,4290,13392,13031,4,image.jpg,english_certificate_13392_0.jpg,"1wFGGDhraF8gu-vj95W6H1I_qZWAGuTbp","1QzDLYbh6-n4xjy5a7djxQn8FC5bzLGnm",0,image/jpeg,353429,active,,"2025-08-07 08:44:13","2025-08-07 08:44:13"
AUH113031,4291,13392,13031,5,image.jpg,other_achievements_13392_0.jpg,"1BG7qkWUrsR-hvflhlh3NOkFQhqgYjz06","1QzDLYbh6-n4xjy5a7djxQn8FC5bzLGnm",0,image/jpeg,214582,active,,"2025-08-07 08:46:18","2025-08-07 08:46:18"
AUH16578,4296,6771,6578,7,giay chung nhan tnthpt tam thoi cong chung.jpg,diploma_6771_0.jpg,"1A8l1Jn3rcBEVz2UK_KDvBmqkY7rXJwxV","1e4HIocwWQX_azCkPVi0J_JY9CdenXRXX",0,image/jpeg,104812,active,,"2025-08-07 09:40:51","2025-08-07 09:40:51"
AUH16578,4297,6771,6578,9,ai eo cong chung.jpg,english_certificare_6771_0.jpg,"13LdXFRUSM2CYvT9M1z-7TxDhu_K1ImQT","1e4HIocwWQX_azCkPVi0J_JY9CdenXRXX",0,image/jpeg,104812,active,,"2025-08-07 09:41:14","2025-08-07 09:41:14"
AUH16578,4298,6771,6578,6,hoc ba cong chung.pdf,transcript_1_6771_0.pdf,"1-dCfmk9Vd4DDaJXOBKII0M_2mps3nZa8","1e4HIocwWQX_azCkPVi0J_JY9CdenXRXX",0,application/pdf,8869538,active,,"2025-08-07 09:41:16","2025-08-07 09:41:16"
AUS19732,4308,10033,9732,7,giấy tn.pdf,diploma_10033_0.pdf,"1a8xfT1DEATywvHlQ9OvwnzhuRqADjo6n","1PDaHcLAShetFmgtbMCyHTLdcSCF0ePWZ",0,application/pdf,296212,active,,"2025-08-07 12:26:46","2025-08-07 12:26:46"
AUS19732,4309,10033,9732,6,học bạ.pdf,transcript_1_10033_0.pdf,"1FUrsyCBM9NwOwZjxCQgWhIaWUL7d8ayP","1PDaHcLAShetFmgtbMCyHTLdcSCF0ePWZ",0,application/pdf,1143995,active,,"2025-08-07 12:26:54","2025-08-07 12:26:54"
AUS112882,4322,13240,12882,1,JPEG_20250808_095846_378717637263425324.jpg,id_card_front_13240_0.jpg,"17w19mck5Zw7VOvGUaRCA6V013WGaWF_H","1QTH31BArh6nAsj78xd0_smMSYc9Tkyhv",0,image/jpeg,108480,active,,"2025-08-08 02:59:14","2025-08-08 02:59:14"
AUS112882,4323,13240,12882,2,JPEG_20250808_095910_2890141013875819383.jpg,id_card_back_13240_0.jpg,"1Y-m9tlDnSHxVJDPmQl1s0B87M9dqvSPu","1QTH31BArh6nAsj78xd0_smMSYc9Tkyhv",0,image/jpeg,143833,active,,"2025-08-08 02:59:25","2025-08-08 02:59:25"
AUS112882,4324,13240,12882,3,Screenshot_2025-06-02-13-58-35-03_c37d74246d9c81aa0bb824b57eaf7062.jpg,transcript_13240_0.jpg,"1UX5thEv7F9AUngl3a8Sfqtn-GN6bHita","1QTH31BArh6nAsj78xd0_smMSYc9Tkyhv",0,image/jpeg,72503,active,,"2025-08-08 03:02:27","2025-08-08 03:02:27"
AUS112882,4326,13240,12882,1,IMG20250505162206.jpg,id_card_front_13240_1.jpg,"1eQf_HvQAHM8nClTm8G8vjqXXX0ncsc4h","1QTH31BArh6nAsj78xd0_smMSYc9Tkyhv",1,image/jpeg,109084,active,,"2025-08-08 03:02:47","2025-08-08 03:02:47"
AUS112882,4327,13240,12882,2,IMG20250505162212.jpg,id_card_back_13240_2.jpg,"1XH_Jj8AX2gOyHKURxgadwh43CrWe-9gw","1QTH31BArh6nAsj78xd0_smMSYc9Tkyhv",2,image/jpeg,152880,active,,"2025-08-08 03:02:52","2025-08-08 03:02:52"
AUS112882,4328,13240,12882,3,Screenshot_2025-06-02-13-58-35-03_c37d74246d9c81aa0bb824b57eaf7062.jpg,transcript_13240_1.jpg,"1H-l6EE9qj1XFgL6kZCwPIajkHvUn2UdB","1QTH31BArh6nAsj78xd0_smMSYc9Tkyhv",1,image/jpeg,72503,active,,"2025-08-08 03:03:00","2025-08-08 03:03:00"
AUS111774,4338,12114,11774,7,"1IJPU7R17_7VF2DT.jpeg",diploma_12114_0.jpeg,"11oryznfTEAtmHK73kF2Yrq5dtwlzCw4n","1cOs6vfDf16Ewanz2h1MaJnm8U7ayiqn9",0,image/jpeg,279643,active,,"2025-08-08 06:04:51","2025-08-08 06:04:51"
AUS111774,4339,12114,11774,6,IMG_2416.jpeg,transcript_1_12114_0.jpeg,"1Pg61CU71E_otKWh8uI8efxkpKSr0vHKl","1cOs6vfDf16Ewanz2h1MaJnm8U7ayiqn9",0,image/jpeg,183092,active,,"2025-08-08 06:05:08","2025-08-08 06:05:08"
AUS111774,4340,12114,11774,6,IMG_2415.jpeg,transcript_1_12114_1.jpeg,"1UcVY9GadjrGgDwN812ncbsMwVS7XqhS4","1cOs6vfDf16Ewanz2h1MaJnm8U7ayiqn9",1,image/jpeg,245360,active,,"2025-08-08 06:05:21","2025-08-08 06:05:21"
AUS111774,4341,12114,11774,6,IMG_2414.jpeg,transcript_1_12114_2.jpeg,"16loVpSmSBks5yta5TpjUd9ieITxfXxfP","1cOs6vfDf16Ewanz2h1MaJnm8U7ayiqn9",2,image/jpeg,206711,active,,"2025-08-08 06:05:32","2025-08-08 06:05:32"
AUS111774,4342,12114,11774,6,IMG_2413.jpeg,transcript_1_12114_3.jpeg,"15jndA4IGmLUwyi77o24cxwLP5CvRKczT","1cOs6vfDf16Ewanz2h1MaJnm8U7ayiqn9",3,image/jpeg,256914,active,,"2025-08-08 06:05:43","2025-08-08 06:05:43"
AUS111774,4343,12114,11774,6,IMG_2412.jpeg,transcript_1_12114_4.jpeg,"1fojHQXrUwcOUpXfM8WrJu4MBY80Velxz","1cOs6vfDf16Ewanz2h1MaJnm8U7ayiqn9",4,image/jpeg,199861,active,,"2025-08-08 06:05:54","2025-08-08 06:05:54"
AUS111774,4344,12114,11774,6,IMG_2411.jpeg,transcript_1_12114_5.jpeg,"1nLcRxmfLLTi6CZouMiZ2dG1kkj0x3wJr","1cOs6vfDf16Ewanz2h1MaJnm8U7ayiqn9",5,image/jpeg,255886,active,,"2025-08-08 06:06:12","2025-08-08 06:06:12"
AUS111774,4345,12114,11774,6,IMG_2410.jpeg,transcript_1_12114_6.jpeg,"1WusV3-TrTbd7N3eWj5Quuf5k2N9ZGktg","1cOs6vfDf16Ewanz2h1MaJnm8U7ayiqn9",6,image/jpeg,228567,active,,"2025-08-08 06:06:24","2025-08-08 06:06:24"
AUS111774,4346,12114,11774,6,IMG_2409.jpeg,transcript_1_12114_7.jpeg,"13rjbNe6dB4u2RxgVQuTmegQ_BXPBMMYf","1cOs6vfDf16Ewanz2h1MaJnm8U7ayiqn9",7,image/jpeg,134974,active,,"2025-08-08 06:06:35","2025-08-08 06:06:35"
AUH19270,4393,9547,9270,1,CCCD_GiaBao_Truoc.jpg,id_card_front_9547_0.jpg,"1P1-GYD3lpfY9tTkc-Axw6VT2tmO95q6F","1BStiUgaAZYL7p8TYbN54t0SpDuQ6vRi1",0,image/jpeg,235814,active,,"2025-08-10 12:54:55","2025-08-10 12:54:55"
AUH19270,4394,9547,9270,2,CCCD_GiaBao_Sau.jpg,id_card_back_9547_0.jpg,"14iYxCmHeFx5_MiIdDTJu7qhc6eayw3WT","1BStiUgaAZYL7p8TYbN54t0SpDuQ6vRi1",0,image/jpeg,250072,active,,"2025-08-10 12:55:12","2025-08-10 12:55:12"
AUH19270,4395,9547,9270,3,Bang diem 12-GiaBao.jpg,transcript_9547_0.jpg,"1gGEUscdJFF9FGeZBeSJIEnWAoASWGy6m","1BStiUgaAZYL7p8TYbN54t0SpDuQ6vRi1",0,image/jpeg,99778,active,,"2025-08-10 12:57:25","2025-08-10 12:57:25"
AUH19270,4396,9547,9270,3,GiaBao_HSGioi_12.jpg,transcript_9547_1.jpg,"1N93FECzOdw8q5Yq0Nsn9w37CQg1vbJtS","1BStiUgaAZYL7p8TYbN54t0SpDuQ6vRi1",1,image/jpeg,201299,active,,"2025-08-10 13:07:52","2025-08-10 13:07:52"
AUH19270,4397,9547,9270,5,GiaBao_BongBanTruong_Ba.jpg,other_achievements_9547_0.jpg,"1sOCeTZTujqJOGigwg-H4uc8o6o5vOJ23","1BStiUgaAZYL7p8TYbN54t0SpDuQ6vRi1",0,image/jpeg,198191,active,,"2025-08-10 13:08:08","2025-08-10 13:08:08"
AUH19270,4398,9547,9270,5,GiaBao_Nhi_XayCauOThuoc.jpg,other_achievements_9547_1.jpg,"1hO6DHNImiQVD784zK71Ek0BhI1w1_D8x","1BStiUgaAZYL7p8TYbN54t0SpDuQ6vRi1",1,image/jpeg,98148,active,,"2025-08-10 13:08:18","2025-08-10 13:08:18"
AUH19270,4399,9547,9270,4,GiaBao_Temp_IELTS5.0.png,english_certificate_9547_0.png,"1rEr-I3i1HosYYQQPEX_OGTjreiIuQvKk","1BStiUgaAZYL7p8TYbN54t0SpDuQ6vRi1",0,image/png,100489,active,,"2025-08-10 13:14:10","2025-08-10 13:14:10"
AUS17389,4401,7598,7389,4,ielts.jpg,english_certificate_7598_0.jpg,"1Ed0BfYzkYNyG_oXqqtobcHIVXHunnh-3","1bKJkSqrQsPgtyXSg74Hc5Ys34oiITCaT",0,image/jpeg,156829,active,,"2025-08-10 14:42:15","2025-08-10 14:42:15"
AUS17389,4403,7598,7389,3,học bạ.pdf,transcript_7598_0.pdf,"1N4qaE_jBOoS3Aetipi7Wmy1AhlK2kLBT","1bKJkSqrQsPgtyXSg74Hc5Ys34oiITCaT",0,application/pdf,5452457,active,,"2025-08-10 14:46:16","2025-08-10 14:46:16"
AUS17389,4404,7598,7389,1,cccd mặt trước.jpg,id_card_front_7598_0.jpg,"1FqsF1D9nYogqNpBW8YaRy8Ouowcu4DQK","1bKJkSqrQsPgtyXSg74Hc5Ys34oiITCaT",0,image/jpeg,126577,active,,"2025-08-10 15:31:25","2025-08-10 15:31:25"
AUS17389,4405,7598,7389,2,cccd mặt sau.jpg,id_card_back_7598_0.jpg,"1ofNIff5OrgFzHp12dognCRKPl-t-pamO","1bKJkSqrQsPgtyXSg74Hc5Ys34oiITCaT",0,image/jpeg,127372,active,,"2025-08-10 15:31:27","2025-08-10 15:31:27"
AUS15019,4409,5147,5019,9,Ielts.pdf,english_certificare_5147_0.pdf,"1U5ZOxLa_1S1eTlre8q9JpBJmNmpXWVgi","15uQ2LJ10sfrrQxE7iYRq68GWrkfx6p5e",0,application/pdf,1017285,active,,"2025-08-11 03:19:50","2025-08-11 03:19:50"
AUH113330,4430,13698,13330,1,s1.jpg,id_card_front_13698_0.jpg,"1SdqGZxQ1qKKafLWJNqt6DNva8QLsDDrc","1jMeWUVYw4Oy-CYwG6Sqm0TYN89igwFRa",0,image/jpeg,109115,active,,"2025-08-11 07:55:42","2025-08-11 07:55:42"
AUH113330,4431,13698,13330,2,s2.jpg,id_card_back_13698_0.jpg,"14fNr2l33ZtdEF-DTnQttC-oXRJ2PVMtC","1jMeWUVYw4Oy-CYwG6Sqm0TYN89igwFRa",0,image/jpeg,119226,active,,"2025-08-11 07:55:47","2025-08-11 07:55:47"
AUH113330,4432,13698,13330,3,s3.jpg,transcript_13698_0.jpg,"1taPOFBYkNROA9vP4HLCzglVicqGC7z5a","1jMeWUVYw4Oy-CYwG6Sqm0TYN89igwFRa",0,image/jpeg,113470,active,,"2025-08-11 07:55:50","2025-08-11 07:55:50"
AUH113330,4433,13698,13330,5,s4.jpg,other_achievements_13698_0.jpg,"1zaw6a_er5Tv3sYnYFwYv8-8o4YalUSI-","1jMeWUVYw4Oy-CYwG6Sqm0TYN89igwFRa",0,image/jpeg,103007,active,,"2025-08-11 07:58:14","2025-08-11 07:58:14"
AUH15015,4437,5143,5015,7,f3bc9d8e-6707-4852-9ad7-7c8238fa6e5c (2).jpg,diploma_5143_0.jpg,"1PUp22hibXnr3kcj5sMoLpbJ6nEzfWvjV","1W2UjVXsdXsFjcvYRtK077xrWA-eFvZz_",0,image/jpeg,97566,active,,"2025-08-11 15:07:04","2025-08-11 15:07:04"
AUH15015,4438,5143,5015,6,"75d0772e-c567-48ec-920f-fd6c4f863333 (1).jpg",transcript_1_5143_0.jpg,"1PUQHmaTI56KDkcy3J2YqYKRGeuFpp-FH","1W2UjVXsdXsFjcvYRtK077xrWA-eFvZz_",0,image/jpeg,117385,active,,"2025-08-11 15:14:37","2025-08-11 15:14:37"
AUH15015,4440,5143,5015,6,ada2c836-54cd-4800-a2c3-6c7fb742643f (1).jpg,transcript_1_5143_2.jpg,"1NBHBgiEqbgUMU-sbyb8yg65BVx_goIxn","1W2UjVXsdXsFjcvYRtK077xrWA-eFvZz_",2,image/jpeg,120052,active,,"2025-08-11 15:14:53","2025-08-11 15:14:53"
AUH15015,4441,5143,5015,6,"10a8.jpg",transcript_1_5143_3.jpg,"1fawvgWmFaFQB8uPTGd5HOrN2gn-7QcPh","1W2UjVXsdXsFjcvYRtK077xrWA-eFvZz_",3,image/jpeg,122366,active,,"2025-08-11 15:18:52","2025-08-11 15:18:52"
AUH15015,4442,5143,5015,6,"1.jpg",transcript_1_5143_4.jpg,"17oS8PsYIdueNl_493riNmMQfzFCcdtaI","1W2UjVXsdXsFjcvYRtK077xrWA-eFvZz_",4,image/jpeg,120961,active,,"2025-08-11 15:21:58","2025-08-11 15:21:58"
AUH15015,4443,5143,5015,6,"2.jpg",transcript_1_5143_4.jpg,"1QSv9jztoNVQ9Gey6p69PiKXowgelSa1r","1W2UjVXsdXsFjcvYRtK077xrWA-eFvZz_",4,image/jpeg,126326,active,,"2025-08-11 15:22:02","2025-08-11 15:22:02"
AUH15015,4444,5143,5015,6,"3.jpg",transcript_1_5143_5.jpg,"1vn953Vd4K25OErbDxwz21PGM36VZBUek","1W2UjVXsdXsFjcvYRtK077xrWA-eFvZz_",5,image/jpeg,126326,active,,"2025-08-11 15:22:04","2025-08-11 15:22:04"
AUH15015,4445,5143,5015,6,"4.jpg",transcript_1_5143_5.jpg,"156eewKdB2Z_-Yb4ut3ADpXHdh0rFPpYl","1W2UjVXsdXsFjcvYRtK077xrWA-eFvZz_",5,image/jpeg,120769,active,,"2025-08-11 15:22:08","2025-08-11 15:22:08"
AUH15015,4446,5143,5015,9,"5f6a0acd-0785-4661-8b92-77a611f76616.jpg",english_certificare_5143_0.jpg,"1f37fhlrZzCJPcyyysvJZ658_NJgvOFHl","1W2UjVXsdXsFjcvYRtK077xrWA-eFvZz_",0,image/jpeg,212455,active,,"2025-08-11 15:22:28","2025-08-11 15:22:28"
AUS16804,4494,7000,6804,6,"10.pdf",transcript_1_7000_5.pdf,"18LdYVsWNbhOzsyQQZSUlWWSuRsK5evsr","1nVojJ7OIFzIvD7u7tE6sOTv4yWhb0Jmh",5,application/pdf,151119,active,,"2025-08-13 03:29:33","2025-08-13 03:29:33"
AUS16804,4495,7000,6804,6,"10-1.pdf",transcript_1_7000_6.pdf,"1eIT-KjkCcPjziKDz3Qna7mJ7VdvDj6xB","1nVojJ7OIFzIvD7u7tE6sOTv4yWhb0Jmh",6,application/pdf,525282,active,,"2025-08-13 03:30:03","2025-08-13 03:30:03"
AUS16804,4496,7000,6804,6,"11.pdf",transcript_1_7000_7.pdf,"1ltjkc_iNAsRAR5_1d2CHn10dpPg8y1lE","1nVojJ7OIFzIvD7u7tE6sOTv4yWhb0Jmh",7,application/pdf,643444,active,,"2025-08-13 03:30:12","2025-08-13 03:30:12"
AUS16804,4497,7000,6804,6,"11-1.pdf",transcript_1_7000_8.pdf,"1euNXMlb4R5NBqnz3duvIjs_1MzIaFLlG","1nVojJ7OIFzIvD7u7tE6sOTv4yWhb0Jmh",8,application/pdf,639196,active,,"2025-08-13 03:30:26","2025-08-13 03:30:26"
AUS16804,4498,7000,6804,6,"12.pdf",transcript_1_7000_9.pdf,"1Nyi-pqyeBNwDdJNCDPdxrZch8RgnZ_K-","1nVojJ7OIFzIvD7u7tE6sOTv4yWhb0Jmh",9,application/pdf,623581,active,,"2025-08-13 03:30:35","2025-08-13 03:30:35"
AUS16804,4499,7000,6804,6,"12-1.pdf",transcript_1_7000_10.pdf,"1BH_u_i73rVkeTATnWDIvMu0Lh6uTY-RX","1nVojJ7OIFzIvD7u7tE6sOTv4yWhb0Jmh",10,application/pdf,620224,active,,"2025-08-13 03:30:47","2025-08-13 03:30:47"
AUS16804,4504,7000,6804,7,"2025-08-13_040445.png",diploma_7000_0.png,"1I3ktNmsDwHSJgbioZxfl-JRkMC27h_26","1nVojJ7OIFzIvD7u7tE6sOTv4yWhb0Jmh",0,image/png,891352,active,,"2025-08-13 08:06:14","2025-08-13 08:06:14"
AUH113810,4524,14197,13810,4,chungchingoaingu.pdf,english_certificate_14197_0.pdf,"1KKPAqlOWVyrjn0uQY2jIhpV9jtpuoFct","1dRVoOLx-8Ig7I-OSkwMEV_3y7WdwC0PE",0,application/pdf,284170,active,,"2025-08-13 14:10:31","2025-08-13 14:10:31"
AUH113810,4525,14197,13810,3,CamScanner ⁨12-06-2025 09.26⁩.pdf,transcript_14197_0.pdf,"19IUQyevAP2nuE1nxbFgcJYEKSoqMASPN","1dRVoOLx-8Ig7I-OSkwMEV_3y7WdwC0PE",0,application/pdf,5766687,active,,"2025-08-13 14:20:25","2025-08-13 14:20:25"
AUH113810,4526,14197,13810,1,z6904165336609_43a35bae1e311279b91f1868409b342a.jpg,id_card_front_14197_0.jpg,"1IHkRO8xF3qZBwlaoZFRafTLheXzvVv85","1dRVoOLx-8Ig7I-OSkwMEV_3y7WdwC0PE",0,image/jpeg,165134,active,,"2025-08-13 14:28:03","2025-08-13 14:28:03"
AUH113810,4527,14197,13810,2,z6904165358387_5e05d1c673b408fcf09f35c8fed4d223.jpg,id_card_back_14197_0.jpg,"1ZJPcEdI6hzFDCNPlqspusVY06KMSPC99","1dRVoOLx-8Ig7I-OSkwMEV_3y7WdwC0PE",0,image/jpeg,180379,active,,"2025-08-13 14:28:04","2025-08-13 14:28:04"
AUH113810,4528,14197,13810,5,z6904164221383_0e4c4d7ee77a26854a5d471a6df5747c.jpg,other_achievements_14197_0.jpg,"1cDlBnDCQvBHGA7QrN1PJrX2cKrhpfuY4","1dRVoOLx-8Ig7I-OSkwMEV_3y7WdwC0PE",0,image/jpeg,137976,active,,"2025-08-13 14:28:08","2025-08-13 14:28:08"
AUH113803,4529,14190,13803,1,IMG_0611.jpeg,id_card_front_14190_0.jpeg,"1sN62qffI0JNQaZnBGPOzh95yahVgy3Ba","1bg3RuVLraO2D7MbhFNLaBYCdBz8_m3Sb",0,image/jpeg,219655,active,,"2025-08-14 02:08:44","2025-08-14 02:08:44"
AUH113803,4530,14190,13803,2,IMG_0612.jpeg,id_card_back_14190_0.jpeg,"19RaEqhIAv31nbIbD9HkNXuz259ShnhVK","1bg3RuVLraO2D7MbhFNLaBYCdBz8_m3Sb",0,image/jpeg,238475,active,,"2025-08-14 02:08:50","2025-08-14 02:08:50"
AUH113803,4531,14190,13803,3,IMG_0712.jpeg,transcript_14190_0.jpeg,"15AB_D72MdSCgbSrC_BdNKWJhqbgYTXL2","1bg3RuVLraO2D7MbhFNLaBYCdBz8_m3Sb",0,image/jpeg,118195,active,,"2025-08-14 02:09:01","2025-08-14 02:09:01"
AUH114359,4582,14762,14359,1,"17553685584025642365538308067437.jpg",id_card_front_14762_0.jpg,"1XC3ntfffpQcX4S8fqulrZLT7INFY8bDZ","1OHGjnbDgKsYXQ5nkKXuhs9Yk99L0yclh",0,image/jpeg,129573,active,,"2025-08-16 18:23:40","2025-08-16 18:23:40"
AUH114359,4583,14762,14359,2,"17553686180591236290423102815406.jpg",id_card_back_14762_0.jpg,"1RC1tOvMBtYITP3lSUEtuk7VJPcRq1-ki","1OHGjnbDgKsYXQ5nkKXuhs9Yk99L0yclh",0,image/jpeg,132694,active,,"2025-08-16 18:23:59","2025-08-16 18:23:59"
AUH114359,4584,14762,14359,3,"17553686831111957146245023113991.jpg",transcript_14762_0.jpg,"1C_WB1lT_RbPFjKoUUD9SSvFwmNCQXAq9","1OHGjnbDgKsYXQ5nkKXuhs9Yk99L0yclh",0,image/jpeg,125955,active,,"2025-08-16 18:25:01","2025-08-16 18:25:01"
AUH114359,4585,14762,14359,5,"17553687519727905090666932716326.jpg",other_achievements_14762_0.jpg,"1g_mDfX5WHCHdEe7rgrqa_rXfGRLVf_Oq","1OHGjnbDgKsYXQ5nkKXuhs9Yk99L0yclh",0,image/jpeg,108403,active,,"2025-08-16 18:26:18","2025-08-16 18:26:18"
AUH114359,4586,14762,14359,5,"17553687769023039137810724011653.jpg",other_achievements_14762_1.jpg,"1hQDtG6Ymka_H4Fr5e7ILWkDSisYPAOrh","1OHGjnbDgKsYXQ5nkKXuhs9Yk99L0yclh",1,image/jpeg,138154,active,,"2025-08-16 18:27:16","2025-08-16 18:27:16"
AUH114370,4587,14773,14370,1,Không Có Tiêu Đề33_20241206003720.png,id_card_front_14773_0.png,"1dAYbDB9Lx2ByIuuGsRYXEp7nAVXNQ9eA","1NN7AnzVi0l75KHiCM0u8xQIJFQOa9Z9l",0,image/png,1052717,active,,"2025-08-17 02:22:13","2025-08-17 02:22:13"
AUH114370,4588,14773,14370,2,Không Có Tiêu Đề33_20241206003720.png,id_card_back_14773_0.png,"1-KskPFvCjscfnqnaOT-mrDkvSRgKyBVn","1tJHE5qpm0npiJGIRi7gJIcyqy9nK2S0I",0,image/png,991860,active,,"2025-08-17 02:22:14","2025-08-17 02:22:14"
AUH114370,4589,14773,14370,3,IMG_20250727_141125.jpg,transcript_14773_0.jpg,"1ytB2CHzk_1iQQwuR4F9yLJTyccryf_0o","1tJHE5qpm0npiJGIRi7gJIcyqy9nK2S0I",0,image/jpeg,141028,active,,"2025-08-17 02:22:28","2025-08-17 02:22:28"
AUH113803,4590,14190,13803,7,image.jpg,diploma_14190_0.jpg,"1DHw9bdMgqQpf3hXNsB_csA4pRH9faFkt","1bg3RuVLraO2D7MbhFNLaBYCdBz8_m3Sb",0,image/jpeg,164571,active,,"2025-08-17 09:01:21","2025-08-17 09:01:21"
AUH113803,4591,14190,13803,6,image.jpg,transcript_1_14190_0.jpg,"1MjOh3KlpIpGCFri0wWEp_TN1rTFfqPFp","1bg3RuVLraO2D7MbhFNLaBYCdBz8_m3Sb",0,image/jpeg,180034,active,,"2025-08-17 09:01:52","2025-08-17 09:01:52"
AUH113803,4592,14190,13803,6,image.jpg,transcript_1_14190_1.jpg,"1A2FcJOhxIanQH4XndZVKS_VDROYQ7f5g","1bg3RuVLraO2D7MbhFNLaBYCdBz8_m3Sb",1,image/jpeg,182660,active,,"2025-08-17 09:02:13","2025-08-17 09:02:13"
AUH113803,4593,14190,13803,6,image.jpg,transcript_1_14190_2.jpg,"1z_Y2Mym4MKH6C3iYixZ-bfUQpZwiz-vG","1bg3RuVLraO2D7MbhFNLaBYCdBz8_m3Sb",2,image/jpeg,153215,active,,"2025-08-17 09:02:34","2025-08-17 09:02:34"
AUH114370,4594,14773,14370,4,IELTES.pdf,english_certificate_14773_0.pdf,"1xrdt7hsBei5NrzUzJ9BRum6tQN9rZdW8","1tJHE5qpm0npiJGIRi7gJIcyqy9nK2S0I",0,application/pdf,2084588,active,,"2025-08-17 09:12:39","2025-08-17 09:12:39"
AUH15007,4595,7856,5007,4,Ảnh chụp Màn hình 2025-08-18 lúc 09.11.02.png,english_certificate_7856_0.png,"1AMK-cS70bKIZcbH9yyRA-5i-dGkpRpTB","1BV_fUxCoBNpkjENA8vDqHs2ey8RWFivH",0,image/png,1797829,active,,"2025-08-18 02:17:06","2025-08-18 02:17:06"
AUH17034,4596,7234,7034,7,LMK_chungnhanTNTT.jpg,diploma_7234_0.jpg,"1mXjt8LT1IG0onkhUy26tvKNRztBwanj0","1Nw5lRXPM5PpS7qI8nOJW4SeYRQJjB9my",0,image/jpeg,211983,active,,"2025-08-18 07:14:44","2025-08-18 07:14:44"
AUH17034,4597,7234,7034,6,LMK_hocbaTHPT.pdf,transcript_1_7234_0.pdf,"1qFqFfgfS-JAMzMGec7AjCgB4ql55tuKv","1Nw5lRXPM5PpS7qI8nOJW4SeYRQJjB9my",0,application/pdf,6006835,active,,"2025-08-18 07:15:03","2025-08-18 07:15:03"
AUH17034,4598,7234,7034,9,Ielts 5.5.png,english_certificare_7234_0.png,"1NXNCpM4mTNXkKnWoazhJyHWdAXaoAcTu","1Nw5lRXPM5PpS7qI8nOJW4SeYRQJjB9my",0,image/png,71165,active,,"2025-08-18 07:15:20","2025-08-18 07:15:20"
AUH112969,4599,13329,12969,7,gen-h-z6919179296563_ba140ef6f32f065b95aa4441906897a4.jpg,diploma_13329_0.jpg,"1tNmEg4Bu9dfOEYiTij1QavO3zAVW9rTr","12MFAKkzjWriqbXjyDUQUrylVUJaRdupC",0,image/jpeg,64153,active,,"2025-08-18 07:45:35","2025-08-18 07:45:35"
AUH112969,4600,13329,12969,6,gen-h-z6919179299998_297ebdbbe27b143502469c795b880ccb.jpg,transcript_1_13329_0.jpg,"15xlQFGVETFKPH5Exak8S-uo40WpHFCsf","12MFAKkzjWriqbXjyDUQUrylVUJaRdupC",0,image/jpeg,89530,active,,"2025-08-18 07:46:02","2025-08-18 07:46:02"
AUH112969,4601,13329,12969,6,gen-h-z6919179382525_9460d5edbf8c5b7dab0e415816d71b45.jpg,transcript_1_13329_1.jpg,"1TTb66X1MFzSqXilZKBsyybrigVYBb_4A","12MFAKkzjWriqbXjyDUQUrylVUJaRdupC",1,image/jpeg,90874,active,,"2025-08-18 07:46:16","2025-08-18 07:46:16"
AUH112969,4602,13329,12969,6,gen-h-z6919179404004_722e00c8f0a80dae004eea16911f99f9.jpg,transcript_1_13329_2.jpg,"1CjVXOuwdGmOsBvN-fgTWPaXtTwZskZ-P","12MFAKkzjWriqbXjyDUQUrylVUJaRdupC",2,image/jpeg,88936,active,,"2025-08-18 07:46:23","2025-08-18 07:46:23"
AUH112969,4603,13329,12969,9,gen-h-z6919179380520_b48d497bd8e0fe4e2e5dcf36519c66bd.jpg,english_certificare_13329_0.jpg,"18JuOnMM4LHAZ_utCAiCOVvRgxePNTaYT","12MFAKkzjWriqbXjyDUQUrylVUJaRdupC",0,image/jpeg,116285,active,,"2025-08-18 07:46:58","2025-08-18 07:46:58"
AUH113330,4604,13698,13330,7,"20250819_091950.jpg",diploma_13698_0.jpg,"12fVbdAh-JP61KLa9FsqWr9xUrx9MbYQP","1jMeWUVYw4Oy-CYwG6Sqm0TYN89igwFRa",0,image/jpeg,81607,active,,"2025-08-19 02:22:19","2025-08-19 02:22:19"
AUH113330,4606,13698,13330,6,"20250819_092044.jpg",transcript_1_13698_0.jpg,"1EQ-Dg5NDk2nQMaONFxqCH7Usrdn-P-3S","1jMeWUVYw4Oy-CYwG6Sqm0TYN89igwFRa",0,image/jpeg,106898,active,,"2025-08-19 02:22:57","2025-08-19 02:22:57"
AUH113330,4607,13698,13330,6,"20250819_092050.jpg",transcript_1_13698_1.jpg,"1HCZKHFozi8Kp1r5bHmZZgsOo6mDwtyfF","1jMeWUVYw4Oy-CYwG6Sqm0TYN89igwFRa",1,image/jpeg,106208,active,,"2025-08-19 02:23:12","2025-08-19 02:23:12"
AUH113330,4608,13698,13330,6,"20250819_092055.jpg",transcript_1_13698_2.jpg,"1Z8K3oc7bXiQ3hr6PwJqzUnoFOwNRkTHV","1jMeWUVYw4Oy-CYwG6Sqm0TYN89igwFRa",2,image/jpeg,119463,active,,"2025-08-19 02:23:23","2025-08-19 02:23:23"
AUH113031,4626,13392,13031,9,"2.pdf",english_certificare_13392_0.pdf,"1P5mBz4gV-De6eUlUMwVmGVBtS3MUCRho","1QzDLYbh6-n4xjy5a7djxQn8FC5bzLGnm",0,application/pdf,1391580,active,,"2025-08-20 14:37:22","2025-08-20 14:37:22"
AUH113031,4627,13392,13031,11,IMG_0244.JPG,other_achievements_2_13392_0.JPG,"1eyNqtiJUfHLgL4TYeZAUikjQZiprdka5","1QzDLYbh6-n4xjy5a7djxQn8FC5bzLGnm",0,image/jpeg,124298,active,,"2025-08-20 14:43:41","2025-08-20 14:43:41"
AUH113031,4628,13392,13031,6,IMG_0249.JPG,transcript_1_13392_0.JPG,"1rxmYvsr895Pi4KNN737mNiTGONJEr3WQ","1QzDLYbh6-n4xjy5a7djxQn8FC5bzLGnm",0,image/jpeg,169703,active,,"2025-08-20 14:44:00","2025-08-20 14:44:00"
AUH113031,4629,13392,13031,6,IMG_0248.JPG,transcript_1_13392_0.JPG,"1b2dPcJKxXiBe-xzNq53C0jOnjezX_03j","1QzDLYbh6-n4xjy5a7djxQn8FC5bzLGnm",0,image/jpeg,215255,active,,"2025-08-20 14:44:03","2025-08-20 14:44:03"
AUH113031,4630,13392,13031,6,IMG_0247.JPG,transcript_1_13392_1.JPG,"14CXBCHLEeW422xlG9PFhK53qRFz0TMly","1QzDLYbh6-n4xjy5a7djxQn8FC5bzLGnm",1,image/jpeg,234339,active,,"2025-08-20 14:44:06","2025-08-20 14:44:06"
AUH113031,4631,13392,13031,7,IMG_0250.JPG,diploma_13392_0.JPG,"1ZlaH8s5qYAlt082D1jCoeUtzZyIN-S7X","1QzDLYbh6-n4xjy5a7djxQn8FC5bzLGnm",0,image/jpeg,134756,active,,"2025-08-20 14:44:12","2025-08-20 14:44:12"
AUS18517,4632,2557,8517,12,ngoc thống.jpg,other_achievements_1_2557_0.jpg,"1qxxdihsbsKv2lOxJOBV-ejOM8YY4q4oM","1XCaTEqgKLvuNvo2COIKNsaqiozfE4aik",0,image/jpeg,100394,active,,"2025-08-21 02:42:38","2025-08-21 02:42:38"
AUH113129,4640,13491,13129,1,z6228283615118_d5a322d500406d12291e62973743eaba.jpg,id_card_front_13491_0.jpg,"1RLbVKctR29XwLwzM_pqre1S8uC9rl1Ld","1tiHE1SfizewwYH4AsEQtoFBViTsf3WnQ",0,image/jpeg,137807,active,,"2025-08-21 09:01:17","2025-08-21 09:01:17"
AUH113129,4641,13491,13129,2,z6228283617491_1bbbce547fcb246e7e17b695b8e9e217.jpg,id_card_back_13491_0.jpg,"11wPMNw2-sN6qLWW1os0UHMBkbjN71GMl","1tiHE1SfizewwYH4AsEQtoFBViTsf3WnQ",0,image/jpeg,122235,active,,"2025-08-21 09:01:26","2025-08-21 09:01:26"
AUH113129,4642,13491,13129,4,z6930125850404_1c457821ac680dad4a6e0dd45b5e6cd5.jpg,english_certificate_13491_0.jpg,"1ANEbe4qeVjBUc2M4BNI7rgrApmPUooLs","1tiHE1SfizewwYH4AsEQtoFBViTsf3WnQ",0,image/jpeg,166289,active,,"2025-08-21 09:03:26","2025-08-21 09:03:26"
AUH113129,4643,13491,13129,3,z6930135687377_abaf311cac0592eac5c4f6c7f9cd5bec.jpg,transcript_13491_0.jpg,"1a5mYy78Xy4XV6zG82YahzHUuDRim9DWl","1tiHE1SfizewwYH4AsEQtoFBViTsf3WnQ",0,image/jpeg,114507,active,,"2025-08-21 09:05:52","2025-08-21 09:05:52"
AUS114723,4668,15137,14723,1,IMG_1667.jpeg,id_card_front_15137_0.jpeg,"1sqxGIjk4Z4Q7Xf4P5TMn4olwSrurvdL4","1tSJjaTOKbJs_as4igaQRhEpsSoeOLin2",0,image/jpeg,327397,active,,"2025-08-22 10:28:20","2025-08-22 10:28:20"
AUS114723,4669,15137,14723,2,IMG_1668.jpeg,id_card_back_15137_0.jpeg,"1KI4T_V0KdBfJcFsXZspHHCroCEJi-iDV","1tSJjaTOKbJs_as4igaQRhEpsSoeOLin2",0,image/jpeg,333078,active,,"2025-08-22 10:28:35","2025-08-22 10:28:35"
AUS114723,4670,15137,14723,3,IMG_5938.png,transcript_15137_0.png,"1d_UsamKe6GOK0W1CPyOoISWJ8nGMnHtx","1tSJjaTOKbJs_as4igaQRhEpsSoeOLin2",0,image/png,329758,active,,"2025-08-22 10:28:41","2025-08-22 10:28:41"
AUS114723,4671,15137,14723,4,IMG_5937.png,english_certificate_15137_0.png,"1JcROODZ7Vbjop8Luhdn0gJh29iDXc9Fg","1tSJjaTOKbJs_as4igaQRhEpsSoeOLin2",0,image/png,136061,active,,"2025-08-22 10:28:47","2025-08-22 10:28:47"
AUH115162,4694,15575,15162,1,MT.jpg,id_card_front_15575_0.jpg,"1J3nGaHG_9kFXpqJFe0WnE0ULE8_7VNRg","1MtpL3IXIJKxwXeip2Z7e_8JSoIGQYW-i",0,image/jpeg,111517,active,,"2025-08-22 15:52:07","2025-08-22 15:52:07"
AUH115162,4695,15575,15162,2,MS.jpg,id_card_back_15575_0.jpg,"1x3r6BGYwkwfOGnuPeg1yMdpQdoIN8k9f","1MtpL3IXIJKxwXeip2Z7e_8JSoIGQYW-i",0,image/jpeg,123605,active,,"2025-08-22 15:52:14","2025-08-22 15:52:14"
AUH115162,4696,15575,15162,3,học bạ lớp 12.pdf,transcript_15575_0.pdf,"1x9-ITM4_Og9EKGVDkfgGrXDcIoZ2Z7Wo","1MtpL3IXIJKxwXeip2Z7e_8JSoIGQYW-i",0,application/pdf,605186,active,,"2025-08-22 15:52:24","2025-08-22 15:52:24"
AUH115162,4697,15575,15162,4,ielts certificate.pdf,english_certificate_15575_0.pdf,"1fkOAcVsUqbhaCW_s7cNSkClut7BpHi2O","1MtpL3IXIJKxwXeip2Z7e_8JSoIGQYW-i",0,application/pdf,966461,active,,"2025-08-22 15:53:41","2025-08-22 15:53:41"
AUH115162,4698,15575,15162,5,Giấy chứng nhận DGTD 2025.pdf,other_achievements_15575_0.pdf,"1G-_4XVtQcNaenPCnwC079UXlc6D5X0Cr","1MtpL3IXIJKxwXeip2Z7e_8JSoIGQYW-i",0,application/pdf,462477,active,,"2025-08-22 15:54:03","2025-08-22 15:54:03"
AUS115249,4710,15662,15249,1,IMG_2932.jpeg,id_card_front_15662_0.jpeg,"1_yeQEeInNN42GcJ6IXpjMsQhSLGnBzvd","1fNXUwe0pQTbrBrjmE4DKKC0yeiHH9ujE",0,image/jpeg,130214,active,,"2025-08-23 02:50:43","2025-08-23 02:50:43"
AUS115249,4711,15662,15249,2,IMG_2933.jpeg,id_card_back_15662_0.jpeg,"1UX9qaWM9LZCNrq0u9XNzsn4K8zgU8LSJ","1fNXUwe0pQTbrBrjmE4DKKC0yeiHH9ujE",0,image/jpeg,141223,active,,"2025-08-23 02:50:46","2025-08-23 02:50:46"
AUS115249,4712,15662,15249,3,IMG_2928.jpeg,transcript_15662_0.jpeg,"1mM52R6XqmeIFS_78ig3lMctwwS9h8LhV","1fNXUwe0pQTbrBrjmE4DKKC0yeiHH9ujE",0,image/jpeg,237761,active,,"2025-08-23 02:50:55","2025-08-23 02:50:55"
AUS115249,4713,15662,15249,3,IMG_2929.jpeg,transcript_15662_1.jpeg,"18wxBxnW69E83beqTbghipaPhkhje4Mck","1fNXUwe0pQTbrBrjmE4DKKC0yeiHH9ujE",1,image/jpeg,238710,active,,"2025-08-23 02:51:00","2025-08-23 02:51:00"
AUS115249,4714,15662,15249,3,IMG_2931.jpeg,transcript_15662_2.jpeg,"1j75KJkxRl5itIyNddKyvAMphPbY9P1Ss","1fNXUwe0pQTbrBrjmE4DKKC0yeiHH9ujE",2,image/jpeg,249286,active,,"2025-08-23 02:51:05","2025-08-23 02:51:05"
AUH114370,4727,14773,14370,9,IELTES.pdf,english_certificare_14773_0.pdf,"18kogRpFf04zIVjzN0S_Iioa-blfNTnKl","1tJHE5qpm0npiJGIRi7gJIcyqy9nK2S0I",0,application/pdf,2084588,active,,"2025-08-23 03:47:20","2025-08-23 03:47:20"
AUH114370,4728,14773,14370,7,Student_Certificate-23-08-2025-10꞉37.pdf,diploma_14773_0.pdf,"1tsXUwux-Mz8UgUBqefTtjDboURRh_SjF","1tJHE5qpm0npiJGIRi7gJIcyqy9nK2S0I",0,application/pdf,473490,active,,"2025-08-23 03:50:28","2025-08-23 03:50:28"
AUH115118,4748,15531,15118,1,"17559341424144494926582168604965.jpg",id_card_front_15531_0.jpg,"1ZDuZHd4HC7HR2CSgr4LGRRO8xdeoPmba","1Shx1z8VSaSmLQjkZeVKM9Q_3Poi9yjE1",0,image/jpeg,87487,active,,"2025-08-23 07:29:45","2025-08-23 07:29:45"
AUH115118,4749,15531,15118,1,"17559341424144494926582168604965.jpg",id_card_front_15531_1.jpg,"1BWIGnx6pI3ImKVXOUoFrBswP9rcHpifW","1Shx1z8VSaSmLQjkZeVKM9Q_3Poi9yjE1",1,image/jpeg,87487,active,,"2025-08-23 07:31:05","2025-08-23 07:31:05"
AUH115118,4750,15531,15118,2,"17559342615303345512972911329577.jpg",id_card_back_15531_0.jpg,"1yFBLL12JORLz0AJvq0NHSW-C29VIDkvd","1Shx1z8VSaSmLQjkZeVKM9Q_3Poi9yjE1",0,image/jpeg,119270,active,,"2025-08-23 07:31:20","2025-08-23 07:31:20"
AUH115118,4751,15531,15118,3,"3fc5c351deeeed38.pdf",transcript_15531_0.pdf,"1GafE4dvHdZrp8pbXxrMwhaE4TKFm-_23","1Shx1z8VSaSmLQjkZeVKM9Q_3Poi9yjE1",0,application/pdf,4511170,active,,"2025-08-23 07:32:07","2025-08-23 07:32:07"
AUH115118,4763,15531,15118,7,IMG20250823160457.jpg,diploma_15531_0.jpg,"1nRBVxcts-aBY53CL4BVwyqON9sXFeOkw","1Shx1z8VSaSmLQjkZeVKM9Q_3Poi9yjE1",0,image/jpeg,86142,active,,"2025-08-23 09:07:15","2025-08-23 09:07:15"
AUH115118,4764,15531,15118,6,"3fc5c351deeeed38.pdf",transcript_1_15531_0.pdf,"1DrembRoS9hv5Cp3OoEKx3yGYgzXyw3Nw","1Shx1z8VSaSmLQjkZeVKM9Q_3Poi9yjE1",0,application/pdf,4511170,active,,"2025-08-23 09:07:16","2025-08-23 09:07:16"
AUH15022,4781,5150,5022,6,TapScanner 02-06-2025-16꞉04_20250602_160444_127_74.jpg,transcript_1_5150_0.jpg,"1LuLOtvHCbsh75_ZuA9dvNx28YRapUz9W","1_w-yYoeo46WKmp3Tdca3RF9KSlJQlViy",0,image/jpeg,102069,active,,"2025-08-23 11:29:35","2025-08-23 11:29:35"
AUH15022,4782,5150,5022,6,TapScanner 02-06-2025-16꞉04_20250602_160445_469_49.jpg,transcript_1_5150_1.jpg,"109UjbrkmcRU73Hj53nQRMYjvOOdsE0mt","1_w-yYoeo46WKmp3Tdca3RF9KSlJQlViy",1,image/jpeg,97000,active,,"2025-08-23 11:30:01","2025-08-23 11:30:01"
AUH15022,4783,5150,5022,6,TapScanner 02-06-2025-16꞉04_20250602_160445_469_49.jpg,transcript_1_5150_2.jpg,"1sjalzbpaKFR36hLt03aCYyrUieIusdvM","1_w-yYoeo46WKmp3Tdca3RF9KSlJQlViy",2,image/jpeg,97000,active,,"2025-08-23 11:31:29","2025-08-23 11:31:29"
AUH15022,4784,5150,5022,6,TapScanner 02-06-2025-16꞉04_20250602_160445_263_52.jpg,transcript_1_5150_3.jpg,"1enEzmWLAybDgyNIqu7freI6Jx0tWhRoZ","1_w-yYoeo46WKmp3Tdca3RF9KSlJQlViy",3,image/jpeg,115849,active,,"2025-08-23 11:31:36","2025-08-23 11:31:36"
AUH15022,4785,5150,5022,6,TapScanner 02-06-2025-16꞉04_20250602_160445_052_17.jpg,transcript_1_5150_4.jpg,"1Td4Myql_LGc4_-QLtTuJ9Z1FgSczUtll","1_w-yYoeo46WKmp3Tdca3RF9KSlJQlViy",4,image/jpeg,110546,active,,"2025-08-23 11:31:40","2025-08-23 11:31:40"
AUH15022,4786,5150,5022,6,TapScanner 02-06-2025-16꞉04_20250602_160444_830_51.jpg,transcript_1_5150_5.jpg,"1YIrBYxP2Ph27Vh7Y05Vquen6hXwKt8Rx","1_w-yYoeo46WKmp3Tdca3RF9KSlJQlViy",5,image/jpeg,126013,active,,"2025-08-23 11:31:46","2025-08-23 11:31:46"
AUH15022,4787,5150,5022,6,TapScanner 02-06-2025-16꞉04_20250602_160444_620_76.jpg,transcript_1_5150_6.jpg,"1Ktuhjhtf_tzBQ-qC2t_JDrO0ay0sHQtz","1_w-yYoeo46WKmp3Tdca3RF9KSlJQlViy",6,image/jpeg,118918,active,,"2025-08-23 11:31:53","2025-08-23 11:31:53"
AUH15022,4788,5150,5022,6,TapScanner 02-06-2025-16꞉04_20250602_160444_431_47.jpg,transcript_1_5150_6.jpg,"1ccInwGWe0AVcXNWIc7Vj_WBs082vflhm","1_w-yYoeo46WKmp3Tdca3RF9KSlJQlViy",6,image/jpeg,135548,active,,"2025-08-23 11:31:56","2025-08-23 11:31:56"
AUH15022,4789,5150,5022,6,TapScanner 02-06-2025-16꞉04_20250602_160444_127_74.jpg,transcript_1_5150_7.jpg,"1d-WRxCRNn_PKTicDj7OwcSmhicxYOQc6","1_w-yYoeo46WKmp3Tdca3RF9KSlJQlViy",7,image/jpeg,102069,active,,"2025-08-23 11:32:00","2025-08-23 11:32:00"
AUH15022,4792,5150,5022,7,TapScanner 02-06-2025-16꞉04_20250602_160444_127_74.jpg,diploma_5150_0.jpg,"1B0NX8Jt9XTKwNK521vlN7g5H7lVDVJ48","1_w-yYoeo46WKmp3Tdca3RF9KSlJQlViy",0,image/jpeg,102069,active,,"2025-08-23 11:49:59","2025-08-23 11:49:59"
AUH15022,4793,5150,5022,7,IMG_20250823_184945.jpg,diploma_5150_1.jpg,"1yjxCZ7Mo9ShzejqvkbVOuthQ9zGGFNSn","1_w-yYoeo46WKmp3Tdca3RF9KSlJQlViy",1,image/jpeg,64768,active,,"2025-08-23 11:50:17","2025-08-23 11:50:17"
AUH15061,4813,5189,5061,7,CamScanner 23-08-2025 21.15.jpg,diploma_5189_0.jpg,"1Ls4tl_p6B4W4-noDzseDE5B6F9ItnjB5","1cNqVCeWbGK5xKQOAL4B1Da-9M5g2l13L",0,image/jpeg,214732,active,,"2025-08-23 14:31:38","2025-08-23 14:31:38"
AUH15061,4820,5189,5061,6,"1000011667.jpg",transcript_1_5189_0.jpg,"1n_ikSwmZMWd-QCLV9jy9Wp4OwUPC1hHU","1cNqVCeWbGK5xKQOAL4B1Da-9M5g2l13L",0,image/jpeg,93842,active,,"2025-08-23 14:37:49","2025-08-23 14:37:49"
AUH15061,4821,5189,5061,6,"1000011666.jpg",transcript_1_5189_1.jpg,"1KiWc6dBp2Z6I0MceVMHc461RijZNgZvU","1cNqVCeWbGK5xKQOAL4B1Da-9M5g2l13L",1,image/jpeg,139806,active,,"2025-08-23 14:37:55","2025-08-23 14:37:55"
AUH15061,4822,5189,5061,6,"1000011665.jpg",transcript_1_5189_2.jpg,"1rqmmYYRSYmiEfFiBpGl9lSzW9vLChJLe","1cNqVCeWbGK5xKQOAL4B1Da-9M5g2l13L",2,image/jpeg,124004,active,,"2025-08-23 14:38:05","2025-08-23 14:38:05"
AUH15061,4823,5189,5061,6,"1000011664.jpg",transcript_1_5189_3.jpg,"1X0mIXilWOP90oPJ1X_wnm4bZu_RkPvKL","1cNqVCeWbGK5xKQOAL4B1Da-9M5g2l13L",3,image/jpeg,138882,active,,"2025-08-23 14:38:16","2025-08-23 14:38:16"
AUH15061,4824,5189,5061,6,"1000011663.jpg",transcript_1_5189_4.jpg,"1IRdwkKc6fu3UmF63o1Aul1auOciVrhCb","1cNqVCeWbGK5xKQOAL4B1Da-9M5g2l13L",4,image/jpeg,110989,active,,"2025-08-23 14:38:35","2025-08-23 14:38:35"
AUH15061,4825,5189,5061,6,"1000011662.jpg",transcript_1_5189_5.jpg,"19mYku-aXFInFBtrPuhEXBV3nQ4i45a6q","1cNqVCeWbGK5xKQOAL4B1Da-9M5g2l13L",5,image/jpeg,124556,active,,"2025-08-23 14:38:42","2025-08-23 14:38:42"
AUH15061,4826,5189,5061,6,"1000011661.jpg",transcript_1_5189_6.jpg,"1xSpoDEB5LOQ0FPjEwCAZv2z3qkxgvYXE","1cNqVCeWbGK5xKQOAL4B1Da-9M5g2l13L",6,image/jpeg,112229,active,,"2025-08-23 14:38:46","2025-08-23 14:38:46"
AUH15061,4827,5189,5061,9,"1000011673.jpg",english_certificare_5189_0.jpg,"1Y3dpWGHpgwhJ-7HAqAdus0onhEufWL2s","1cNqVCeWbGK5xKQOAL4B1Da-9M5g2l13L",0,image/jpeg,241341,active,,"2025-08-23 14:47:51","2025-08-23 14:47:51"
AUH15061,4828,5189,5061,9,"1000011672.jpg",english_certificare_5189_1.jpg,"1Sy9lEk-6A37cqGiaJKxYDBOhIIpkKIje","1cNqVCeWbGK5xKQOAL4B1Da-9M5g2l13L",1,image/jpeg,143875,active,,"2025-08-23 14:47:59","2025-08-23 14:47:59"
AUH15061,4829,5189,5061,12,"1000011675.jpg",other_achievements_1_5189_0.jpg,"1FxLkNFjjBYJ_rnZvd2Gzx7hzC2gBbWrc","1cNqVCeWbGK5xKQOAL4B1Da-9M5g2l13L",0,image/jpeg,145662,active,,"2025-08-23 14:56:31","2025-08-23 14:56:31"
AUH15061,4830,5189,5061,12,"1000011674.jpg",other_achievements_1_5189_1.jpg,"1FBrMYxH0BPEJn3mjGTN5gkbVnJosYsHX","1cNqVCeWbGK5xKQOAL4B1Da-9M5g2l13L",1,image/jpeg,193624,active,,"2025-08-23 14:56:41","2025-08-23 14:56:41"
AUH115162,4839,15575,15162,7,Giấy chứng nhận TN.pdf,diploma_15575_0.pdf,"1fBzxYJaJuAeY2xdUeBsYSI2cuCUEnoKz","1MtpL3IXIJKxwXeip2Z7e_8JSoIGQYW-i",0,application/pdf,430429,active,,"2025-08-23 15:35:41","2025-08-23 15:35:41"
AUH115162,4840,15575,15162,6,Học bạ THPT.pdf,transcript_1_15575_0.pdf,"1SzNns4o_JVDnmlkdXaI4zOGnNxP72Xxb","1MtpL3IXIJKxwXeip2Z7e_8JSoIGQYW-i",0,application/pdf,4355197,active,,"2025-08-23 15:41:39","2025-08-23 15:41:39"
AUH115162,4841,15575,15162,9,ielts certificate.pdf,english_certificare_15575_0.pdf,"1wg339Zsu8MXGX_Awcr5WwHspqFsXshr6","1MtpL3IXIJKxwXeip2Z7e_8JSoIGQYW-i",0,application/pdf,966461,active,,"2025-08-23 15:41:49","2025-08-23 15:41:49"
AUH115162,4842,15575,15162,11,Giấy chứng nhận DGTD 2025.pdf,other_achievements_2_15575_0.pdf,"1wAxAVPSbOKdyGBKICC7Wmx2glEFkeGFi","1MtpL3IXIJKxwXeip2Z7e_8JSoIGQYW-i",0,application/pdf,462477,active,,"2025-08-23 15:42:04","2025-08-23 15:42:04"
AUS17733,4843,7944,7733,1,IMG_2207.jpeg,id_card_front_7944_0.jpeg,"1DWtiRIp4Ue1G3mu6ucUCY3faU9nQYBJu","1EMgCxcOXuZipD9R7eR4hyn4YO-Bjdyi1",0,image/jpeg,343949,active,,"2025-08-23 23:31:24","2025-08-23 23:31:24"
AUS17733,4844,7944,7733,2,IMG_2208.jpeg,id_card_back_7944_0.jpeg,"1oiKzXE3jZUeza4sCBXN37-HgpvILGSKU","1EMgCxcOXuZipD9R7eR4hyn4YO-Bjdyi1",0,image/jpeg,398389,active,,"2025-08-23 23:31:37","2025-08-23 23:31:37"
AUS17733,4845,7944,7733,3,IMG_5967.jpeg,transcript_7944_0.jpeg,"1r9L-P3vEQoNFJRepwyLrq_iWnZj6Ktx6","1EMgCxcOXuZipD9R7eR4hyn4YO-Bjdyi1",0,image/jpeg,151515,active,,"2025-08-23 23:32:42","2025-08-23 23:32:42"
AUS17733,4846,7944,7733,4,image.jpg,english_certificate_7944_0.jpg,"1Bsese-glwIgO35Oo4vc7tDFPsPGApybU","1EMgCxcOXuZipD9R7eR4hyn4YO-Bjdyi1",0,image/jpeg,337142,active,,"2025-08-23 23:33:13","2025-08-23 23:33:13"
AUS115450,4847,15870,15450,1,CCCD mặt trước.jpg,id_card_front_15870_0.jpg,"1umb9bOJrKLz6oEqYC7_5aJrTsoMIwnJj","1lhn9B21AmFllRTbDsDAfx2H7a0egVTlY",0,image/jpeg,174932,active,,"2025-08-24 00:24:02","2025-08-24 00:24:02"
AUS115450,4848,15870,15450,2,CCCD mặt sau.jpg,id_card_back_15870_0.jpg,"1PV34gWF1RBPwb2rOCtB_y6511LWYwncW","1lhn9B21AmFllRTbDsDAfx2H7a0egVTlY",0,image/jpeg,187201,active,,"2025-08-24 00:24:05","2025-08-24 00:24:05"
AUS115450,4849,15870,15450,3,Bảng điểm THPT lớp 10.pdf,transcript_15870_0.pdf,"1_iITYjouxDWcUSoBDr7t2VSNdQDv_Z1H","1lhn9B21AmFllRTbDsDAfx2H7a0egVTlY",0,application/pdf,603247,active,,"2025-08-24 00:25:01","2025-08-24 00:25:01"
AUS115450,4850,15870,15450,3,Bảng điểm THPT nước ngoài lớp 11 và 12.pdf,transcript_15870_1.pdf,"19MqUTXyqwzEe0carpFjK2KFD-grMdYWZ","1lhn9B21AmFllRTbDsDAfx2H7a0egVTlY",1,application/pdf,585068,active,,"2025-08-24 00:25:05","2025-08-24 00:25:05"
AUS115450,4851,15870,15450,4,Bằng IELTS 12_03_2025.pdf,english_certificate_15870_0.pdf,"15tmUb1d6zb-YyxFcV8uv_JjkVY4uw1LA","1lhn9B21AmFllRTbDsDAfx2H7a0egVTlY",0,application/pdf,321019,active,,"2025-08-24 00:26:46","2025-08-24 00:26:46"
AUH19378,4868,9658,9378,6,"096F0FC2-4A42-4ADB-9023-521557C89CF3.jpeg",transcript_1_9658_0.jpeg,"1kivBi-aw-Lpt5cJ6D0v2Zx8erUoGM-Gq","10C5Z6Xd0uxCX-XYnBs0Nw1xi-ia6-qc8",0,image/jpeg,196991,active,,"2025-08-24 04:01:07","2025-08-24 04:01:07"
AUH19378,4869,9658,9378,6,"5B6D4292-BBE0-405B-BDE5-BEA7C69B1CCC.jpeg",transcript_1_9658_1.jpeg,"12A0RIrLpNHSN95GNjowyoyqgNnnd_ZSj","10C5Z6Xd0uxCX-XYnBs0Nw1xi-ia6-qc8",1,image/jpeg,196154,active,,"2025-08-24 04:01:18","2025-08-24 04:01:18"
AUH19378,4870,9658,9378,6,F580CA36-D88E-40EF-BB87-8B01A70108A8.jpeg,transcript_1_9658_2.jpeg,"1Xq0VOEhAE552vK0yI0Am6LcwY7GRzEGd","10C5Z6Xd0uxCX-XYnBs0Nw1xi-ia6-qc8",2,image/jpeg,192607,active,,"2025-08-24 04:01:25","2025-08-24 04:01:25"
AUH19378,4871,9658,9378,6,"40296F51-DC23-41B6-8B78-DAE7D7BF852F.jpeg",transcript_1_9658_3.jpeg,"1AvKO2fazte4doANRmei6vjr7uN6fE0KX","10C5Z6Xd0uxCX-XYnBs0Nw1xi-ia6-qc8",3,image/jpeg,196447,active,,"2025-08-24 04:01:29","2025-08-24 04:01:29"
AUH19378,4872,9658,9378,6,"0499402E-734D-4115-ABE6-47BD79B45C98.jpeg",transcript_1_9658_4.jpeg,"1V2xJiTcuxwiW7YUcJsIyFtEwhxn5S3UI","10C5Z6Xd0uxCX-XYnBs0Nw1xi-ia6-qc8",4,image/jpeg,186721,active,,"2025-08-24 04:01:36","2025-08-24 04:01:36"
AUH19378,4873,9658,9378,6,A6D49E28-6636-498D-B24B-607486DA8965.jpeg,transcript_1_9658_5.jpeg,"1V4Ss2gBYK6uhctXrUvZvC2mRAl0ThKIc","10C5Z6Xd0uxCX-XYnBs0Nw1xi-ia6-qc8",5,image/jpeg,183537,active,,"2025-08-24 04:02:26","2025-08-24 04:02:26"
AUH19378,4874,9658,9378,7,"49EE6438-F019-4ED3-8517-E62731BC7FFE.jpeg",diploma_9658_0.jpeg,"1rfQO4yQwo0wWGl1ukfwP5OIThp6Fg6oh","10C5Z6Xd0uxCX-XYnBs0Nw1xi-ia6-qc8",0,image/jpeg,155546,active,,"2025-08-24 04:02:42","2025-08-24 04:02:42"
AUS115249,4883,15662,15249,7,z6939216078643_1ad4a4505d1b4d4f207f9f2a006d1504.jpg,diploma_15662_0.jpg,"18AXmZny156UsgjwuKIdEsesIdPF3gMJd","1fNXUwe0pQTbrBrjmE4DKKC0yeiHH9ujE",0,image/jpeg,75292,active,,"2025-08-24 05:18:24","2025-08-24 05:18:24"
AUS115249,4884,15662,15249,6,hb1.jpg,transcript_1_15662_0.jpg,"1rXXyuWRj_Xv_V3vHP2BS9NdbVFsIwHOQ","1fNXUwe0pQTbrBrjmE4DKKC0yeiHH9ujE",0,image/jpeg,74128,active,,"2025-08-24 05:20:55","2025-08-24 05:20:55"
AUS115249,4885,15662,15249,6,hb2.jpg,transcript_1_15662_1.jpg,"1xhuKOkG-FYPy81JfwNzKlD9MOSHZ1M5R","1fNXUwe0pQTbrBrjmE4DKKC0yeiHH9ujE",1,image/jpeg,104838,active,,"2025-08-24 05:21:02","2025-08-24 05:21:02"
AUS115249,4886,15662,15249,6,hb3.jpg,transcript_1_15662_2.jpg,"1YpqhVDQP749ZkTU_SxcKlR-mFaZO-Nc6","1fNXUwe0pQTbrBrjmE4DKKC0yeiHH9ujE",2,image/jpeg,107458,active,,"2025-08-24 05:21:06","2025-08-24 05:21:06"
AUS115249,4887,15662,15249,6,hb4.jpg,transcript_1_15662_3.jpg,"1hSQBuwlmn4yvVl6DM4wuxaeJZaO6yGYj","1fNXUwe0pQTbrBrjmE4DKKC0yeiHH9ujE",3,image/jpeg,105816,active,,"2025-08-24 05:21:19","2025-08-24 05:21:19"
AUS115249,4888,15662,15249,6,hb5.jpg,transcript_1_15662_4.jpg,"112V8Xn32gTeDZM74Xpn1aOAxkJBB09W3","1fNXUwe0pQTbrBrjmE4DKKC0yeiHH9ujE",4,image/jpeg,110011,active,,"2025-08-24 05:21:31","2025-08-24 05:21:31"
AUS115249,4889,15662,15249,6,hb6.jpg,transcript_1_15662_5.jpg,"1dsUnfDkq1NXZuEnGxVZZVlOIPe0DYBgK","1fNXUwe0pQTbrBrjmE4DKKC0yeiHH9ujE",5,image/jpeg,100414,active,,"2025-08-24 05:21:35","2025-08-24 05:21:35"
AUS115249,4890,15662,15249,6,hb7.jpg,transcript_1_15662_6.jpg,"13UO3Wt_sNqwXiWlVPJbL1Pdoa4hAAWyO","1fNXUwe0pQTbrBrjmE4DKKC0yeiHH9ujE",6,image/jpeg,109646,active,,"2025-08-24 05:21:40","2025-08-24 05:21:40"
AUS115249,4891,15662,15249,6,hb8.jpg,transcript_1_15662_7.jpg,"15VDszG4NcOJXrNM4G8eJNxw_2m3gJZIG","1fNXUwe0pQTbrBrjmE4DKKC0yeiHH9ujE",7,image/jpeg,109863,active,,"2025-08-24 05:21:46","2025-08-24 05:21:46"
AUS115515,4896,15938,15515,1,"17560161841746694055460340633527.jpg",id_card_front_15938_0.jpg,"1nJw7ixuquh56xgVxlB_M5f39JntEst5d","1rEmL9pmsnTJJhgTtar30bGdhNtKn4yvT",0,image/jpeg,151079,active,,"2025-08-24 06:16:40","2025-08-24 06:16:40"
AUS115515,4897,15938,15515,2,"17560161948912041617810408899224.jpg",id_card_back_15938_0.jpg,"1z-89WpHlAaHVcai-rXA-gIaUG0EsQQB9","1rEmL9pmsnTJJhgTtar30bGdhNtKn4yvT",0,image/jpeg,146738,active,,"2025-08-24 06:16:55","2025-08-24 06:16:55"
AUS115515,4898,15938,15515,3,"17560162193057584873882313598190.jpg",transcript_15938_0.jpg,"1yduB-S7IqSypi9h7MtXRapQ_6nk8jT3C","1rEmL9pmsnTJJhgTtar30bGdhNtKn4yvT",0,image/jpeg,112534,active,,"2025-08-24 06:17:22","2025-08-24 06:17:22"
AUS115515,4899,15938,15515,5,"17560163173155295308202148628923.jpg",other_achievements_15938_0.jpg,"1OZj2meTzer9uFjl9OhYMOcMvSaP6cKqL","1rEmL9pmsnTJJhgTtar30bGdhNtKn4yvT",0,image/jpeg,104217,active,,"2025-08-24 06:18:55","2025-08-24 06:18:55"
AUH15090,4901,2566,5090,1,lê nhật minh cccd.jpg,id_card_front_2566_4.jpg,"1RzNEuJFcE0sXxc1CbTaAKuc-y64G4D4Q","1w_L0SUd6jP01ZMym53Y7TTHhus5Ubb5Q",4,image/jpeg,126111,active,,"2025-08-24 06:46:53","2025-08-24 06:46:53"
AUH15090,4902,2566,5090,2,lê nhật minh cccd1.jpg,id_card_back_2566_2.jpg,"1GsVbS8C51fWORu4FbzccGWiLErgu90fb","1w_L0SUd6jP01ZMym53Y7TTHhus5Ubb5Q",2,image/jpeg,164336,active,,"2025-08-24 06:46:55","2025-08-24 06:46:55"
AUH15090,4903,2566,5090,7,lê nhật minh.jpg,diploma_2566_1.jpg,"1qEfqj5zUzAavEkrm0dQ7VNEpRe5XaWVS","1w_L0SUd6jP01ZMym53Y7TTHhus5Ubb5Q",1,image/jpeg,90687,active,,"2025-08-24 06:46:59","2025-08-24 06:46:59"
AUH15090,4904,2566,5090,4,IELTS lê nhật minh.pdf,english_certificate_2566_0.pdf,"11udsfpD8eAuJLIVzX8pb9qdULObEiQze","1w_L0SUd6jP01ZMym53Y7TTHhus5Ubb5Q",0,application/pdf,312714,active,,"2025-08-24 06:47:03","2025-08-24 06:47:03"
AUH15090,4905,2566,5090,6,hoc_ba_Le_Nhat_Minh.pdf,transcript_1_2566_9.pdf,"1EFW3M_-tjdqzoF7Zi25QVyjrgaKrVqvM","1w_L0SUd6jP01ZMym53Y7TTHhus5Ubb5Q",9,application/pdf,1361533,active,,"2025-08-24 06:47:12","2025-08-24 06:47:12"
AUS114723,4906,15137,14723,7,IMG_5960.jpeg,diploma_15137_0.jpeg,"1VYI_PXkuSzrsQlgdr0Q1Tq3W1fEpQBpF","1tSJjaTOKbJs_as4igaQRhEpsSoeOLin2",0,image/jpeg,256313,active,,"2025-08-24 06:51:26","2025-08-24 06:51:26"
AUS114723,4907,15137,14723,6,IMG_5963.jpeg,transcript_1_15137_0.jpeg,"1KRcvIP7TEOyfeRMvll-WjStbSlB4itId","1tSJjaTOKbJs_as4igaQRhEpsSoeOLin2",0,image/jpeg,314081,active,,"2025-08-24 06:54:35","2025-08-24 06:54:35"
AUS114723,4908,15137,14723,6,IMG_5962.jpeg,transcript_1_15137_1.jpeg,"1ODkPyZ74_vTjCF2vVAZ0fsd-VWsHGx0e","1tSJjaTOKbJs_as4igaQRhEpsSoeOLin2",1,image/jpeg,318677,active,,"2025-08-24 06:54:39","2025-08-24 06:54:39"
AUS114723,4909,15137,14723,6,IMG_5961.jpeg,transcript_1_15137_2.jpeg,"1sMnRB_g4uCFC4GhT5XQMz2yImcZ7JG3v","1tSJjaTOKbJs_as4igaQRhEpsSoeOLin2",2,image/jpeg,324447,active,,"2025-08-24 06:54:44","2025-08-24 06:54:44"
AUS114723,4910,15137,14723,9,IMG_5937.png,english_certificare_15137_0.png,"1u0mF9Ne8kD-QbGzQWKb8O1s9Cj6J4dKp","1tSJjaTOKbJs_as4igaQRhEpsSoeOLin2",0,image/png,136061,active,,"2025-08-24 06:54:52","2025-08-24 06:54:52"
AUS115515,4927,15938,15515,7,"17560251806874892312640536124678.jpg",diploma_15938_0.jpg,"1TUahnFV7SL6TMDpN4Gv0h-QZ1V8YzBw_","1rEmL9pmsnTJJhgTtar30bGdhNtKn4yvT",0,image/jpeg,90219,active,,"2025-08-24 08:46:38","2025-08-24 08:46:38"
AUS115515,4928,15938,15515,6,"17560252443883550833243468318706.jpg",transcript_1_15938_0.jpg,"1ouRZi63xwS6RXH572JsZhrfvxVD6FbEZ","1rEmL9pmsnTJJhgTtar30bGdhNtKn4yvT",0,image/jpeg,138489,active,,"2025-08-24 08:47:43","2025-08-24 08:47:43"
AUS115515,4929,15938,15515,6,"17560252608845965430560433898874.jpg",transcript_1_15938_1.jpg,"17hF0P-_cd50l5IwGRGyXR2XoLPFb_173","1rEmL9pmsnTJJhgTtar30bGdhNtKn4yvT",1,image/jpeg,142348,active,,"2025-08-24 08:47:54","2025-08-24 08:47:54"
AUS115515,4930,15938,15515,6,"17560252738103945271671825054153.jpg",transcript_1_15938_2.jpg,"1rV3v_m6XZVgYnygEke6vDKFijCJd9fB6","1rEmL9pmsnTJJhgTtar30bGdhNtKn4yvT",2,image/jpeg,126355,active,,"2025-08-24 08:48:07","2025-08-24 08:48:07"
AUS115416,4944,15836,15416,3,"17560332638506699877022902628837.jpg",transcript_15836_0.jpg,"1myV_rZ1h9NkOgoZ7uP9YNblaceKcmGKB","16dJy7SO7eBUg9FAC96aOQktZUk2V7fZG",0,image/jpeg,171498,active,,"2025-08-24 11:02:08","2025-08-24 11:02:08"
AUS115416,4945,15836,15416,1,IMG_20250625_133337.jpg,id_card_front_15836_0.jpg,"1FOvy5WuxZqmiuntR5FATJjuDr3ZQftvI","16dJy7SO7eBUg9FAC96aOQktZUk2V7fZG",0,image/jpeg,104831,active,,"2025-08-24 11:19:12","2025-08-24 11:19:12"
AUS115416,4946,15836,15416,2,"17560384709895369317974684252503.jpg",id_card_back_15836_0.jpg,"1s06VL5a3fCAQLqvmYTQNbJlrJlZd_rbU","16dJy7SO7eBUg9FAC96aOQktZUk2V7fZG",0,image/jpeg,196841,active,,"2025-08-24 12:28:22","2025-08-24 12:28:22"
AUH12910,4952,6510,2910,9,Ảnh màn hình 2025-08-24 lúc 20.47.18.png,english_certificare_6510_2.png,"1AqwXlS5NwuHdydKxO2crOJyXAFd7Jt75","14IQUv0fiffFnavV96wergiHSMn7jf_b8",2,image/png,834041,active,,"2025-08-24 13:48:02","2025-08-24 13:48:02"
AUH12910,4953,6510,2910,3,Ảnh màn hình 2025-08-24 lúc 20.47.13.png,transcript_6510_3.png,"1sVwIpfT-Ms45QAlDPN6hBydkvbemLWQH","14IQUv0fiffFnavV96wergiHSMn7jf_b8",3,image/png,980710,active,,"2025-08-24 13:48:06","2025-08-24 13:48:06"
AUH111885,4954,12229,11885,6,học bạ.pdf,transcript_1_12229_0.pdf,"1gPmOUvziEWH_TFylfRpPPCaRBOjYILlI","14yn7RLte9HE2KvCDIoOw6l5UHt84oGD_",0,application/pdf,4937048,active,,"2025-08-24 13:52:11","2025-08-24 13:52:11"
AUH111885,4955,12229,11885,9,chứng chỉ tiếng anh.pdf,english_certificare_12229_0.pdf,"1q23qmIOIyt5bVER2UKKbqvS3-0iWwVBa","14yn7RLte9HE2KvCDIoOw6l5UHt84oGD_",0,application/pdf,1375463,active,,"2025-08-24 13:52:22","2025-08-24 13:52:22"
AUH12910,4958,5953,2910,1,z6940629535089_6692c3e7c058ae6ba5b432c4fda88103.jpg,id_card_front_5953_0.jpg,"1Rg5cczjBim9knCJs7oHp-xF6L1fSUUWf","1CyqI68L_b0ILNEK7MrSxhFr50ZooFfXy",0,image/jpeg,121382,active,,"2025-08-24 13:58:56","2025-08-24 13:58:56"
AUH12910,4959,5953,2910,2,z6940629535103_184a16d6c38cb41c4a309424c077aa7f.jpg,id_card_back_5953_0.jpg,"1jw6wLIhOm1l5WCTtql9HU5-jJUPyYWmz","1CyqI68L_b0ILNEK7MrSxhFr50ZooFfXy",0,image/jpeg,131776,active,,"2025-08-24 13:58:58","2025-08-24 13:58:58"
AUH111885,4964,2557,11885,1,quốc anh1 .jpg,id_card_front_2557_1.jpg,"1_g1XPeN_Qo2T_jH-sE4bRSb0dv2tf8dF","1XCaTEqgKLvuNvo2COIKNsaqiozfE4aik",1,image/jpeg,112331,active,,"2025-08-24 14:41:32","2025-08-24 14:41:32"
AUH111885,4965,2557,11885,2,quốc anh 2.jpg,id_card_back_2557_1.jpg,"1gHaLLvpDqkfp3ELJDhr8A2vwM1VM0pLb","1XCaTEqgKLvuNvo2COIKNsaqiozfE4aik",1,image/jpeg,112392,active,,"2025-08-24 14:41:36","2025-08-24 14:41:36"
AUH111555,4966,11895,11555,7,d7189929c7894fd71698.jpg,diploma_11895_0.jpg,"1g4H0qZZeTW3-vsEj5hfHzjuPxV1405nR","1O-A9hMNjZQxzpHXi4tRz5C4o1o9lO4pu",0,image/jpeg,128141,active,,"2025-08-24 15:04:42","2025-08-24 15:04:42"
AUH111555,4967,11895,11555,6,"7_HS_THPT_HocBaHocSinh_VuDucAnh.pdf",transcript_1_11895_0.pdf,"10O93_M-akZ3KKysRuLqnvgwdbH_FaJt6","1O-A9hMNjZQxzpHXi4tRz5C4o1o9lO4pu",0,application/pdf,177952,active,,"2025-08-24 15:06:00","2025-08-24 15:06:00"
AUH115895,4968,16336,15895,1,IMG_0311.jpeg,id_card_front_16336_0.jpeg,"1BJwKY6R-oRyjJjI_kgY_7MMHaPyBfsMn","1wBkRW8OJLJyetBOWDkdFcslmxtPwX2db",0,image/jpeg,230538,active,,"2025-08-24 15:29:06","2025-08-24 15:29:06"
AUH115895,4969,16336,15895,2,IMG_0312.jpeg,id_card_back_16336_0.jpeg,"1jFUygQcMPDh3zeTqJkJdhoORWln4w5Hi","1wBkRW8OJLJyetBOWDkdFcslmxtPwX2db",0,image/jpeg,238146,active,,"2025-08-24 15:29:32","2025-08-24 15:29:32"
AUH115895,4973,16336,15895,3,IMG_7230.jpeg,transcript_16336_0.jpeg,"14wPkAE6dqJbS3fkrMf6Hw9Ep2n-saLZD","1wBkRW8OJLJyetBOWDkdFcslmxtPwX2db",0,image/jpeg,200807,active,,"2025-08-24 16:13:15","2025-08-24 16:13:15"
AUH112917,4974,13276,12917,6,HỌC BẠ THPT CỦA NGUYỄN THỊ MỸ DUNG.pdf,transcript_1_13276_0.pdf,"18vSH2yCqRuFHHH5uQ2QVdTqB2ozguxXQ","1KGji1Noh3N9CzBtB9vWpaWlQhHreuE2x",0,application/pdf,5024325,active,,"2025-08-24 18:16:05","2025-08-24 18:16:05"
AUH112917,4975,13276,12917,7,cntn.jpg,diploma_13276_0.jpg,"1q5BmcVC1HYo8IUMAVu6n-8-OHJHczDVG","1KGji1Noh3N9CzBtB9vWpaWlQhHreuE2x",0,image/jpeg,71362,active,,"2025-08-24 18:17:17","2025-08-24 18:17:17"
AUS115416,4979,15836,15416,7,"1756088942718827378389491322930.jpg",diploma_15836_0.jpg,"1gKodHCRfdtT4notTXlosAKbIjmajDPNJ","16dJy7SO7eBUg9FAC96aOQktZUk2V7fZG",0,image/jpeg,199833,active,,"2025-08-25 02:29:20","2025-08-25 02:29:20"
AUS115416,4980,15836,15416,6,"17560890571301620177342420219796.jpg",transcript_1_15836_0.jpg,"1zaNPoHyGtTmWwjcyY4J2r9CbzsS2MnNV","16dJy7SO7eBUg9FAC96aOQktZUk2V7fZG",0,image/jpeg,184538,active,,"2025-08-25 02:31:16","2025-08-25 02:31:16"
AUS115416,4981,15836,15416,6,"17560890768283064472701700641761.jpg",transcript_1_15836_1.jpg,"1dejb_9S_iwMC2yfVF4sbbslUcPd4M9sc","16dJy7SO7eBUg9FAC96aOQktZUk2V7fZG",1,image/jpeg,212244,active,,"2025-08-25 02:31:40","2025-08-25 02:31:40"
AUS115416,4982,15836,15416,6,"17560891010682857520233930094651.jpg",transcript_1_15836_2.jpg,"1ld9ZFIaPKBy6xpLZW6gsn4IC7WZp5VkO","16dJy7SO7eBUg9FAC96aOQktZUk2V7fZG",2,image/jpeg,184643,active,,"2025-08-25 02:31:52","2025-08-25 02:31:52"
AUS115416,4983,15836,15416,6,"17560891610877425756272585519099.jpg",transcript_1_15836_3.jpg,"1OEMwah1jD8nyLwSJ6qxYZpRaNqB6YKH9","16dJy7SO7eBUg9FAC96aOQktZUk2V7fZG",3,image/jpeg,213265,active,,"2025-08-25 02:33:10","2025-08-25 02:33:10"
AUS115416,4984,15836,15416,6,"17560891908568036810129115439342.jpg",transcript_1_15836_4.jpg,"144ge1KGhiHGFzZO0MpAQTWP5bZVq_pCI","16dJy7SO7eBUg9FAC96aOQktZUk2V7fZG",4,image/jpeg,166083,active,,"2025-08-25 02:33:29","2025-08-25 02:33:29"
AUS115416,4985,15836,15416,6,"17560892097019046847601153894212.jpg",transcript_1_15836_5.jpg,"1qo7rQpVndu3IT29fI2pMg2g4jzDrqX1W","16dJy7SO7eBUg9FAC96aOQktZUk2V7fZG",5,image/jpeg,219050,active,,"2025-08-25 02:33:48","2025-08-25 02:33:48"
AUH115952,4992,16394,15952,1,CCCD mặt trước.jpg,id_card_front_16394_0.jpg,"1sa5Nih7vzBDQWX_CDLHLNK7F9-LiLFHg","1eWMbzhP2rqgPjEhl7u4_nVwP1uQgHMPA",0,image/jpeg,142642,active,,"2025-08-25 03:41:06","2025-08-25 03:41:06"
AUH115952,4993,16394,15952,2,CCCD mặt sau.jpg,id_card_back_16394_0.jpg,"1jUUuYAis2RGJlW7Q9atEnvhfncDQOV5G","1eN2LFUghxyO_4P-7qO7PO8qVGbfRvCfK",0,image/jpeg,161966,active,,"2025-08-25 03:41:07","2025-08-25 03:41:07"
AUH115952,4994,16394,15952,3,Hoc ba.pdf,transcript_16394_0.pdf,"1xUfE12Sm3TKkCPCRRahS5nEw615reSR3","1eN2LFUghxyO_4P-7qO7PO8qVGbfRvCfK",0,application/pdf,3244056,active,,"2025-08-25 03:41:15","2025-08-25 03:41:15"
AUS116107,4995,16548,16107,1,tải xuống.jpeg,id_card_front_16548_0.jpeg,"1j111Dg3mabtGeKpgxm1TCQNnHlIBT3z6","1r7n-3JfMOKfxWF1YYm03ML-CWsa21p1v",0,image/jpeg,94967,active,,"2025-08-25 05:02:41","2025-08-25 05:02:41"
AUS116107,4996,16548,16107,2,Screenshot 2025-08-25 120217.png,id_card_back_16548_0.png,"1dOvCrCeDUsbxEIB9XxpyvAInlyUEfIyz","1r7n-3JfMOKfxWF1YYm03ML-CWsa21p1v",0,image/png,1515533,active,,"2025-08-25 05:02:45","2025-08-25 05:02:45"
AUS116107,4997,16548,16107,3,HocBa_NguyenMinhDuc.pdf,transcript_16548_0.pdf,"1eFGGGYEBaJq-VfI9C5sX04AZmG0oeBsF","1r7n-3JfMOKfxWF1YYm03ML-CWsa21p1v",0,application/pdf,5908067,active,,"2025-08-25 05:05:39","2025-08-25 05:05:39"
AUS116107,4998,16548,16107,4,Screenshot 2025-08-25 121108.png,english_certificate_16548_0.png,"1yC_h4N3n372lGxQkfevJLxXF6XoaBgFV","1r7n-3JfMOKfxWF1YYm03ML-CWsa21p1v",0,image/png,217177,active,,"2025-08-25 05:11:30","2025-08-25 05:11:30"
AUH115952,5006,16394,15952,7,Chứng nhận tốt nghiệp.jpg,diploma_16394_0.jpg,"1axnO4Q0JMezbhvq_aO6oVlInZeKQHIVY","1eN2LFUghxyO_4P-7qO7PO8qVGbfRvCfK",0,image/jpeg,72506,active,,"2025-08-25 08:59:04","2025-08-25 08:59:04"
AUH115952,5007,16394,15952,6,Hoc ba.pdf,transcript_1_16394_0.pdf,"12hlt_m0k1LVb_fMeWFm-Af36ypsDCBzX","1eN2LFUghxyO_4P-7qO7PO8qVGbfRvCfK",0,application/pdf,3244056,active,,"2025-08-25 08:59:15","2025-08-25 08:59:15"
AUH116124,5009,16565,16124,1,image.jpg,id_card_front_16565_0.jpg,"1PZrpH05VR8bi551CYCYuoqFekuSdUk2H","19DY-dl7yIV996ewOSGgbV253RNBC2-4n",0,image/jpeg,279220,active,,"2025-08-25 09:15:45","2025-08-25 09:15:45"
AUH116124,5010,16565,16124,2,image.jpg,id_card_back_16565_0.jpg,"1l3yBQ0ozGvQ8fmlNifXWpsZk14QfOPxm","19DY-dl7yIV996ewOSGgbV253RNBC2-4n",0,image/jpeg,313301,active,,"2025-08-25 09:16:13","2025-08-25 09:16:13"
AUH116124,5011,16565,16124,3,image.jpg,transcript_16565_0.jpg,"1rFr-mWwWn3oZ9B_bm7VDoQQIL9a0niNA","19DY-dl7yIV996ewOSGgbV253RNBC2-4n",0,image/jpeg,247479,active,,"2025-08-25 09:17:10","2025-08-25 09:17:10"
AUS15065,5013,5193,5065,2,"20250615_082623.jpg",id_card_back_5193_0.jpg,"1BQHQuMHy5VyuIP-DI7BMFMPPSSc1Rv9A","1APjX9Zak4mHF5IUg8aCYABGpFPyaBVuD",0,image/jpeg,163794,active,,"2025-08-25 10:33:14","2025-08-25 10:33:14"
AUS15065,5014,5193,5065,1,"20250615_082602.jpg",id_card_front_5193_0.jpg,"13GFzLWCzcNj2k_8_BySajJ6E7RcOsupz","1APjX9Zak4mHF5IUg8aCYABGpFPyaBVuD",0,image/jpeg,133427,active,,"2025-08-25 10:33:35","2025-08-25 10:33:35"
AUS15065,5015,5193,5065,4,"1000010415.pdf",english_certificate_5193_0.pdf,"1ej7lidHu7rqUbBK6o9-bkD37NII7FAtx","1APjX9Zak4mHF5IUg8aCYABGpFPyaBVuD",0,application/pdf,158622,active,,"2025-08-25 10:37:38","2025-08-25 10:37:38"
AUS16612,5029,6805,6612,6,z6849708187803_d566860d914d8ee103b7402cb65603f8.jpg,transcript_1_6805_0.jpg,"1F06jnieZR3YjVN3QwoXsItz6AmLbyo87","1dQE1vzLatiPCtCxFM7Ob8-KzCd479sTQ",0,image/jpeg,79101,active,,"2025-08-26 05:23:17","2025-08-26 05:23:17"
AUS16612,5030,6805,6612,6,z6849711218357_e75061bd08ba9031268a3197daa4eb44.jpg,transcript_1_6805_1.jpg,"18hw7sU12ePUHttAjxaLFrUG00CJz5iHr","1dQE1vzLatiPCtCxFM7Ob8-KzCd479sTQ",1,image/jpeg,132062,active,,"2025-08-26 05:23:22","2025-08-26 05:23:22"
AUS16612,5031,6805,6612,6,z6849714018722_0c7170a925ec32d35d8fce2538b0b10f.jpg,transcript_1_6805_2.jpg,"15EgbO4kjjdAO3WWNibEOWpYtRq74v5kw","1dQE1vzLatiPCtCxFM7Ob8-KzCd479sTQ",2,image/jpeg,130117,active,,"2025-08-26 05:23:28","2025-08-26 05:23:28"
AUS16612,5032,6805,6612,6,z6849716387928_f944968bbef942039883cd1b3eb1d516.jpg,transcript_1_6805_2.jpg,"121vzTj8EvLU5gXd_DBH_KhcPOFJzKPqZ","1dQE1vzLatiPCtCxFM7Ob8-KzCd479sTQ",2,image/jpeg,135906,active,,"2025-08-26 05:23:30","2025-08-26 05:23:30"
AUH17984,5053,2566,7984,4,VN10425528098-25-08-2025-ETRF.pdf,english_certificate_2566_1.pdf,"15AFOxt_OXOIAZZ4_-3uyG6cbvWbje2WC","1w_L0SUd6jP01ZMym53Y7TTHhus5Ubb5Q",1,application/pdf,1016901,active,,"2025-08-26 12:18:49","2025-08-26 12:18:49"
AUH116511,5055,10592,16511,1,"17562200992641111182243059906908.jpg",id_card_front_10592_0.jpg,"1MVSZ7oue2sU-fWNDhHAahKym4Vo59RaZ","1hBHE_160E1U4RT0MVKKM71IcVIXfs_WQ",0,image/jpeg,91852,active,,"2025-08-26 14:55:30","2025-08-26 14:55:30"
AUH116511,5060,10592,16511,3,IMG_20250826_220325.jpg,transcript_10592_0.jpg,"1Rpt1t6EocJHaNn78YCx_54o1l5x6b5Uj","1hBHE_160E1U4RT0MVKKM71IcVIXfs_WQ",0,image/jpeg,89753,active,,"2025-08-26 15:03:40","2025-08-26 15:03:40"
AUH116511,5061,10592,16511,2,"17562218208986666804687674053905.jpg",id_card_back_10592_0.jpg,"1l8Buk0BZHxPhcoJoxlOM87h0YfnjjG68","1hBHE_160E1U4RT0MVKKM71IcVIXfs_WQ",0,image/jpeg,81226,active,,"2025-08-26 15:24:46","2025-08-26 15:24:46"
AUH116583,5062,17030,16583,1,CCCD Trước.jpg,id_card_front_17030_0.jpg,"10Op2rMUIVl0kyT9WVSlfxQBEYJDD9Nzy","1eHR0Eqe0-RYCHucBe4Q7rvMENpH3Uqgn",0,image/jpeg,137897,active,,"2025-08-27 02:19:31","2025-08-27 02:19:31"
AUH116583,5063,17030,16583,2,CCCD Sau.jpg,id_card_back_17030_0.jpg,"1ESA7xrHfpS1MWM_JtnDTIeYu7UG3CJ1S","1eHR0Eqe0-RYCHucBe4Q7rvMENpH3Uqgn",0,image/jpeg,155172,active,,"2025-08-27 02:19:32","2025-08-27 02:19:32"
AUH116583,5064,17030,16583,4,Duolingo English Test.pdf,english_certificate_17030_0.pdf,"1v9ULuLgBLZGU0osC1RSubi7CYcmQ6-Ay","1eHR0Eqe0-RYCHucBe4Q7rvMENpH3Uqgn",0,application/pdf,1138841,active,,"2025-08-27 02:19:48","2025-08-27 02:19:48"
AUH116583,5072,2557,16583,3,tienpm.png,transcript_2557_0.png,"1QmFie5bP80VXdUA-_X8tAocEsu1V7HiH","1XCaTEqgKLvuNvo2COIKNsaqiozfE4aik",0,image/png,1304857,active,,"2025-08-27 07:38:02","2025-08-27 07:38:02"
AUS18578,5073,8840,8578,7,"68AFA6C2-3B37-49ED-854A-7CB1D6F9893F.jpeg",diploma_8840_0.jpeg,"1F6PMYiXTaIBWL0KU_CzTGze8uhljKhAX","1N049hSZLJt7zasN8CaMExOLW4LzPa9lm",0,image/jpeg,157369,active,,"2025-08-27 08:49:46","2025-08-27 08:49:46"
AUS18578,5077,8840,8578,6,"31B1D814-057B-4075-B940-EA75C3044BB5.jpeg",transcript_1_8840_0.jpeg,"1nSMpKTRNE5qFG7-Ydrb5KDarGJlS_PS5","1N049hSZLJt7zasN8CaMExOLW4LzPa9lm",0,image/jpeg,238753,active,,"2025-08-27 08:50:28","2025-08-27 08:50:28"
AUS18578,5078,8840,8578,6,"7243DEE6-1EB0-47A4-AAE5-9236C5F70515.jpeg",transcript_1_8840_1.jpeg,"1hJOB07NGj7fOcyDim4bHSKMuVunj-_pW","1N049hSZLJt7zasN8CaMExOLW4LzPa9lm",1,image/jpeg,263227,active,,"2025-08-27 08:50:32","2025-08-27 08:50:32"
AUS18578,5079,8840,8578,6,A0A70EC5-B684-461F-A0E3-802075999225.jpeg,transcript_1_8840_1.jpeg,"1pZ_-HDcUXocKTUY7y1hIoVFuwvnm6FpQ","1N049hSZLJt7zasN8CaMExOLW4LzPa9lm",1,image/jpeg,256064,active,,"2025-08-27 08:50:35","2025-08-27 08:50:35"
AUS18578,5080,8840,8578,6,"6B7AA83B-F9B0-4C19-8B29-66428AF16064.jpeg",transcript_1_8840_2.jpeg,"19FpFT39L-O0hnyEeBDbMTwgcfTlRurc9","1N049hSZLJt7zasN8CaMExOLW4LzPa9lm",2,image/jpeg,262295,active,,"2025-08-27 08:50:39","2025-08-27 08:50:39"
AUS18578,5081,8840,8578,6,"16447B59-52BA-4C71-B5C1-FFD42FCF0089.jpeg",transcript_1_8840_3.jpeg,"1GkDUsf8q-jI0cmKRk-TtK64LVGKiCvt7","1N049hSZLJt7zasN8CaMExOLW4LzPa9lm",3,image/jpeg,277352,active,,"2025-08-27 08:50:43","2025-08-27 08:50:43"
AUS18578,5082,8840,8578,6,"2E20FDA0-2CEA-41A2-B63F-5002E6B7B232.jpeg",transcript_1_8840_4.jpeg,"19nCbiS5eQ3hHL1135fBsY1RqWOooltHg","1N049hSZLJt7zasN8CaMExOLW4LzPa9lm",4,image/jpeg,259127,active,,"2025-08-27 08:50:47","2025-08-27 08:50:47"
AUS18578,5083,8840,8578,6,"94BC4B85-B9A3-4EBE-B9BC-C4D547CD4C52.jpeg",transcript_1_8840_4.jpeg,"1_GJqw2LUHVvJfAdWYYYOtrhTbuXLu9Qi","1N049hSZLJt7zasN8CaMExOLW4LzPa9lm",4,image/jpeg,253598,active,,"2025-08-27 08:50:52","2025-08-27 08:50:52"
AUH116717,5088,17169,16717,1,b19f8610-b900-4ca0-ad4b-aee3e9db5774.jpg,id_card_front_17169_0.jpg,"1jLEH48AdiXISihsCGZYppNXrI61JgT0o","1kHAbwekd5-GH_VVoOiuzcKI-_f6xTout",0,image/jpeg,134998,active,,"2025-08-28 02:00:06","2025-08-28 02:00:06"
AUH116717,5089,17169,16717,2,"35181f5e-1444-468c-8979-80ba515f686f.jpg",id_card_back_17169_0.jpg,"1V3g1eIwJ-o-LUXIzNzQ7Y8kziH3iGnJM","1kHAbwekd5-GH_VVoOiuzcKI-_f6xTout",0,image/jpeg,142687,active,,"2025-08-28 02:00:07","2025-08-28 02:00:07"
AUH116717,5090,17169,16717,1,IMG_2641.jpeg,id_card_front_17169_1.jpeg,"1wxfMtYu_PuTSYO7k-BREFrdU20nz8sez","1kHAbwekd5-GH_VVoOiuzcKI-_f6xTout",1,image/jpeg,268563,active,,"2025-08-28 02:08:03","2025-08-28 02:08:03"
AUH116717,5091,17169,16717,2,IMG_2642.jpeg,id_card_back_17169_1.jpeg,"1mEsk9bXUTCa7NY5htbGe8EWEAy3w3FWf","1kHAbwekd5-GH_VVoOiuzcKI-_f6xTout",1,image/jpeg,278969,active,,"2025-08-28 02:08:08","2025-08-28 02:08:08"
AUH116717,5092,17169,16717,3,Điểm lớp 12.pdf,transcript_17169_0.pdf,"1l3uQWlkqYHesOmQ4q5RpFVfQosglFXum","1kHAbwekd5-GH_VVoOiuzcKI-_f6xTout",0,application/pdf,867680,active,,"2025-08-28 02:08:41","2025-08-28 02:08:41"
AUH116717,5093,17169,16717,3,Học lực lớp 12.pdf,transcript_17169_1.pdf,"1We90Ayhd4UCQSGaVEV32teJH4Bd86kpP","1kHAbwekd5-GH_VVoOiuzcKI-_f6xTout",1,application/pdf,876098,active,,"2025-08-28 02:08:53","2025-08-28 02:08:53"
AUH116717,5094,17169,16717,3,Học Bạ.pdf,transcript_17169_1.pdf,"1DtpMe2VOzFJh6y_AGiOGxuNILKs1wf0Y","1kHAbwekd5-GH_VVoOiuzcKI-_f6xTout",1,application/pdf,6175861,active,,"2025-08-28 02:08:53","2025-08-28 02:08:53"
AUH116717,5095,17169,16717,3,Điểm lớp 10.pdf,transcript_17169_2.pdf,"1tk-LtoQTuxr6ayju7xVaH6DrdYJ7f5YK","1kHAbwekd5-GH_VVoOiuzcKI-_f6xTout",2,application/pdf,855192,active,,"2025-08-28 02:09:12","2025-08-28 02:09:12"
AUH116717,5096,17169,16717,3,Điểm lớp 11.pdf,transcript_17169_2.pdf,"1h_hyucjFmxta2bf4PKQyKFTH1IwuXOgb","1kHAbwekd5-GH_VVoOiuzcKI-_f6xTout",2,application/pdf,784774,active,,"2025-08-28 02:09:14","2025-08-28 02:09:14"
AUH116717,5097,17169,16717,3,Học lực lớp 11.pdf,transcript_17169_3.pdf,"1wHtCM2gCFIi6rqdFKmKhL8Q-dAZdZ3GU","1kHAbwekd5-GH_VVoOiuzcKI-_f6xTout",3,application/pdf,712559,active,,"2025-08-28 02:09:19","2025-08-28 02:09:19"
AUH116717,5098,17169,16717,3,Học lực lớp 10.pdf,transcript_17169_4.pdf,"1mKwWowHII5xmBIXM2mK94bLAmPQbtQaC","1kHAbwekd5-GH_VVoOiuzcKI-_f6xTout",4,application/pdf,785387,active,,"2025-08-28 02:09:34","2025-08-28 02:09:34"
AUH116501,5099,16949,16501,1,CCCD - MN1.jpg,id_card_front_16949_0.jpg,"17BZAW8nnIzTxOfa6V_WL2nFRx4KEzU4N","1EaltNN0m079ogSxwjYH1d1zORVqYPyLo",0,image/jpeg,137409,active,,"2025-08-28 04:25:36","2025-08-28 04:25:36"
AUH116501,5100,16949,16501,2,CCCD - MN2.jpg,id_card_back_16949_0.jpg,"1CwKFVEFuaLaKtBapDIV4naDTKdGC9_0w","1EaltNN0m079ogSxwjYH1d1zORVqYPyLo",0,image/jpeg,158361,active,,"2025-08-28 04:25:48","2025-08-28 04:25:48"
AUH116501,5109,16949,16501,3,Hoc ba Minh Nhat (1).pdf,transcript_16949_0.pdf,"1Fu7-yEI928TGpaZNFt_0weDRl54-7DPX","1EaltNN0m079ogSxwjYH1d1zORVqYPyLo",0,application/pdf,1068314,active,,"2025-08-28 04:33:17","2025-08-28 04:33:17"
AUH15320,5120,5451,5320,6,Ảnh màn hình 2025-08-28 lúc 22.30.31.png,transcript_1_5451_0.png,"1wDKM0dYnfXlIlkBE9Q9sZIaXsTnmC3hc","1eDopfxmBZ_TQLkcWnovb5NxIHz18Rb9k",0,image/png,887558,active,,"2025-08-28 15:31:08","2025-08-28 15:31:08"
AUH15320,5121,5451,5320,12,Ảnh màn hình 2025-08-28 lúc 22.30.38.png,other_achievements_1_5451_0.png,"1xrCUPsUamKHgGgX8wJQ0wPMD-qnJ6dLD","1eDopfxmBZ_TQLkcWnovb5NxIHz18Rb9k",0,image/png,1473511,active,,"2025-08-28 15:31:11","2025-08-28 15:31:11"
AUH15320,5122,5451,5320,11,Ảnh màn hình 2025-08-28 lúc 22.30.34.png,other_achievements_2_5451_0.png,"16v2cEh95ReBHDASjZsJ9JAu5KriMlEQk","1eDopfxmBZ_TQLkcWnovb5NxIHz18Rb9k",0,image/png,1432513,active,,"2025-08-28 15:31:22","2025-08-28 15:31:22"
AUH117032,5130,8504,17032,1,"1756450397472..jpg",id_card_front_8504_0.jpg,"1WoEeKyxHleDkSEBPKPLJLjHit97YM_DG","163nqVjtlm1Yn-pFPjDj7sJFGFpqa0uMi",0,image/jpeg,117577,active,,"2025-08-29 06:53:41","2025-08-29 06:53:41"
AUH117032,5131,8504,17032,2,"1756450413062..jpg",id_card_back_8504_0.jpg,"1Dht66U-Q795wla8ciBxnCed_nPffDnpY","163nqVjtlm1Yn-pFPjDj7sJFGFpqa0uMi",0,image/jpeg,135160,active,,"2025-08-29 06:54:03","2025-08-29 06:54:03"
AUH117032,5132,8504,17032,3,"1756450531046..jpg",transcript_8504_0.jpg,"1GzZu9_-SgiIT3FPTSkONHGQDqlCZSwYL","163nqVjtlm1Yn-pFPjDj7sJFGFpqa0uMi",0,image/jpeg,96406,active,,"2025-08-29 06:56:32","2025-08-29 06:56:32"
AUS117256,5141,17727,17256,1,"02cdd4c63b7db323ea6c.jpg",id_card_front_17727_0.jpg,"1auUvZBhkJiD92nyCrF7oetqerUo41j9v","1NXz1NGXr0MBKAxoaCHRWnqquXSaqOlLD",0,image/jpeg,178531,active,,"2025-08-29 08:55:47","2025-08-29 08:55:47"
AUS117256,5142,17727,17256,2,"247f0c71e3ca6b9432db.jpg",id_card_back_17727_0.jpg,"1ptKpw4n5_mNCLTclWM2tySfZ28LO4NmO","1NXz1NGXr0MBKAxoaCHRWnqquXSaqOlLD",0,image/jpeg,186148,active,,"2025-08-29 08:55:55","2025-08-29 08:55:55"
AUS117256,5143,17727,17256,3,HỌC BẠ- BẢO KHOA .pdf,transcript_17727_0.pdf,"1Tta4Xt_IrTFZ5cbIuAObuqLFley7LWya","1NXz1NGXr0MBKAxoaCHRWnqquXSaqOlLD",0,application/pdf,2918885,active,,"2025-08-29 08:58:16","2025-08-29 08:58:16"
AUS117256,5144,17727,17256,5,a282f3c8a0ab2bf572ba.jpg,other_achievements_17727_0.jpg,"1XwkIyTChv0j9yIUXvlazRsFiuyWmgtif","1NXz1NGXr0MBKAxoaCHRWnqquXSaqOlLD",0,image/jpeg,153387,active,,"2025-08-29 08:59:00","2025-08-29 08:59:00"
AUH116501,5149,16949,16501,6,CamScanner ⁨11-06-2025 23.22⁩.pdf,transcript_1_16949_0.pdf,"1G0CzELckF3f0mTyincP8w4Wbwud0csJT","1nIY9qwZ8ODjl7WJC_BCBtbVktJEqQC7q",0,application/pdf,1687603,active,,"2025-08-30 03:42:57","2025-08-30 03:42:57"
AUS117304,5150,17777,17304,1,Messenger_creation_58FB05F6-16A4-4105-82E1-9A24A7A46CDF.jpeg,id_card_front_17777_0.jpeg,"1CW_SgV0IXTemOygK6OR8T46cwIdtnsp1","1E-lkQoVVLZjXODtkqfu0y6bZfLncIi4y",0,image/jpeg,76166,active,,"2025-08-31 11:41:56","2025-08-31 11:41:56"
AUS117304,5151,17777,17304,2,Messenger_creation_C9FF2171-3FDB-485F-8162-5193C1E83E94.heic,id_card_back_17777_0.heic,"1Z_Uy3rVpLJet-wergn8mvUp9jtW3LZeu","1E-lkQoVVLZjXODtkqfu0y6bZfLncIi4y",0,image/png,1100593,active,,"2025-08-31 11:45:27","2025-08-31 11:45:27"
AUS117304,5152,17777,17304,3,IMG_20250831_174108.jpg,transcript_17777_0.jpg,"1txTtsE45QYPfvrDiXYHP6uKZER9uP26M","1E-lkQoVVLZjXODtkqfu0y6bZfLncIi4y",0,image/jpeg,94534,active,,"2025-08-31 11:47:54","2025-08-31 11:47:54"
AUH19653,5156,7856,9653,4,VN50125504570-20-08-2025-ETRF.pdf,english_certificate_7856_1.pdf,"1ooIGDLNy_L1ynqPMYXwtG47-fmwgOi6O","1NU40kS0AnEyYA9KGwptZJ3h21HyLMJVT",1,application/pdf,1018478,active,,"2025-09-03 02:52:28","2025-09-03 02:52:28"
AUH15113,5157,5953,5113,1,z6746711106636_ed0ee3ce6ddfe5078b5c5a450dc7200f.jpg,id_card_front_5953_1.jpg,"1pIO-dGd-g4wm9S2NP1sMq0eMTfb3WHSu","1CyqI68L_b0ILNEK7MrSxhFr50ZooFfXy",1,image/jpeg,192623,active,,"2025-09-03 09:46:55","2025-09-03 09:46:55"
AUH15113,5158,5953,5113,2,z6746711106975_a6728cada6cccaa4a1c164a0e8b1b26e.jpg,id_card_back_5953_1.jpg,"1-slBaZVrnnrpZss1T3-vHdtZEIxSI09_","1CyqI68L_b0ILNEK7MrSxhFr50ZooFfXy",1,image/jpeg,172273,active,,"2025-09-03 09:47:07","2025-09-03 09:47:07"
AUH116717,5162,6510,16717,4,Ảnh màn hình 2025-09-03 lúc 20.25.00.png,english_certificate_6510_2.png,"1ux21sQLeR-53F49OKJXqiPMLmeEY90ky","14IQUv0fiffFnavV96wergiHSMn7jf_b8",2,image/png,147032,active,,"2025-09-03 13:28:48","2025-09-03 13:28:48"
AUS118115,5181,18609,18115,1,JPEG_20250906_101504_2069908289961302379.jpg,id_card_front_18609_0.jpg,"11pE57__GtG7-6LaJQo20uBTYCGxOMFGa","1GFVO-CqciRL7vYfIyxpambnPVYtj4y7f",0,image/jpeg,116764,active,,"2025-09-06 03:15:31","2025-09-06 03:15:31"
AUS118115,5182,18609,18115,2,JPEG_20250906_101523_7662225221746050392.jpg,id_card_back_18609_0.jpg,"10Z5XeY7f-FkuDZlUDF5bzl8tNiFcvV5C","1GFVO-CqciRL7vYfIyxpambnPVYtj4y7f",0,image/jpeg,133714,active,,"2025-09-06 03:15:40","2025-09-06 03:15:40"
AUS118115,5183,18609,18115,3,JPEG_20250906_101549_5505426518928206501.jpg,transcript_18609_0.jpg,"1oeHEpd5ccXei794m3FiMo_zlQowm9BHW","1GFVO-CqciRL7vYfIyxpambnPVYtj4y7f",0,image/jpeg,144797,active,,"2025-09-06 03:16:09","2025-09-06 03:16:09"
AUH118685,5188,19185,18685,2,IMG_5006.jpeg,id_card_back_19185_0.jpeg,"1a_Tdm-45Y48AzXRtN431Ch7XsQ6pBgAc","1mC01Iv7KwCqP0P_x-WMF8UEU_eDxTlAF",0,image/jpeg,234079,active,,"2025-09-07 11:02:58","2025-09-07 11:02:58"
AUH118685,5189,19185,18685,3,"5D070E2E-B553-440B-A3F2-19009D880D95.jpeg",transcript_19185_0.jpeg,"1PHY4qDROA0P8jw74zLS5AfkZYYyL6NmT","1mC01Iv7KwCqP0P_x-WMF8UEU_eDxTlAF",0,image/jpeg,204362,active,,"2025-09-07 11:03:21","2025-09-07 11:03:21"
AUH118685,5203,19185,18685,1,IMG_5007.jpeg,id_card_front_19185_0.jpeg,"1erDZUZjwqU9GLuWmG3syIkObDJ9XgjiL","1mC01Iv7KwCqP0P_x-WMF8UEU_eDxTlAF",0,image/jpeg,206166,active,,"2025-09-14 13:00:34","2025-09-14 13:00:34"
AUH118685,5205,19185,18685,6,Học Bạ THPT.pdf.pdf,transcript_1_19185_0.pdf,"1Re2SHO6Ne0d-mZkq-VrmXvirSzietaOf","1mC01Iv7KwCqP0P_x-WMF8UEU_eDxTlAF",0,application/pdf,613150,active,,"2025-09-15 03:39:12","2025-09-15 03:39:12"
AUH118685,5206,19185,18685,7,IMG_5018-min.jpeg,diploma_19185_0.jpeg,"1Qc-ggDT5czY4ZB6F50_TSNA6o3Fsw6o_","1mC01Iv7KwCqP0P_x-WMF8UEU_eDxTlAF",0,image/jpeg,262970,active,,"2025-09-15 03:39:58","2025-09-15 03:39:58"
AUH10710,5207,792,710,1,IMG_1951.jpeg,id_card_front_792_0.jpeg,"1h7ZeeMW1mXD-5sG_dD9Un44JkbDmC683","1f9Wk0M4fXWlsQwETDWgGzHk0DOmuKZC2",0,image/jpeg,251120,active,,"2025-09-15 04:15:12","2025-09-15 04:15:12"
AUH10710,5208,792,710,2,IMG_1950.jpeg,id_card_back_792_0.jpeg,"1teWQ7DmhurBiOtrnA4Qqqb6Lr9_jT4B9","1f9Wk0M4fXWlsQwETDWgGzHk0DOmuKZC2",0,image/jpeg,282232,active,,"2025-09-15 04:15:17","2025-09-15 04:15:17"
AUS118115,5213,18609,18115,7,JPEG_20250906_101549_5505426518928206501.jpg,diploma_18609_0.jpg,"1g1eVRKBw2G3NThp-9ek4h38w80hObQtb","1GFVO-CqciRL7vYfIyxpambnPVYtj4y7f",0,image/jpeg,144797,active,,"2025-09-19 04:30:18","2025-09-19 04:30:18"
AUH120269,5214,20782,20269,1,"333.jpeg",id_card_front_20782_0.jpeg,"1XDFrWelWGxahOKpkdva4PkFzwHaJC9eI","1rB7oz4FK9A8GOx0iXI3Wf40UbPBw1Flh",0,image/jpeg,200535,active,,"2025-09-19 11:25:51","2025-09-19 11:25:51"
AUH120269,5215,20782,20269,2,"334.jpeg",id_card_back_20782_0.jpeg,"185sTPOGfelvpPDgZZTbIfVDH_aXpxRLM","1rB7oz4FK9A8GOx0iXI3Wf40UbPBw1Flh",0,image/jpeg,195102,active,,"2025-09-19 11:26:03","2025-09-19 11:26:03"
AUH120269,5216,20782,20269,3,IMG_0352.jpeg,transcript_20782_0.jpeg,"1GRlk5JgIsCdHbjG4sTqhJikIsmi1BpDY","1rB7oz4FK9A8GOx0iXI3Wf40UbPBw1Flh",0,image/jpeg,197632,active,,"2025-09-19 11:33:33","2025-09-19 11:33:33"
AUH120269,5217,20782,20269,3,IMG_0353.jpeg,transcript_20782_0.jpeg,"1t5cvZgkx5MRLE5049x6jXXgHAIAXl3G3","1rB7oz4FK9A8GOx0iXI3Wf40UbPBw1Flh",0,image/jpeg,137569,active,,"2025-09-19 11:33:35","2025-09-19 11:33:35"
AUH120269,5221,20782,20269,6,Bản học bạ12 Hà Rùa.pdf,transcript_1_20782_0.pdf,"145HNeDIddgAVzP0Nr_GJfW_GkB4Hr9Do","1rB7oz4FK9A8GOx0iXI3Wf40UbPBw1Flh",0,application/pdf,1458854,active,,"2025-09-20 15:45:55","2025-09-20 15:45:55"
AUH120269,5222,20782,20269,7,Bằng tốt nghiệp THPT.pdf,diploma_20782_0.pdf,"1gwlY5387Nnw9kWacLBLZ5WLEUi-Fmpo5","1rB7oz4FK9A8GOx0iXI3Wf40UbPBw1Flh",0,application/pdf,509819,active,,"2025-09-20 16:02:06","2025-09-20 16:02:06"
AUH120269,5224,20782,20269,11,Honorary credential.pdf,other_achievements_2_20782_1.pdf,"1eEKRmOMXYU5MjpLmexXUOR2bIJwvTOcr","1rB7oz4FK9A8GOx0iXI3Wf40UbPBw1Flh",1,application/pdf,800738,active,,"2025-09-20 16:14:32","2025-09-20 16:14:32"
AUH120269,5225,20782,20269,11,Tocfl.pdf,other_achievements_2_20782_2.pdf,"1_jr8I73t2ygH15m3yBJ90HBsAhBpgO4u","1rB7oz4FK9A8GOx0iXI3Wf40UbPBw1Flh",2,application/pdf,1092182,active,,"2025-09-20 16:16:33","2025-09-20 16:16:33"
AUH120269,5226,20782,20269,11,cretificate of occupational skill level.pdf,other_achievements_2_20782_3.pdf,"1mUYWG_MtUxbE-rVHYvX_IFgHRhz2GkBL","1rB7oz4FK9A8GOx0iXI3Wf40UbPBw1Flh",3,application/pdf,2173652,active,,"2025-09-20 17:36:55","2025-09-20 17:36:55"
AUS118115,5227,18609,18115,6,"17586722881572812072587075115739.jpg",transcript_1_18609_0.jpg,"1RoedRhG9xpYh2vzPvcE8Y8wGrAh22iDs","1GFVO-CqciRL7vYfIyxpambnPVYtj4y7f",0,image/jpeg,162150,active,,"2025-09-24 00:05:06","2025-09-24 00:05:06"
AUS118115,5228,18609,18115,6,"17586723029964633460066143381993.jpg",transcript_1_18609_1.jpg,"1bNK2IfWuifTr8opMpcVEyNGD7VGdcWMg","1GFVO-CqciRL7vYfIyxpambnPVYtj4y7f",1,image/jpeg,132943,active,,"2025-09-24 00:05:21","2025-09-24 00:05:21"
AUS118115,5229,18609,18115,6,"17586723199029064528063416881763.jpg",transcript_1_18609_2.jpg,"1QOWu1FmtFfIzRjyur7RolpVRs139IiOe","1GFVO-CqciRL7vYfIyxpambnPVYtj4y7f",2,image/jpeg,148693,active,,"2025-09-24 00:05:33","2025-09-24 00:05:33"
AUH120339,5234,20852,20339,1,z7048312506616_799ed0c8967112eabf7bec3cf29d3a4a.jpg,id_card_front_20852_0.jpg,"1XtqKVjyjP2ZUfMOVqYZ1KJWGd_NIQM4G","1P1dUXuR0DEUyVXhobXDA6w_OOzi6w8jJ",0,image/jpeg,74242,active,,"2025-09-25 05:16:14","2025-09-25 05:16:14"
AUH120339,5235,20852,20339,2,z7048312507207_925ef967d52f9ba536196def352fee14.jpg,id_card_back_20852_0.jpg,"1qjQbYBRNdTYuQ8HL2z8_98s_1_390xxL","1P1dUXuR0DEUyVXhobXDA6w_OOzi6w8jJ",0,image/jpeg,94249,active,,"2025-09-25 05:16:55","2025-09-25 05:16:55"
AUH120339,5236,20852,20339,3,CamScanner 25-09-2025 12.18.pdf,transcript_20852_0.pdf,"1-yZWmr2gZfhIlgmH4M_XPWeDb9mALtSW","1P1dUXuR0DEUyVXhobXDA6w_OOzi6w8jJ",0,application/pdf,577169,active,,"2025-09-25 05:19:54","2025-09-25 05:19:54"
AUH120339,5237,2566,20339,7,bằng tn.jpg,diploma_2566_3.jpg,"1cEVkYtNM3bhqXtPqYZzTZm3oMWt7bni8","1w_L0SUd6jP01ZMym53Y7TTHhus5Ubb5Q",3,image/jpeg,118795,active,,"2025-09-25 07:31:38","2025-09-25 07:31:38"
AUH120339,5238,20852,20339,6,CamScanner 25-09-2025 12.18.pdf,transcript_1_20852_0.pdf,"1FF10RzwOrUblm8K36v5yYddDw0jnEiUa","1P1dUXuR0DEUyVXhobXDA6w_OOzi6w8jJ",0,application/pdf,577169,active,,"2025-09-26 01:25:47","2025-09-26 01:25:47"
AUH120849,5366,21507,20849,1,IMG_4918.jpeg,id_card_front_21507_0.jpeg,"1NMZi_TqJ7UF9ZUeTACNjYn0V0-TDJTgm","1BjRQRMizfXngEYNXDePrrSLplM4YmHFU",0,image/jpeg,201683,active,,"2025-11-03 03:37:39","2025-11-03 03:37:39"
AUH120849,5367,21507,20849,2,IMG_5585.jpeg,id_card_back_21507_0.jpeg,"1gxbbUHSKndUHQ_Kko1GFHpOHN57sQFaP","1BjRQRMizfXngEYNXDePrrSLplM4YmHFU",0,image/jpeg,274174,active,,"2025-11-03 03:38:06","2025-11-03 03:38:06"
AUH120849,5368,21507,20849,3,IMG_8716.jpeg,transcript_21507_0.jpeg,"1fkpANUMLsWhl7MvrurXxoh4pJmE9BUjf","1BjRQRMizfXngEYNXDePrrSLplM4YmHFU",0,image/jpeg,104445,active,,"2025-11-03 03:41:43","2025-11-03 03:41:43"
AUS120583,5399,21173,20583,1,b36f4bd002a1b0b812c1c675ff281ce1.jpeg,id_card_front_21173_0.jpeg,"1Nq3KNmeGT3FkZ0NxbqSYIQ69nVxlAS51","10fMSD352JOZTzAoY3ngXdSgJ--X4H5KO",0,image/jpeg,387427,active,,"2025-11-10 03:05:45","2025-11-10 03:05:45"
AUS120583,5400,21173,20583,2,"1035e19d4e68bc9efd2bf8a04b5b44b5.jpeg",id_card_back_21173_0.jpeg,"1GnoqybAboQAv-KdLBJkwGnrbs5ul9ZXp","10fMSD352JOZTzAoY3ngXdSgJ--X4H5KO",0,image/jpeg,417634,active,,"2025-11-10 03:05:52","2025-11-10 03:05:52"
AUS120583,5402,21173,20583,5,IMG_5608.jpeg,other_achievements_21173_0.jpeg,"1OfTUeOusiWePQShRmVa8ZQTigKkvkq4v","10fMSD352JOZTzAoY3ngXdSgJ--X4H5KO",0,image/jpeg,284103,active,,"2025-11-10 03:06:11","2025-11-10 03:06:11"
AUH121620,5552,22473,21620,1,CamScanner 22-11-25 10.28_1.jpeg,id_card_front_22473_0.jpeg,"1Cn8OetJCoewMn9H0J0ynZLpFypHDPsZa","1Uu1fqc6ZCT7dckRlqePwQFvQP6MQZoty",0,image/jpeg,246964,active,,"2025-11-22 03:32:14","2025-11-22 03:32:14"
AUH121620,5553,22473,21620,2,CamScanner 22-11-25 10.29_1.jpeg,id_card_back_22473_0.jpeg,"1cc9CVQVWEL64yopbIVgUDNemgzkmBmEZ","1Uu1fqc6ZCT7dckRlqePwQFvQP6MQZoty",0,image/jpeg,247106,active,,"2025-11-22 03:32:25","2025-11-22 03:32:25"
AUH121620,5554,22473,21620,3,CamScanner 22-11-25 10.30(1)_1.jpeg,transcript_22473_0.jpeg,"1zP1skkt23ixpPd8sHzvrOaVt8M4JAzkF","1Uu1fqc6ZCT7dckRlqePwQFvQP6MQZoty",0,image/jpeg,187808,active,,"2025-11-22 03:32:33","2025-11-22 03:32:33"
AUH121620,5555,22473,21620,4,CamScanner 22-11-25 10.30_1.jpeg,english_certificate_22473_0.jpeg,"1pBRE7NyBo4-FpjpJO5Woona_yzYj27YS","1Uu1fqc6ZCT7dckRlqePwQFvQP6MQZoty",0,image/jpeg,299397,active,,"2025-11-22 03:32:38","2025-11-22 03:32:38"
AUS121787,5803,22653,21787,2,IMG_20251205_204454.jpg,id_card_back_22653_0.jpg,"1dki1BOz_jYHKRjUUBLVJoViZLv37wxbB","1aajhb9_HBJ-f_6BAtTtOz43T0Y1JHAIM",0,image/jpeg,131143,active,,"2025-12-05 13:45:22","2025-12-05 13:45:22"
AUS121787,5806,22653,21787,1,"17649541833756332259256989328391.jpg",id_card_front_22653_0.jpg,"1kirIvFEf_GiOFqMCq6AnXRW96i4bghQV","1aajhb9_HBJ-f_6BAtTtOz43T0Y1JHAIM",0,image/jpeg,127465,active,,"2025-12-05 17:03:26","2025-12-05 17:03:26"
AUS121787,5807,22653,21787,3,IMG_20251206_000349.jpg,transcript_22653_0.jpg,"1faMeR3vyZQjGtnuQ6JmuT7KESRKgmagE","1aajhb9_HBJ-f_6BAtTtOz43T0Y1JHAIM",0,image/jpeg,132126,active,,"2025-12-05 17:04:01","2025-12-05 17:04:01"
AUS120583,5813,21173,20583,3,IMG_5790.jpeg,transcript_21173_0.jpeg,"1X-Lp4ighNsc79scKUqLaB4ULDmiSzqmm","10fMSD352JOZTzAoY3ngXdSgJ--X4H5KO",0,image/jpeg,242796,active,,"2025-12-06 05:07:49","2025-12-06 05:07:49"
AUS123298,6029,24165,23298,1,image.jpg,id_card_front_24165_0.jpg,"1flBNa-WHHV-_Dzf_xJ_MBwqtdhVYovGR","1PPTbpTCpDKemcA0cZlI0lDL9ZFG57eoF",0,image/jpeg,381200,active,,"2025-12-22 12:57:40","2025-12-22 12:57:40"
AUS123298,6030,24165,23298,2,image.jpg,id_card_back_24165_0.jpg,"10dN-L4Z-OPaqGBsZhLJnAakTK8tYVY_P","1PPTbpTCpDKemcA0cZlI0lDL9ZFG57eoF",0,image/jpeg,328075,active,,"2025-12-22 12:58:00","2025-12-22 12:58:00"
AUS123298,6031,24165,23298,3,Hồ sơ Trần Phước Hoàng (1).pdf,transcript_24165_0.pdf,"1WujBCsSSvdEcp1zICTv_4ZIP6fDtHxiH","1PPTbpTCpDKemcA0cZlI0lDL9ZFG57eoF",0,application/pdf,1916740,active,,"2025-12-22 12:58:07","2025-12-22 12:58:07"
AUS123298,6064,24165,23298,4,IELTS®.pdf,english_certificate_24165_0.pdf,"1HO8O-BkDUyDMXalaBCKmkNTTN4lZc2aV","1PPTbpTCpDKemcA0cZlI0lDL9ZFG57eoF",0,application/pdf,5945788,active,,"2025-12-23 12:21:04","2025-12-23 12:21:04"
AUH14955,6389,6510,4955,2,Ảnh màn hình 2026-01-22 lúc 09.38.49.png,id_card_back_6510_5.png,"1VafWBKo99rlHuxI5StduSkwCUSyaE6Ah","1Cgcj6W0KUDmXsCJTTI09or5kYi2x7eyu",5,image/png,991210,active,,"2026-01-22 02:39:54","2026-01-22 02:39:54"
AUH14955,6390,6510,4955,1,Ảnh màn hình 2026-01-22 lúc 09.38.45.png,id_card_front_6510_5.png,"1u0hWHM9aR3G1fua9UiISbghTAVahR6eY","1Cgcj6W0KUDmXsCJTTI09or5kYi2x7eyu",5,image/png,982313,active,,"2026-01-22 02:40:12","2026-01-22 02:40:12"
AUH14955,6391,6510,4955,3,Ảnh màn hình 2026-01-22 lúc 09.24.55.png,transcript_6510_7.png,"1mlyV3fVk-Tjkx10lBJ0Z3FROh2DNI2lq","1Cgcj6W0KUDmXsCJTTI09or5kYi2x7eyu",7,image/png,1047176,active,,"2026-01-22 02:40:17","2026-01-22 02:40:17"
AUH14955,6395,6510,4955,7,Ảnh màn hình 2026-01-22 lúc 10.58.14.png,diploma_6510_1.png,"1Bd5HOZzIzMCVpbL-n41U8Y9Y5syVLSQI","1Cgcj6W0KUDmXsCJTTI09or5kYi2x7eyu",1,image/png,1020624,active,,"2026-01-22 03:58:26","2026-01-22 03:58:26"
AUH10710,6401,6510,710,7,Ảnh màn hình 2026-01-22 lúc 11.54.37.png,diploma_6510_2.png,"19FQ4m2nyuTEgZES1ns1IO-qTh4n_bO_k","1Cgcj6W0KUDmXsCJTTI09or5kYi2x7eyu",2,image/png,1273680,active,,"2026-01-22 04:55:01","2026-01-22 04:55:01"
AUH10710,6402,6510,710,3,Ảnh màn hình 2026-01-22 lúc 11.54.34.png,transcript_6510_8.png,"1DQ_ZogHY9NlXRiC9_8dMMouhufPAwkYk","1Cgcj6W0KUDmXsCJTTI09or5kYi2x7eyu",8,image/png,1199513,active,,"2026-01-22 04:55:03","2026-01-22 04:55:03"
AUH10710,6403,6510,710,6,Ảnh màn hình 2026-01-22 lúc 11.54.30.png,transcript_1_6510_1.png,"12bBTZMjfxLx7Wifj2GBrbIqHQdv0Ca60","1Cgcj6W0KUDmXsCJTTI09or5kYi2x7eyu",1,image/png,1139518,active,,"2026-01-22 04:55:05","2026-01-22 04:55:05"
AUH10710,6404,6510,710,4,Ảnh màn hình 2026-01-22 lúc 11.54.22.png,english_certificate_6510_6.png,"1TVGfhyWG0OU7v8t7u-Vtgf6Fu63JDZ_x","1Cgcj6W0KUDmXsCJTTI09or5kYi2x7eyu",6,image/png,857903,active,,"2026-01-22 04:55:08","2026-01-22 04:55:08"
AUH10710,6406,6510,710,9,Ảnh màn hình 2026-01-22 lúc 11.54.22.png,english_certificare_6510_3.png,"199d807eP8BzQmzdwhn-AGoy3158NOMi9","1Cgcj6W0KUDmXsCJTTI09or5kYi2x7eyu",3,image/png,857903,active,,"2026-01-22 04:55:11","2026-01-22 04:55:11"
AUH10710,6407,6510,710,12,Ảnh màn hình 2026-01-22 lúc 11.54.15.png,other_achievements_1_6510_0.png,"1R4C1UB9lxYyZrjCUJo8kijF1XLLSFw3Z","1Cgcj6W0KUDmXsCJTTI09or5kYi2x7eyu",0,image/png,962116,active,,"2026-01-22 04:55:14","2026-01-22 04:55:14"
AUH10710,6408,6510,710,5,Ảnh màn hình 2026-01-22 lúc 11.53.57.png,other_achievements_6510_0.png,"1R51bvrxihvi1Ah2fv6WPSzYtoVpQYcIv","1Cgcj6W0KUDmXsCJTTI09or5kYi2x7eyu",0,image/png,867379,active,,"2026-01-22 04:55:20","2026-01-22 04:55:20"
AUH10710,6409,6510,710,11,Ảnh màn hình 2026-01-22 lúc 11.54.04.png,other_achievements_2_6510_0.png,"10sk49kkxX1I1U-NGJN_pcJAwxjP-swJS","1Cgcj6W0KUDmXsCJTTI09or5kYi2x7eyu",0,image/png,1116107,active,,"2026-01-22 04:55:24","2026-01-22 04:55:24"
